solid 
facet normal -0 0 1
 outer loop
  vertex 171.82025 -662.57434 25.324957
  vertex 171.82025 -643.27466 25.324957
  vertex 113.82025 -662.57434 25.324957
 endloop
endfacet
facet normal -0 0 1
 outer loop
  vertex 113.82025 -662.57434 25.324957
  vertex 171.82025 -643.27466 25.324957
  vertex 162.42035 -643.27466 25.324957
 endloop
endfacet
facet normal 0 -0 1
 outer loop
  vertex 147.6203 -633.27466 25.324957
  vertex 133.6203 -633.27466 25.324957
  vertex 162.42035 -643.27466 25.324957
 endloop
endfacet
facet normal -0 0 1
 outer loop
  vertex 162.42035 -643.27466 25.324957
  vertex 133.6203 -633.27466 25.324957
  vertex 133.6203 -646.87463 25.324957
 endloop
endfacet
facet normal 0 0 1
 outer loop
  vertex 162.42035 -643.27466 25.324957
  vertex 133.6203 -646.87463 25.324957
  vertex 113.82025 -662.57434 25.324957
 endloop
endfacet
facet normal -0 0 1
 outer loop
  vertex 113.82025 -662.57434 25.324957
  vertex 133.6203 -646.87463 25.324957
  vertex 119.62029 -646.87463 25.324957
 endloop
endfacet
facet normal -9.834054e-08 3.633056e-08 1
 outer loop
  vertex 113.82025 -662.57434 25.324957
  vertex 119.62029 -646.87463 25.324957
  vertex 113.82024 -557.5747 25.324953
 endloop
endfacet
facet normal 6.206209e-08 4.674876e-08 1
 outer loop
  vertex 113.82024 -557.5747 25.324953
  vertex 119.62029 -646.87463 25.324957
  vertex 119.620285 -565.27466 25.324953
 endloop
endfacet
facet normal 0 0 1
 outer loop
  vertex 113.82024 -557.5747 25.324953
  vertex 119.620285 -565.27466 25.324953
  vertex 162.42033 -557.5747 25.324953
 endloop
endfacet
facet normal 0 -0 1
 outer loop
  vertex 162.42033 -557.5747 25.324953
  vertex 119.620285 -565.27466 25.324953
  vertex 147.62029 -565.27466 25.324953
 endloop
endfacet
facet normal -2.3158174e-08 4.4512245e-08 1
 outer loop
  vertex 162.42033 -557.5747 25.324953
  vertex 147.62029 -565.27466 25.324953
  vertex 162.42035 -643.27466 25.324957
 endloop
endfacet
facet normal 3.7904265e-08 5.6098497e-08 1
 outer loop
  vertex 162.42035 -643.27466 25.324957
  vertex 147.62029 -565.27466 25.324953
  vertex 147.6203 -633.27466 25.324957
 endloop
endfacet
facet normal 1 0 0
 outer loop
  vertex 147.1203 -619.6747 35.324955
  vertex 147.1203 -633.27466 35.324955
  vertex 147.1203 -633.27466 32.324955
 endloop
endfacet
facet normal 1 -0 0
 outer loop
  vertex 147.12029 -565.27466 32.32495
  vertex 147.12029 -565.27466 35.32495
  vertex 147.12029 -566.26965 35.32495
 endloop
endfacet
facet normal 1 -0 -0
 outer loop
  vertex 147.12029 -566.26965 35.32495
  vertex 147.12029 -578.87463 35.324955
  vertex 147.12029 -565.27466 32.32495
 endloop
endfacet
facet normal 1 -0 0
 outer loop
  vertex 147.12029 -565.27466 32.32495
  vertex 147.12029 -578.87463 35.324955
  vertex 147.12029 -592.4746 35.324955
 endloop
endfacet
facet normal 1 2.2439407e-07 2.0345e-06
 outer loop
  vertex 147.12029 -565.27466 32.32495
  vertex 147.12029 -592.4746 35.324955
  vertex 147.1203 -633.27466 32.324955
 endloop
endfacet
facet normal 1 -0 5.086263e-06
 outer loop
  vertex 147.1203 -633.27466 32.324955
  vertex 147.12029 -592.4746 35.324955
  vertex 147.12029 -606.0747 35.324955
 endloop
endfacet
facet normal 1 1.1219718e-06 -5.086263e-06
 outer loop
  vertex 147.1203 -633.27466 32.324955
  vertex 147.12029 -606.0747 35.324955
  vertex 147.1203 -619.6747 35.324955
 endloop
endfacet
facet normal -1 -0 -0
 outer loop
  vertex 120.12029 -646.87463 32.324955
  vertex 120.12029 -646.87463 35.324955
  vertex 120.12029 -633.27466 35.324955
 endloop
endfacet
facet normal -1 0 2.5431286e-06
 outer loop
  vertex 120.12029 -592.4746 35.324955
  vertex 120.120285 -565.27466 32.32495
  vertex 120.12029 -606.0747 35.324955
 endloop
endfacet
facet normal -1 -9.3497455e-08 1.2715631e-06
 outer loop
  vertex 120.12029 -606.0747 35.324955
  vertex 120.120285 -565.27466 32.32495
  vertex 120.12029 -646.87463 32.324955
 endloop
endfacet
facet normal -1 0 -0
 outer loop
  vertex 120.12029 -606.0747 35.324955
  vertex 120.12029 -646.87463 32.324955
  vertex 120.12029 -619.6747 35.324955
 endloop
endfacet
facet normal -1 0 -0
 outer loop
  vertex 120.12029 -619.6747 35.324955
  vertex 120.12029 -646.87463 32.324955
  vertex 120.12029 -633.27466 35.324955
 endloop
endfacet
facet normal -1 0 2.5431282e-06
 outer loop
  vertex 120.12029 -592.4746 35.324955
  vertex 120.12029 -578.87463 35.324955
  vertex 120.120285 -565.27466 32.32495
 endloop
endfacet
facet normal -1 -6.052683e-07 -2.0074634e-07
 outer loop
  vertex 120.120285 -565.27466 32.32495
  vertex 120.12029 -578.87463 35.324955
  vertex 120.120285 -566.26965 35.32495
 endloop
endfacet
facet normal -1 -0 -0
 outer loop
  vertex 120.120285 -565.27466 32.32495
  vertex 120.120285 -566.26965 35.32495
  vertex 120.120285 -565.27466 35.32495
 endloop
endfacet
facet normal 1 0 -0
 outer loop
  vertex 171.82025 -643.27466 25.324957
  vertex 171.82025 -662.57434 25.324957
  vertex 171.82025 -643.27466 12.324955
 endloop
endfacet
facet normal 1 -0 0
 outer loop
  vertex 171.82025 -643.27466 12.324955
  vertex 171.82025 -662.57434 25.324957
  vertex 171.82025 -662.57434 0.3249573
 endloop
endfacet
facet normal 1 2.0024667e-07 -3.2205816e-07
 outer loop
  vertex 171.82025 -643.27466 12.324955
  vertex 171.82025 -662.57434 0.3249573
  vertex 171.82024 -567.0747 12.324952
 endloop
endfacet
facet normal 1 1.5977851e-07 0
 outer loop
  vertex 171.82024 -567.0747 12.324952
  vertex 171.82025 -662.57434 0.3249573
  vertex 171.82024 -567.0747 0.32495314
 endloop
endfacet
facet normal -0 1 0
 outer loop
  vertex 171.82024 -567.0747 12.324952
  vertex 171.82024 -567.0747 0.32495314
  vertex 162.42033 -567.0747 12.324952
 endloop
endfacet
facet normal 0 1 -0
 outer loop
  vertex 162.42033 -567.0747 12.324952
  vertex 171.82024 -567.0747 0.32495314
  vertex 162.42033 -567.0747 0.32495314
 endloop
endfacet
facet normal 1 0 0
 outer loop
  vertex 162.42033 -567.0747 0.32495314
  vertex 162.42033 -557.5747 0.32495272
  vertex 162.42033 -567.0747 12.324952
 endloop
endfacet
facet normal 1 0 0
 outer loop
  vertex 162.42033 -567.0747 12.324952
  vertex 162.42033 -557.5747 0.32495272
  vertex 162.42033 -557.5747 25.324953
 endloop
endfacet
facet normal 1 2.0024669e-07 -1.4633412e-07
 outer loop
  vertex 162.42033 -567.0747 12.324952
  vertex 162.42033 -557.5747 25.324953
  vertex 162.42035 -643.27466 12.324955
 endloop
endfacet
facet normal 1 1.7804896e-07 0
 outer loop
  vertex 162.42035 -643.27466 12.324955
  vertex 162.42033 -557.5747 25.324953
  vertex 162.42035 -643.27466 25.324957
 endloop
endfacet
facet normal 0 1 -0
 outer loop
  vertex 113.82024 -557.5747 25.324953
  vertex 162.42033 -557.5747 25.324953
  vertex 113.82024 -557.5747 0.32495272
 endloop
endfacet
facet normal 0 1 -0
 outer loop
  vertex 113.82024 -557.5747 0.32495272
  vertex 162.42033 -557.5747 25.324953
  vertex 162.42033 -557.5747 0.32495272
 endloop
endfacet
facet normal -1 -1.453223e-07 0
 outer loop
  vertex 113.82025 -662.57434 25.324957
  vertex 113.82024 -557.5747 25.324953
  vertex 113.82025 -662.57434 0.3249573
 endloop
endfacet
facet normal -1 -1.4532232e-07 0
 outer loop
  vertex 113.82025 -662.57434 0.3249573
  vertex 113.82024 -557.5747 25.324953
  vertex 113.82024 -557.5747 0.32495272
 endloop
endfacet
facet normal 0 -1 0
 outer loop
  vertex 171.82025 -662.57434 25.324957
  vertex 113.82025 -662.57434 25.324957
  vertex 171.82025 -662.57434 0.3249573
 endloop
endfacet
facet normal 0 -1 0
 outer loop
  vertex 171.82025 -662.57434 0.3249573
  vertex 113.82025 -662.57434 25.324957
  vertex 113.82025 -662.57434 0.3249573
 endloop
endfacet
facet normal 0 -4.3689436e-08 -1
 outer loop
  vertex 171.82024 -567.0747 0.32495314
  vertex 171.82025 -662.57434 0.3249573
  vertex 162.42033 -567.0747 0.32495314
 endloop
endfacet
facet normal 0 -4.368944e-08 -1
 outer loop
  vertex 162.42033 -567.0747 0.32495314
  vertex 171.82025 -662.57434 0.3249573
  vertex 113.82025 -662.57434 0.3249573
 endloop
endfacet
facet normal 4.5146487e-10 -4.3919204e-08 -1
 outer loop
  vertex 162.42033 -567.0747 0.32495314
  vertex 113.82025 -662.57434 0.3249573
  vertex 162.42033 -557.5747 0.32495272
 endloop
endfacet
facet normal 0 -4.3710227e-08 -1
 outer loop
  vertex 162.42033 -557.5747 0.32495272
  vertex 113.82025 -662.57434 0.3249573
  vertex 113.82024 -557.5747 0.32495272
 endloop
endfacet
facet normal 0 1 0
 outer loop
  vertex 119.620285 -565.27466 25.324953
  vertex 119.620285 -565.27466 32.32495
  vertex 120.120285 -565.27466 32.32495
 endloop
endfacet
facet normal 0 1 -0
 outer loop
  vertex 146.15031 -565.27466 35.32495
  vertex 147.12029 -565.27466 35.32495
  vertex 147.12029 -565.27466 32.32495
 endloop
endfacet
facet normal 0 1 0
 outer loop
  vertex 119.620285 -565.27466 25.324953
  vertex 120.120285 -565.27466 32.32495
  vertex 147.62029 -565.27466 25.324953
 endloop
endfacet
facet normal 0 1 0
 outer loop
  vertex 147.62029 -565.27466 25.324953
  vertex 120.120285 -565.27466 32.32495
  vertex 147.12029 -565.27466 32.32495
 endloop
endfacet
facet normal 0 1 0
 outer loop
  vertex 147.62029 -565.27466 25.324953
  vertex 147.12029 -565.27466 32.32495
  vertex 147.62029 -565.27466 32.32495
 endloop
endfacet
facet normal -0 1 -0
 outer loop
  vertex 146.15031 -565.27466 35.32495
  vertex 147.12029 -565.27466 32.32495
  vertex 133.62029 -565.27466 35.32495
 endloop
endfacet
facet normal 0 1 -0
 outer loop
  vertex 133.62029 -565.27466 35.32495
  vertex 147.12029 -565.27466 32.32495
  vertex 120.120285 -565.27466 32.32495
 endloop
endfacet
facet normal -0 1 0
 outer loop
  vertex 133.62029 -565.27466 35.32495
  vertex 120.120285 -565.27466 32.32495
  vertex 120.120285 -565.27466 35.32495
 endloop
endfacet
facet normal -0 -1 0
 outer loop
  vertex 119.62029 -646.87463 32.324955
  vertex 119.62029 -646.87463 25.324957
  vertex 120.12029 -646.87463 32.324955
 endloop
endfacet
facet normal 0 -1 0
 outer loop
  vertex 120.12029 -646.87463 32.324955
  vertex 119.62029 -646.87463 25.324957
  vertex 133.6203 -646.87463 25.324957
 endloop
endfacet
facet normal -0 -1 -0
 outer loop
  vertex 120.12029 -646.87463 32.324955
  vertex 133.6203 -646.87463 25.324957
  vertex 120.12029 -646.87463 35.324955
 endloop
endfacet
facet normal -0 -1 -0
 outer loop
  vertex 120.12029 -646.87463 35.324955
  vertex 133.6203 -646.87463 25.324957
  vertex 133.6203 -646.87463 35.324955
 endloop
endfacet
facet normal 1 0 -0
 outer loop
  vertex 133.6203 -633.27466 35.324955
  vertex 133.6203 -646.87463 35.324955
  vertex 133.6203 -633.27466 25.324957
 endloop
endfacet
facet normal 1 -0 0
 outer loop
  vertex 133.6203 -633.27466 25.324957
  vertex 133.6203 -646.87463 35.324955
  vertex 133.6203 -646.87463 25.324957
 endloop
endfacet
facet normal 0 -1 0
 outer loop
  vertex 146.15033 -633.27466 35.324955
  vertex 133.6203 -633.27466 35.324955
  vertex 133.6203 -633.27466 25.324957
 endloop
endfacet
facet normal 0 -1 0
 outer loop
  vertex 147.1203 -633.27466 35.324955
  vertex 146.15033 -633.27466 35.324955
  vertex 147.1203 -633.27466 32.324955
 endloop
endfacet
facet normal 0 -1 0
 outer loop
  vertex 147.1203 -633.27466 32.324955
  vertex 146.15033 -633.27466 35.324955
  vertex 133.6203 -633.27466 25.324957
 endloop
endfacet
facet normal -0 -1 0
 outer loop
  vertex 147.1203 -633.27466 32.324955
  vertex 133.6203 -633.27466 25.324957
  vertex 147.6203 -633.27466 32.324955
 endloop
endfacet
facet normal 0 -1 0
 outer loop
  vertex 147.6203 -633.27466 32.324955
  vertex 133.6203 -633.27466 25.324957
  vertex 147.6203 -633.27466 25.324957
 endloop
endfacet
facet normal -0 0 1
 outer loop
  vertex 147.12029 -566.26965 35.32495
  vertex 147.12029 -565.27466 35.32495
  vertex 146.15031 -565.27466 35.32495
 endloop
endfacet
facet normal -0 3.0263413e-07 1
 outer loop
  vertex 147.12029 -566.26965 35.32495
  vertex 146.15031 -566.26965 35.32495
  vertex 147.12029 -578.87463 35.324955
 endloop
endfacet
facet normal 0 3.0263413e-07 1
 outer loop
  vertex 147.12029 -578.87463 35.324955
  vertex 146.15031 -566.26965 35.32495
  vertex 146.15031 -578.87463 35.324955
 endloop
endfacet
facet normal 0 -0 1
 outer loop
  vertex 147.12029 -578.87463 35.324955
  vertex 146.15031 -578.87463 35.324955
  vertex 147.12029 -592.4746 35.324955
 endloop
endfacet
facet normal -0 0 1
 outer loop
  vertex 147.12029 -592.4746 35.324955
  vertex 146.15031 -578.87463 35.324955
  vertex 146.15031 -592.4746 35.324955
 endloop
endfacet
facet normal 0 -0 1
 outer loop
  vertex 147.12029 -592.4746 35.324955
  vertex 146.15031 -592.4746 35.324955
  vertex 147.12029 -606.0747 35.324955
 endloop
endfacet
facet normal -0 0 1
 outer loop
  vertex 147.12029 -606.0747 35.324955
  vertex 146.15031 -592.4746 35.324955
  vertex 146.15031 -606.0747 35.324955
 endloop
endfacet
facet normal 0 -0 1
 outer loop
  vertex 147.12029 -606.0747 35.324955
  vertex 146.15031 -606.0747 35.324955
  vertex 147.1203 -619.6747 35.324955
 endloop
endfacet
facet normal -0 -0 1
 outer loop
  vertex 147.1203 -619.6747 35.324955
  vertex 146.15031 -606.0747 35.324955
  vertex 146.15033 -619.6747 35.324955
 endloop
endfacet
facet normal 0 -0 1
 outer loop
  vertex 147.1203 -619.6747 35.324955
  vertex 146.15033 -619.6747 35.324955
  vertex 147.1203 -633.27466 35.324955
 endloop
endfacet
facet normal -0 0 1
 outer loop
  vertex 147.1203 -633.27466 35.324955
  vertex 146.15033 -619.6747 35.324955
  vertex 146.15033 -633.27466 35.324955
 endloop
endfacet
facet normal 0 0 1
 outer loop
  vertex 144.53632 -624.0697 35.324955
  vertex 144.89032 -624.8297 35.324955
  vertex 146.15033 -619.6747 35.324955
 endloop
endfacet
facet normal -0 0 1
 outer loop
  vertex 136.20428 -628.87964 35.324955
  vertex 135.85028 -628.1196 35.324955
  vertex 133.6203 -633.27466 35.324955
 endloop
endfacet
facet normal -0 0 1
 outer loop
  vertex 135.85028 -628.1196 35.324955
  vertex 135.63336 -627.3097 35.324955
  vertex 133.6203 -633.27466 35.324955
 endloop
endfacet
facet normal 0 0 1
 outer loop
  vertex 133.6203 -633.27466 35.324955
  vertex 135.63336 -627.3097 35.324955
  vertex 135.56036 -626.4746 35.324955
 endloop
endfacet
facet normal 0 0 1
 outer loop
  vertex 133.6203 -633.27466 35.324955
  vertex 135.56036 -626.4746 35.324955
  vertex 133.6203 -619.6747 35.324955
 endloop
endfacet
facet normal 0 0 1
 outer loop
  vertex 133.6203 -619.6747 35.324955
  vertex 135.56036 -626.4746 35.324955
  vertex 135.63336 -625.6387 35.324955
 endloop
endfacet
facet normal 0 0 1
 outer loop
  vertex 133.6203 -619.6747 35.324955
  vertex 135.63336 -625.6387 35.324955
  vertex 135.85028 -624.8297 35.324955
 endloop
endfacet
facet normal 0 0 1
 outer loop
  vertex 142.01532 -621.9547 35.324955
  vertex 142.77533 -622.3087 35.324955
  vertex 146.15033 -619.6747 35.324955
 endloop
endfacet
facet normal 0 0 1
 outer loop
  vertex 133.6203 -619.6747 35.324955
  vertex 139.53534 -621.7377 35.324955
  vertex 140.3703 -621.6647 35.324955
 endloop
endfacet
facet normal 0 0 1
 outer loop
  vertex 142.77533 -622.3087 35.324955
  vertex 143.46234 -622.7897 35.324955
  vertex 146.15033 -619.6747 35.324955
 endloop
endfacet
facet normal 0 -0 1
 outer loop
  vertex 146.15033 -619.6747 35.324955
  vertex 143.46234 -622.7897 35.324955
  vertex 144.05536 -623.3827 35.324955
 endloop
endfacet
facet normal 0 -0 1
 outer loop
  vertex 146.15033 -619.6747 35.324955
  vertex 144.05536 -623.3827 35.324955
  vertex 144.53632 -624.0697 35.324955
 endloop
endfacet
facet normal 0 0 1
 outer loop
  vertex 144.89032 -624.8297 35.324955
  vertex 145.10736 -625.6387 35.324955
  vertex 146.15033 -619.6747 35.324955
 endloop
endfacet
facet normal 0 -0 1
 outer loop
  vertex 146.15033 -619.6747 35.324955
  vertex 145.10736 -625.6387 35.324955
  vertex 145.18036 -626.4746 35.324955
 endloop
endfacet
facet normal 0 -0 1
 outer loop
  vertex 146.15033 -619.6747 35.324955
  vertex 145.18036 -626.4746 35.324955
  vertex 146.15033 -633.27466 35.324955
 endloop
endfacet
facet normal -0 0 1
 outer loop
  vertex 146.15033 -633.27466 35.324955
  vertex 145.18036 -626.4746 35.324955
  vertex 145.10736 -627.3097 35.324955
 endloop
endfacet
facet normal 0 0 1
 outer loop
  vertex 135.85028 -624.8297 35.324955
  vertex 136.20428 -624.0697 35.324955
  vertex 133.6203 -619.6747 35.324955
 endloop
endfacet
facet normal 0 0 1
 outer loop
  vertex 133.6203 -619.6747 35.324955
  vertex 136.20428 -624.0697 35.324955
  vertex 136.68536 -623.3827 35.324955
 endloop
endfacet
facet normal 0 0 1
 outer loop
  vertex 133.6203 -619.6747 35.324955
  vertex 136.68536 -623.3827 35.324955
  vertex 137.27826 -622.7897 35.324955
 endloop
endfacet
facet normal 0 0 1
 outer loop
  vertex 133.6203 -619.6747 35.324955
  vertex 140.3703 -621.6647 35.324955
  vertex 146.15033 -619.6747 35.324955
 endloop
endfacet
facet normal 0 -0 1
 outer loop
  vertex 146.15033 -619.6747 35.324955
  vertex 140.3703 -621.6647 35.324955
  vertex 141.20526 -621.7377 35.324955
 endloop
endfacet
facet normal 0 -0 1
 outer loop
  vertex 146.15033 -619.6747 35.324955
  vertex 141.20526 -621.7377 35.324955
  vertex 142.01532 -621.9547 35.324955
 endloop
endfacet
facet normal 0 -0 1
 outer loop
  vertex 145.10736 -627.3097 35.324955
  vertex 144.89032 -628.1196 35.324955
  vertex 146.15033 -633.27466 35.324955
 endloop
endfacet
facet normal -0 0 1
 outer loop
  vertex 146.15033 -633.27466 35.324955
  vertex 144.89032 -628.1196 35.324955
  vertex 144.53632 -628.87964 35.324955
 endloop
endfacet
facet normal -0 0 1
 outer loop
  vertex 146.15033 -633.27466 35.324955
  vertex 144.53632 -628.87964 35.324955
  vertex 144.05536 -629.56665 35.324955
 endloop
endfacet
facet normal -0 0 1
 outer loop
  vertex 138.72528 -630.9946 35.324955
  vertex 137.96527 -630.63965 35.324955
  vertex 133.6203 -633.27466 35.324955
 endloop
endfacet
facet normal 0 0 1
 outer loop
  vertex 137.27826 -622.7897 35.324955
  vertex 137.96527 -622.3087 35.324955
  vertex 133.6203 -619.6747 35.324955
 endloop
endfacet
facet normal 0 0 1
 outer loop
  vertex 133.6203 -619.6747 35.324955
  vertex 137.96527 -622.3087 35.324955
  vertex 138.72528 -621.9547 35.324955
 endloop
endfacet
facet normal 0 0 1
 outer loop
  vertex 133.6203 -619.6747 35.324955
  vertex 138.72528 -621.9547 35.324955
  vertex 139.53534 -621.7377 35.324955
 endloop
endfacet
facet normal -0 0 1
 outer loop
  vertex 137.96527 -630.63965 35.324955
  vertex 137.27826 -630.1587 35.324955
  vertex 133.6203 -633.27466 35.324955
 endloop
endfacet
facet normal 0 0 1
 outer loop
  vertex 133.6203 -633.27466 35.324955
  vertex 137.27826 -630.1587 35.324955
  vertex 136.68536 -629.56665 35.324955
 endloop
endfacet
facet normal 0 0 1
 outer loop
  vertex 133.6203 -633.27466 35.324955
  vertex 136.68536 -629.56665 35.324955
  vertex 136.20428 -628.87964 35.324955
 endloop
endfacet
facet normal 0 -0 1
 outer loop
  vertex 144.05536 -629.56665 35.324955
  vertex 143.46234 -630.1587 35.324955
  vertex 146.15033 -633.27466 35.324955
 endloop
endfacet
facet normal -0 0 1
 outer loop
  vertex 146.15033 -633.27466 35.324955
  vertex 143.46234 -630.1587 35.324955
  vertex 142.77533 -630.63965 35.324955
 endloop
endfacet
facet normal -0 0 1
 outer loop
  vertex 146.15033 -633.27466 35.324955
  vertex 142.77533 -630.63965 35.324955
  vertex 142.01532 -630.9946 35.324955
 endloop
endfacet
facet normal 0 -0 1
 outer loop
  vertex 142.01532 -630.9946 35.324955
  vertex 141.20526 -631.2117 35.324955
  vertex 146.15033 -633.27466 35.324955
 endloop
endfacet
facet normal -0 0 1
 outer loop
  vertex 146.15033 -633.27466 35.324955
  vertex 141.20526 -631.2117 35.324955
  vertex 140.3703 -631.28467 35.324955
 endloop
endfacet
facet normal -0 0 1
 outer loop
  vertex 146.15033 -633.27466 35.324955
  vertex 140.3703 -631.28467 35.324955
  vertex 133.6203 -633.27466 35.324955
 endloop
endfacet
facet normal 0 0 1
 outer loop
  vertex 133.6203 -633.27466 35.324955
  vertex 140.3703 -631.28467 35.324955
  vertex 139.53534 -631.2117 35.324955
 endloop
endfacet
facet normal 0 0 1
 outer loop
  vertex 133.6203 -633.27466 35.324955
  vertex 139.53534 -631.2117 35.324955
  vertex 138.72528 -630.9946 35.324955
 endloop
endfacet
facet normal 0 0 1
 outer loop
  vertex 144.5363 -610.4696 35.324955
  vertex 144.89032 -611.2296 35.324955
  vertex 146.15031 -606.0747 35.324955
 endloop
endfacet
facet normal -0 0 1
 outer loop
  vertex 136.20428 -615.27966 35.324955
  vertex 135.85028 -614.51965 35.324955
  vertex 133.6203 -619.6747 35.324955
 endloop
endfacet
facet normal -0 -0 1
 outer loop
  vertex 135.63336 -612.0387 35.324955
  vertex 133.62029 -606.0747 35.324955
  vertex 135.56036 -612.87463 35.324955
 endloop
endfacet
facet normal -0 -0 1
 outer loop
  vertex 135.56036 -612.87463 35.324955
  vertex 133.62029 -606.0747 35.324955
  vertex 133.6203 -619.6747 35.324955
 endloop
endfacet
facet normal 0 -0 1
 outer loop
  vertex 135.56036 -612.87463 35.324955
  vertex 133.6203 -619.6747 35.324955
  vertex 135.63336 -613.7097 35.324955
 endloop
endfacet
facet normal 0 -0 1
 outer loop
  vertex 135.63336 -613.7097 35.324955
  vertex 133.6203 -619.6747 35.324955
  vertex 135.85028 -614.51965 35.324955
 endloop
endfacet
facet normal 0 0 1
 outer loop
  vertex 135.63336 -612.0387 35.324955
  vertex 135.85028 -611.2296 35.324955
  vertex 133.62029 -606.0747 35.324955
 endloop
endfacet
facet normal 0 0 1
 outer loop
  vertex 133.62029 -606.0747 35.324955
  vertex 135.85028 -611.2296 35.324955
  vertex 136.20427 -610.4696 35.324955
 endloop
endfacet
facet normal 0 0 1
 outer loop
  vertex 133.62029 -606.0747 35.324955
  vertex 136.20427 -610.4696 35.324955
  vertex 136.68535 -609.7827 35.324955
 endloop
endfacet
facet normal 0 0 1
 outer loop
  vertex 142.0153 -608.3546 35.324955
  vertex 142.77531 -608.7086 35.324955
  vertex 146.15031 -606.0747 35.324955
 endloop
endfacet
facet normal 0 0 1
 outer loop
  vertex 144.89032 -611.2296 35.324955
  vertex 145.10736 -612.0387 35.324955
  vertex 146.15031 -606.0747 35.324955
 endloop
endfacet
facet normal 0 -0 1
 outer loop
  vertex 146.15031 -606.0747 35.324955
  vertex 145.10736 -612.0387 35.324955
  vertex 145.18036 -612.87463 35.324955
 endloop
endfacet
facet normal 0 -0 1
 outer loop
  vertex 146.15031 -606.0747 35.324955
  vertex 145.18036 -612.87463 35.324955
  vertex 146.15033 -619.6747 35.324955
 endloop
endfacet
facet normal -0 0 1
 outer loop
  vertex 146.15033 -619.6747 35.324955
  vertex 145.18036 -612.87463 35.324955
  vertex 145.10736 -613.7097 35.324955
 endloop
endfacet
facet normal 0 0 1
 outer loop
  vertex 142.77531 -608.7086 35.324955
  vertex 143.46233 -609.1897 35.324955
  vertex 146.15031 -606.0747 35.324955
 endloop
endfacet
facet normal 0 -0 1
 outer loop
  vertex 146.15031 -606.0747 35.324955
  vertex 143.46233 -609.1897 35.324955
  vertex 144.05534 -609.7827 35.324955
 endloop
endfacet
facet normal 0 -0 1
 outer loop
  vertex 146.15031 -606.0747 35.324955
  vertex 144.05534 -609.7827 35.324955
  vertex 144.5363 -610.4696 35.324955
 endloop
endfacet
facet normal 0 -0 1
 outer loop
  vertex 145.10736 -613.7097 35.324955
  vertex 144.89032 -614.51965 35.324955
  vertex 146.15033 -619.6747 35.324955
 endloop
endfacet
facet normal -0 0 1
 outer loop
  vertex 146.15033 -619.6747 35.324955
  vertex 144.89032 -614.51965 35.324955
  vertex 144.53632 -615.27966 35.324955
 endloop
endfacet
facet normal -0 0 1
 outer loop
  vertex 146.15033 -619.6747 35.324955
  vertex 144.53632 -615.27966 35.324955
  vertex 144.05536 -615.9667 35.324955
 endloop
endfacet
facet normal 0 0 1
 outer loop
  vertex 136.68535 -609.7827 35.324955
  vertex 137.27824 -609.1897 35.324955
  vertex 133.62029 -606.0747 35.324955
 endloop
endfacet
facet normal 0 0 1
 outer loop
  vertex 133.62029 -606.0747 35.324955
  vertex 137.27824 -609.1897 35.324955
  vertex 137.96526 -608.7086 35.324955
 endloop
endfacet
facet normal 0 0 1
 outer loop
  vertex 133.62029 -606.0747 35.324955
  vertex 137.96526 -608.7086 35.324955
  vertex 138.72527 -608.3546 35.324955
 endloop
endfacet
facet normal 0 0 1
 outer loop
  vertex 138.72527 -608.3546 35.324955
  vertex 139.53532 -608.1377 35.324955
  vertex 133.62029 -606.0747 35.324955
 endloop
endfacet
facet normal 0 0 1
 outer loop
  vertex 133.62029 -606.0747 35.324955
  vertex 139.53532 -608.1377 35.324955
  vertex 140.37029 -608.0647 35.324955
 endloop
endfacet
facet normal 0 0 1
 outer loop
  vertex 133.62029 -606.0747 35.324955
  vertex 140.37029 -608.0647 35.324955
  vertex 146.15031 -606.0747 35.324955
 endloop
endfacet
facet normal 0 -0 1
 outer loop
  vertex 146.15031 -606.0747 35.324955
  vertex 140.37029 -608.0647 35.324955
  vertex 141.20525 -608.1377 35.324955
 endloop
endfacet
facet normal 0 -0 1
 outer loop
  vertex 146.15031 -606.0747 35.324955
  vertex 141.20525 -608.1377 35.324955
  vertex 142.0153 -608.3546 35.324955
 endloop
endfacet
facet normal -0 0 1
 outer loop
  vertex 138.72528 -617.39465 35.324955
  vertex 137.96527 -617.0397 35.324955
  vertex 133.6203 -619.6747 35.324955
 endloop
endfacet
facet normal -0 0 1
 outer loop
  vertex 137.96527 -617.0397 35.324955
  vertex 137.27826 -616.5587 35.324955
  vertex 133.6203 -619.6747 35.324955
 endloop
endfacet
facet normal 0 0 1
 outer loop
  vertex 133.6203 -619.6747 35.324955
  vertex 137.27826 -616.5587 35.324955
  vertex 136.68536 -615.9667 35.324955
 endloop
endfacet
facet normal 0 0 1
 outer loop
  vertex 133.6203 -619.6747 35.324955
  vertex 136.68536 -615.9667 35.324955
  vertex 136.20428 -615.27966 35.324955
 endloop
endfacet
facet normal 0 -0 1
 outer loop
  vertex 144.05536 -615.9667 35.324955
  vertex 143.46234 -616.5587 35.324955
  vertex 146.15033 -619.6747 35.324955
 endloop
endfacet
facet normal -0 0 1
 outer loop
  vertex 146.15033 -619.6747 35.324955
  vertex 143.46234 -616.5587 35.324955
  vertex 142.77533 -617.0397 35.324955
 endloop
endfacet
facet normal -0 0 1
 outer loop
  vertex 146.15033 -619.6747 35.324955
  vertex 142.77533 -617.0397 35.324955
  vertex 142.01532 -617.39465 35.324955
 endloop
endfacet
facet normal 0 -0 1
 outer loop
  vertex 142.01532 -617.39465 35.324955
  vertex 141.20526 -617.6117 35.324955
  vertex 146.15033 -619.6747 35.324955
 endloop
endfacet
facet normal -0 0 1
 outer loop
  vertex 146.15033 -619.6747 35.324955
  vertex 141.20526 -617.6117 35.324955
  vertex 140.3703 -617.6847 35.324955
 endloop
endfacet
facet normal -0 0 1
 outer loop
  vertex 146.15033 -619.6747 35.324955
  vertex 140.3703 -617.6847 35.324955
  vertex 133.6203 -619.6747 35.324955
 endloop
endfacet
facet normal 0 0 1
 outer loop
  vertex 133.6203 -619.6747 35.324955
  vertex 140.3703 -617.6847 35.324955
  vertex 139.53534 -617.6117 35.324955
 endloop
endfacet
facet normal 0 0 1
 outer loop
  vertex 133.6203 -619.6747 35.324955
  vertex 139.53534 -617.6117 35.324955
  vertex 138.72528 -617.39465 35.324955
 endloop
endfacet
facet normal -0 0 1
 outer loop
  vertex 136.20427 -601.6797 35.324955
  vertex 135.85027 -600.9197 35.324955
  vertex 133.62029 -606.0747 35.324955
 endloop
endfacet
facet normal -0 -0 1
 outer loop
  vertex 136.68535 -596.1826 35.324955
  vertex 133.62029 -592.4746 35.324955
  vertex 136.20427 -596.8696 35.324955
 endloop
endfacet
facet normal -0 -0 1
 outer loop
  vertex 136.20427 -596.8696 35.324955
  vertex 133.62029 -592.4746 35.324955
  vertex 135.85027 -597.62964 35.324955
 endloop
endfacet
facet normal -0 0 1
 outer loop
  vertex 135.85027 -600.9197 35.324955
  vertex 135.63335 -600.1096 35.324955
  vertex 133.62029 -606.0747 35.324955
 endloop
endfacet
facet normal 0 0 1
 outer loop
  vertex 133.62029 -606.0747 35.324955
  vertex 135.63335 -600.1096 35.324955
  vertex 135.56035 -599.27466 35.324955
 endloop
endfacet
facet normal 0 0 1
 outer loop
  vertex 133.62029 -606.0747 35.324955
  vertex 135.56035 -599.27466 35.324955
  vertex 133.62029 -592.4746 35.324955
 endloop
endfacet
facet normal 0 0 1
 outer loop
  vertex 133.62029 -592.4746 35.324955
  vertex 135.56035 -599.27466 35.324955
  vertex 135.63335 -598.4387 35.324955
 endloop
endfacet
facet normal 0 0 1
 outer loop
  vertex 133.62029 -592.4746 35.324955
  vertex 135.63335 -598.4387 35.324955
  vertex 135.85027 -597.62964 35.324955
 endloop
endfacet
facet normal 0 0 1
 outer loop
  vertex 142.0153 -594.75464 35.324955
  vertex 142.77531 -595.10864 35.324955
  vertex 146.15031 -592.4746 35.324955
 endloop
endfacet
facet normal 0 -0 1
 outer loop
  vertex 146.15031 -592.4746 35.324955
  vertex 142.77531 -595.10864 35.324955
  vertex 143.46233 -595.5897 35.324955
 endloop
endfacet
facet normal 0 0 1
 outer loop
  vertex 143.46233 -595.5897 35.324955
  vertex 144.05534 -596.1826 35.324955
  vertex 146.15031 -592.4746 35.324955
 endloop
endfacet
facet normal 0 -0 1
 outer loop
  vertex 146.15031 -592.4746 35.324955
  vertex 144.05534 -596.1826 35.324955
  vertex 144.5363 -596.8696 35.324955
 endloop
endfacet
facet normal 0 -0 1
 outer loop
  vertex 146.15031 -592.4746 35.324955
  vertex 144.5363 -596.8696 35.324955
  vertex 144.8903 -597.62964 35.324955
 endloop
endfacet
facet normal 0 0 1
 outer loop
  vertex 144.05534 -602.3667 35.324955
  vertex 146.15031 -606.0747 35.324955
  vertex 144.5363 -601.6797 35.324955
 endloop
endfacet
facet normal 0 0 1
 outer loop
  vertex 144.5363 -601.6797 35.324955
  vertex 146.15031 -606.0747 35.324955
  vertex 144.8903 -600.9197 35.324955
 endloop
endfacet
facet normal 0 0 1
 outer loop
  vertex 136.68535 -596.1826 35.324955
  vertex 137.27824 -595.5897 35.324955
  vertex 133.62029 -592.4746 35.324955
 endloop
endfacet
facet normal 0 0 1
 outer loop
  vertex 133.62029 -592.4746 35.324955
  vertex 137.27824 -595.5897 35.324955
  vertex 137.96526 -595.10864 35.324955
 endloop
endfacet
facet normal 0 0 1
 outer loop
  vertex 133.62029 -592.4746 35.324955
  vertex 137.96526 -595.10864 35.324955
  vertex 138.72527 -594.75464 35.324955
 endloop
endfacet
facet normal 0 0 1
 outer loop
  vertex 138.72527 -594.75464 35.324955
  vertex 139.53532 -594.5377 35.324955
  vertex 133.62029 -592.4746 35.324955
 endloop
endfacet
facet normal 0 0 1
 outer loop
  vertex 133.62029 -592.4746 35.324955
  vertex 139.53532 -594.5377 35.324955
  vertex 140.37029 -594.4647 35.324955
 endloop
endfacet
facet normal 0 0 1
 outer loop
  vertex 133.62029 -592.4746 35.324955
  vertex 140.37029 -594.4647 35.324955
  vertex 146.15031 -592.4746 35.324955
 endloop
endfacet
facet normal 0 -0 1
 outer loop
  vertex 146.15031 -592.4746 35.324955
  vertex 140.37029 -594.4647 35.324955
  vertex 141.20525 -594.5377 35.324955
 endloop
endfacet
facet normal 0 -0 1
 outer loop
  vertex 146.15031 -592.4746 35.324955
  vertex 141.20525 -594.5377 35.324955
  vertex 142.0153 -594.75464 35.324955
 endloop
endfacet
facet normal 0 0 1
 outer loop
  vertex 144.8903 -597.62964 35.324955
  vertex 145.10735 -598.4387 35.324955
  vertex 146.15031 -592.4746 35.324955
 endloop
endfacet
facet normal 0 -0 1
 outer loop
  vertex 146.15031 -592.4746 35.324955
  vertex 145.10735 -598.4387 35.324955
  vertex 145.18034 -599.27466 35.324955
 endloop
endfacet
facet normal 0 -0 1
 outer loop
  vertex 146.15031 -592.4746 35.324955
  vertex 145.18034 -599.27466 35.324955
  vertex 146.15031 -606.0747 35.324955
 endloop
endfacet
facet normal -0 0 1
 outer loop
  vertex 146.15031 -606.0747 35.324955
  vertex 145.18034 -599.27466 35.324955
  vertex 145.10735 -600.1096 35.324955
 endloop
endfacet
facet normal -0 0 1
 outer loop
  vertex 146.15031 -606.0747 35.324955
  vertex 145.10735 -600.1096 35.324955
  vertex 144.8903 -600.9197 35.324955
 endloop
endfacet
facet normal -0 0 1
 outer loop
  vertex 138.72527 -603.7947 35.324955
  vertex 137.96526 -603.4397 35.324955
  vertex 133.62029 -606.0747 35.324955
 endloop
endfacet
facet normal -0 0 1
 outer loop
  vertex 137.96526 -603.4397 35.324955
  vertex 137.27824 -602.9586 35.324955
  vertex 133.62029 -606.0747 35.324955
 endloop
endfacet
facet normal 0 0 1
 outer loop
  vertex 133.62029 -606.0747 35.324955
  vertex 137.27824 -602.9586 35.324955
  vertex 136.68535 -602.3667 35.324955
 endloop
endfacet
facet normal 0 0 1
 outer loop
  vertex 133.62029 -606.0747 35.324955
  vertex 136.68535 -602.3667 35.324955
  vertex 136.20427 -601.6797 35.324955
 endloop
endfacet
facet normal 0 -0 1
 outer loop
  vertex 144.05534 -602.3667 35.324955
  vertex 143.46233 -602.9586 35.324955
  vertex 146.15031 -606.0747 35.324955
 endloop
endfacet
facet normal -0 0 1
 outer loop
  vertex 146.15031 -606.0747 35.324955
  vertex 143.46233 -602.9586 35.324955
  vertex 142.77531 -603.4397 35.324955
 endloop
endfacet
facet normal -0 0 1
 outer loop
  vertex 146.15031 -606.0747 35.324955
  vertex 142.77531 -603.4397 35.324955
  vertex 142.0153 -603.7947 35.324955
 endloop
endfacet
facet normal 0 -0 1
 outer loop
  vertex 142.0153 -603.7947 35.324955
  vertex 141.20525 -604.0117 35.324955
  vertex 146.15031 -606.0747 35.324955
 endloop
endfacet
facet normal -0 0 1
 outer loop
  vertex 146.15031 -606.0747 35.324955
  vertex 141.20525 -604.0117 35.324955
  vertex 140.37029 -604.0847 35.324955
 endloop
endfacet
facet normal -0 0 1
 outer loop
  vertex 146.15031 -606.0747 35.324955
  vertex 140.37029 -604.0847 35.324955
  vertex 133.62029 -606.0747 35.324955
 endloop
endfacet
facet normal 0 0 1
 outer loop
  vertex 133.62029 -606.0747 35.324955
  vertex 140.37029 -604.0847 35.324955
  vertex 139.53532 -604.0117 35.324955
 endloop
endfacet
facet normal 0 0 1
 outer loop
  vertex 133.62029 -606.0747 35.324955
  vertex 139.53532 -604.0117 35.324955
  vertex 138.72527 -603.7947 35.324955
 endloop
endfacet
facet normal 0 0 1
 outer loop
  vertex 138.72527 -581.15466 35.324955
  vertex 139.53532 -580.9376 35.324955
  vertex 133.62029 -578.87463 35.324955
 endloop
endfacet
facet normal 0 0 1
 outer loop
  vertex 133.62029 -578.87463 35.324955
  vertex 139.53532 -580.9376 35.324955
  vertex 140.37029 -580.8646 35.324955
 endloop
endfacet
facet normal 0 0 1
 outer loop
  vertex 133.62029 -578.87463 35.324955
  vertex 140.37029 -580.8646 35.324955
  vertex 146.15031 -578.87463 35.324955
 endloop
endfacet
facet normal 0 -0 1
 outer loop
  vertex 146.15031 -578.87463 35.324955
  vertex 140.37029 -580.8646 35.324955
  vertex 141.20525 -580.9376 35.324955
 endloop
endfacet
facet normal 0 0 1
 outer loop
  vertex 144.05534 -588.7667 35.324955
  vertex 146.15031 -592.4746 35.324955
  vertex 144.5363 -588.0797 35.324955
 endloop
endfacet
facet normal 0 0 1
 outer loop
  vertex 144.5363 -588.0797 35.324955
  vertex 146.15031 -592.4746 35.324955
  vertex 144.8903 -587.3197 35.324955
 endloop
endfacet
facet normal -0 -0 1
 outer loop
  vertex 136.68535 -582.58264 35.324955
  vertex 133.62029 -578.87463 35.324955
  vertex 136.20427 -583.26965 35.324955
 endloop
endfacet
facet normal -0 -0 1
 outer loop
  vertex 136.20427 -583.26965 35.324955
  vertex 133.62029 -578.87463 35.324955
  vertex 135.85027 -584.02966 35.324955
 endloop
endfacet
facet normal 0 0 1
 outer loop
  vertex 136.68535 -582.58264 35.324955
  vertex 137.27824 -581.9896 35.324955
  vertex 133.62029 -578.87463 35.324955
 endloop
endfacet
facet normal 0 0 1
 outer loop
  vertex 133.62029 -578.87463 35.324955
  vertex 137.27824 -581.9896 35.324955
  vertex 137.96526 -581.50867 35.324955
 endloop
endfacet
facet normal 0 0 1
 outer loop
  vertex 133.62029 -578.87463 35.324955
  vertex 137.96526 -581.50867 35.324955
  vertex 138.72527 -581.15466 35.324955
 endloop
endfacet
facet normal 0 0 1
 outer loop
  vertex 141.20525 -580.9376 35.324955
  vertex 142.0153 -581.15466 35.324955
  vertex 146.15031 -578.87463 35.324955
 endloop
endfacet
facet normal 0 -0 1
 outer loop
  vertex 146.15031 -578.87463 35.324955
  vertex 142.0153 -581.15466 35.324955
  vertex 142.77531 -581.50867 35.324955
 endloop
endfacet
facet normal 0 -0 1
 outer loop
  vertex 146.15031 -578.87463 35.324955
  vertex 142.77531 -581.50867 35.324955
  vertex 143.46233 -581.9896 35.324955
 endloop
endfacet
facet normal 0 0 1
 outer loop
  vertex 143.46233 -581.9896 35.324955
  vertex 144.05534 -582.58264 35.324955
  vertex 146.15031 -578.87463 35.324955
 endloop
endfacet
facet normal 0 -0 1
 outer loop
  vertex 146.15031 -578.87463 35.324955
  vertex 144.05534 -582.58264 35.324955
  vertex 144.5363 -583.26965 35.324955
 endloop
endfacet
facet normal 0 -0 1
 outer loop
  vertex 146.15031 -578.87463 35.324955
  vertex 144.5363 -583.26965 35.324955
  vertex 144.8903 -584.02966 35.324955
 endloop
endfacet
facet normal 0 0 1
 outer loop
  vertex 144.8903 -584.02966 35.324955
  vertex 145.10735 -584.8386 35.324955
  vertex 146.15031 -578.87463 35.324955
 endloop
endfacet
facet normal 0 -0 1
 outer loop
  vertex 146.15031 -578.87463 35.324955
  vertex 145.10735 -584.8386 35.324955
  vertex 145.18034 -585.6747 35.324955
 endloop
endfacet
facet normal 0 -0 1
 outer loop
  vertex 146.15031 -578.87463 35.324955
  vertex 145.18034 -585.6747 35.324955
  vertex 146.15031 -592.4746 35.324955
 endloop
endfacet
facet normal -0 0 1
 outer loop
  vertex 146.15031 -592.4746 35.324955
  vertex 145.18034 -585.6747 35.324955
  vertex 145.10735 -586.50964 35.324955
 endloop
endfacet
facet normal -0 0 1
 outer loop
  vertex 146.15031 -592.4746 35.324955
  vertex 145.10735 -586.50964 35.324955
  vertex 144.8903 -587.3197 35.324955
 endloop
endfacet
facet normal 0 -0 1
 outer loop
  vertex 144.05534 -588.7667 35.324955
  vertex 143.46233 -589.35864 35.324955
  vertex 146.15031 -592.4746 35.324955
 endloop
endfacet
facet normal -0 0 1
 outer loop
  vertex 146.15031 -592.4746 35.324955
  vertex 143.46233 -589.35864 35.324955
  vertex 142.77531 -589.8397 35.324955
 endloop
endfacet
facet normal -0 0 1
 outer loop
  vertex 146.15031 -592.4746 35.324955
  vertex 142.77531 -589.8397 35.324955
  vertex 142.0153 -590.1947 35.324955
 endloop
endfacet
facet normal 0 -0 1
 outer loop
  vertex 139.53532 -590.4116 35.324955
  vertex 133.62029 -592.4746 35.324955
  vertex 140.37029 -590.4846 35.324955
 endloop
endfacet
facet normal 0 -0 1
 outer loop
  vertex 140.37029 -590.4846 35.324955
  vertex 133.62029 -592.4746 35.324955
  vertex 146.15031 -592.4746 35.324955
 endloop
endfacet
facet normal 0 0 1
 outer loop
  vertex 140.37029 -590.4846 35.324955
  vertex 146.15031 -592.4746 35.324955
  vertex 141.20525 -590.4116 35.324955
 endloop
endfacet
facet normal 0 0 1
 outer loop
  vertex 141.20525 -590.4116 35.324955
  vertex 146.15031 -592.4746 35.324955
  vertex 142.0153 -590.1947 35.324955
 endloop
endfacet
facet normal -0 0 1
 outer loop
  vertex 139.53532 -590.4116 35.324955
  vertex 138.72527 -590.1947 35.324955
  vertex 133.62029 -592.4746 35.324955
 endloop
endfacet
facet normal 0 0 1
 outer loop
  vertex 133.62029 -592.4746 35.324955
  vertex 138.72527 -590.1947 35.324955
  vertex 137.96526 -589.8397 35.324955
 endloop
endfacet
facet normal 0 0 1
 outer loop
  vertex 133.62029 -592.4746 35.324955
  vertex 137.96526 -589.8397 35.324955
  vertex 137.27824 -589.35864 35.324955
 endloop
endfacet
facet normal -0 0 1
 outer loop
  vertex 137.27824 -589.35864 35.324955
  vertex 136.68535 -588.7667 35.324955
  vertex 133.62029 -592.4746 35.324955
 endloop
endfacet
facet normal 0 0 1
 outer loop
  vertex 133.62029 -592.4746 35.324955
  vertex 136.68535 -588.7667 35.324955
  vertex 136.20427 -588.0797 35.324955
 endloop
endfacet
facet normal 0 0 1
 outer loop
  vertex 133.62029 -592.4746 35.324955
  vertex 136.20427 -588.0797 35.324955
  vertex 135.85027 -587.3197 35.324955
 endloop
endfacet
facet normal -0 0 1
 outer loop
  vertex 135.85027 -587.3197 35.324955
  vertex 135.63335 -586.50964 35.324955
  vertex 133.62029 -592.4746 35.324955
 endloop
endfacet
facet normal 0 0 1
 outer loop
  vertex 133.62029 -592.4746 35.324955
  vertex 135.63335 -586.50964 35.324955
  vertex 135.56035 -585.6747 35.324955
 endloop
endfacet
facet normal 0 0 1
 outer loop
  vertex 133.62029 -592.4746 35.324955
  vertex 135.56035 -585.6747 35.324955
  vertex 133.62029 -578.87463 35.324955
 endloop
endfacet
facet normal 0 0 1
 outer loop
  vertex 133.62029 -578.87463 35.324955
  vertex 135.56035 -585.6747 35.324955
  vertex 135.63335 -584.8386 35.324955
 endloop
endfacet
facet normal 0 0 1
 outer loop
  vertex 133.62029 -578.87463 35.324955
  vertex 135.63335 -584.8386 35.324955
  vertex 135.85027 -584.02966 35.324955
 endloop
endfacet
facet normal -3.8528043e-07 1.4379758e-06 1
 outer loop
  vertex 138.72527 -567.5547 35.324955
  vertex 139.53532 -567.33765 35.324955
  vertex 133.62029 -566.26965 35.32495
 endloop
endfacet
facet normal -2.1039779e-07 2.4065566e-06 1
 outer loop
  vertex 133.62029 -566.26965 35.32495
  vertex 139.53532 -567.33765 35.324955
  vertex 140.37029 -567.26465 35.324955
 endloop
endfacet
facet normal 0 3.8338853e-06 1
 outer loop
  vertex 133.62029 -566.26965 35.32495
  vertex 140.37029 -567.26465 35.324955
  vertex 146.15031 -566.26965 35.32495
 endloop
endfacet
facet normal 2.2228991e-07 2.5425802e-06 1
 outer loop
  vertex 146.15031 -566.26965 35.32495
  vertex 140.37029 -567.26465 35.324955
  vertex 141.20525 -567.33765 35.324955
 endloop
endfacet
facet normal 0 0 1
 outer loop
  vertex 144.05534 -575.1666 35.324955
  vertex 146.15031 -578.87463 35.324955
  vertex 144.5363 -574.4796 35.324955
 endloop
endfacet
facet normal 0 0 1
 outer loop
  vertex 144.5363 -574.4796 35.324955
  vertex 146.15031 -578.87463 35.324955
  vertex 144.8903 -573.7196 35.324955
 endloop
endfacet
facet normal -7.683414e-07 5.380301e-07 1
 outer loop
  vertex 136.68535 -568.98267 35.324955
  vertex 133.62029 -566.26965 35.32495
  vertex 136.20427 -569.6697 35.324955
 endloop
endfacet
facet normal -9.153054e-07 4.2633886e-07 1
 outer loop
  vertex 136.20427 -569.6697 35.324955
  vertex 133.62029 -566.26965 35.32495
  vertex 135.85027 -570.4297 35.324955
 endloop
endfacet
facet normal -6.6026575e-07 6.6012984e-07 1
 outer loop
  vertex 136.68535 -568.98267 35.324955
  vertex 137.27824 -568.38965 35.324955
  vertex 133.62029 -566.26965 35.32495
 endloop
endfacet
facet normal -5.7053154e-07 8.1496233e-07 1
 outer loop
  vertex 133.62029 -566.26965 35.32495
  vertex 137.27824 -568.38965 35.324955
  vertex 137.96526 -567.9087 35.324955
 endloop
endfacet
facet normal -4.850949e-07 1.0414486e-06 1
 outer loop
  vertex 133.62029 -566.26965 35.32495
  vertex 137.96526 -567.9087 35.324955
  vertex 138.72527 -567.5547 35.324955
 endloop
endfacet
facet normal 4.2712412e-07 1.5941483e-06 1
 outer loop
  vertex 141.20525 -567.33765 35.324955
  vertex 142.0153 -567.5547 35.324955
  vertex 146.15031 -566.26965 35.32495
 endloop
endfacet
facet normal 5.5334823e-07 1.1879814e-06 1
 outer loop
  vertex 146.15031 -566.26965 35.32495
  vertex 142.0153 -567.5547 35.324955
  vertex 142.77531 -567.9087 35.324955
 endloop
endfacet
facet normal 6.673432e-07 9.532506e-07 1
 outer loop
  vertex 146.15031 -566.26965 35.32495
  vertex 142.77531 -567.9087 35.324955
  vertex 143.46233 -568.38965 35.324955
 endloop
endfacet
facet normal 7.9340896e-07 7.9340896e-07 1
 outer loop
  vertex 143.46233 -568.38965 35.324955
  vertex 144.05534 -568.98267 35.324955
  vertex 146.15031 -566.26965 35.32495
 endloop
endfacet
facet normal 9.550419e-07 6.685971e-07 1
 outer loop
  vertex 146.15031 -566.26965 35.32495
  vertex 144.05534 -568.98267 35.324955
  vertex 144.5363 -569.6697 35.324955
 endloop
endfacet
facet normal 1.1929479e-06 5.556616e-07 1
 outer loop
  vertex 146.15031 -566.26965 35.32495
  vertex 144.5363 -569.6697 35.324955
  vertex 144.8903 -570.4297 35.324955
 endloop
endfacet
facet normal 1.6054233e-06 4.3072924e-07 1
 outer loop
  vertex 144.8903 -570.4297 35.324955
  vertex 145.10735 -571.23865 35.324955
  vertex 146.15031 -566.26965 35.32495
 endloop
endfacet
facet normal 2.5830452e-06 2.2553088e-07 1
 outer loop
  vertex 146.15031 -566.26965 35.32495
  vertex 145.10735 -571.23865 35.324955
  vertex 145.18034 -572.0747 35.324955
 endloop
endfacet
facet normal 2.1216001e-06 3.0263413e-07 1
 outer loop
  vertex 146.15031 -566.26965 35.32495
  vertex 145.18034 -572.0747 35.324955
  vertex 146.15031 -578.87463 35.324955
 endloop
endfacet
facet normal -0 0 1
 outer loop
  vertex 146.15031 -578.87463 35.324955
  vertex 145.18034 -572.0747 35.324955
  vertex 145.10735 -572.90967 35.324955
 endloop
endfacet
facet normal -0 0 1
 outer loop
  vertex 146.15031 -578.87463 35.324955
  vertex 145.10735 -572.90967 35.324955
  vertex 144.8903 -573.7196 35.324955
 endloop
endfacet
facet normal 0 -0 1
 outer loop
  vertex 144.05534 -575.1666 35.324955
  vertex 143.46233 -575.75867 35.324955
  vertex 146.15031 -578.87463 35.324955
 endloop
endfacet
facet normal -0 0 1
 outer loop
  vertex 146.15031 -578.87463 35.324955
  vertex 143.46233 -575.75867 35.324955
  vertex 142.77531 -576.2396 35.324955
 endloop
endfacet
facet normal -0 0 1
 outer loop
  vertex 146.15031 -578.87463 35.324955
  vertex 142.77531 -576.2396 35.324955
  vertex 142.0153 -576.5946 35.324955
 endloop
endfacet
facet normal 0 -0 1
 outer loop
  vertex 139.53532 -576.81165 35.324955
  vertex 133.62029 -578.87463 35.324955
  vertex 140.37029 -576.88464 35.324955
 endloop
endfacet
facet normal 0 -0 1
 outer loop
  vertex 140.37029 -576.88464 35.324955
  vertex 133.62029 -578.87463 35.324955
  vertex 146.15031 -578.87463 35.324955
 endloop
endfacet
facet normal 0 0 1
 outer loop
  vertex 140.37029 -576.88464 35.324955
  vertex 146.15031 -578.87463 35.324955
  vertex 141.20525 -576.81165 35.324955
 endloop
endfacet
facet normal 0 0 1
 outer loop
  vertex 141.20525 -576.81165 35.324955
  vertex 146.15031 -578.87463 35.324955
  vertex 142.0153 -576.5946 35.324955
 endloop
endfacet
facet normal -0 0 1
 outer loop
  vertex 139.53532 -576.81165 35.324955
  vertex 138.72527 -576.5946 35.324955
  vertex 133.62029 -578.87463 35.324955
 endloop
endfacet
facet normal 0 0 1
 outer loop
  vertex 133.62029 -578.87463 35.324955
  vertex 138.72527 -576.5946 35.324955
  vertex 137.96526 -576.2396 35.324955
 endloop
endfacet
facet normal 0 0 1
 outer loop
  vertex 133.62029 -578.87463 35.324955
  vertex 137.96526 -576.2396 35.324955
  vertex 137.27824 -575.75867 35.324955
 endloop
endfacet
facet normal -0 0 1
 outer loop
  vertex 137.27824 -575.75867 35.324955
  vertex 136.68535 -575.1666 35.324955
  vertex 133.62029 -578.87463 35.324955
 endloop
endfacet
facet normal 0 0 1
 outer loop
  vertex 133.62029 -578.87463 35.324955
  vertex 136.68535 -575.1666 35.324955
  vertex 136.20427 -574.4796 35.324955
 endloop
endfacet
facet normal 0 0 1
 outer loop
  vertex 133.62029 -578.87463 35.324955
  vertex 136.20427 -574.4796 35.324955
  vertex 135.85027 -573.7196 35.324955
 endloop
endfacet
facet normal -0 0 1
 outer loop
  vertex 135.85027 -573.7196 35.324955
  vertex 135.63335 -572.90967 35.324955
  vertex 133.62029 -578.87463 35.324955
 endloop
endfacet
facet normal 0 0 1
 outer loop
  vertex 133.62029 -578.87463 35.324955
  vertex 135.63335 -572.90967 35.324955
  vertex 135.56035 -572.0747 35.324955
 endloop
endfacet
facet normal -1.0607333e-06 3.0263413e-07 1
 outer loop
  vertex 133.62029 -578.87463 35.324955
  vertex 135.56035 -572.0747 35.324955
  vertex 133.62029 -566.26965 35.32495
 endloop
endfacet
facet normal -1.5589826e-06 1.3611792e-07 1
 outer loop
  vertex 133.62029 -566.26965 35.32495
  vertex 135.56035 -572.0747 35.324955
  vertex 135.63335 -571.23865 35.324955
 endloop
endfacet
facet normal -1.1402559e-06 3.0575444e-07 1
 outer loop
  vertex 133.62029 -566.26965 35.32495
  vertex 135.63335 -571.23865 35.324955
  vertex 135.85027 -570.4297 35.324955
 endloop
endfacet
facet normal 0 0 1
 outer loop
  vertex 131.03632 -637.6697 35.324955
  vertex 131.39032 -638.4297 35.324955
  vertex 133.6203 -633.27466 35.324955
 endloop
endfacet
facet normal 0 0 1
 outer loop
  vertex 122.133354 -639.23865 35.324955
  vertex 122.35027 -638.4297 35.324955
  vertex 120.12029 -633.27466 35.324955
 endloop
endfacet
facet normal 0 0 1
 outer loop
  vertex 120.12029 -633.27466 35.324955
  vertex 122.35027 -638.4297 35.324955
  vertex 122.70428 -637.6697 35.324955
 endloop
endfacet
facet normal 0 0 1
 outer loop
  vertex 120.12029 -633.27466 35.324955
  vertex 122.70428 -637.6697 35.324955
  vertex 123.185356 -636.98267 35.324955
 endloop
endfacet
facet normal 0 0 1
 outer loop
  vertex 128.51532 -635.5547 35.324955
  vertex 129.27533 -635.9087 35.324955
  vertex 133.6203 -633.27466 35.324955
 endloop
endfacet
facet normal -0 -0 1
 outer loop
  vertex 122.133354 -639.23865 35.324955
  vertex 120.12029 -633.27466 35.324955
  vertex 122.060356 -640.07465 35.324955
 endloop
endfacet
facet normal -0 0 1
 outer loop
  vertex 122.060356 -640.07465 35.324955
  vertex 120.12029 -633.27466 35.324955
  vertex 120.12029 -646.87463 35.324955
 endloop
endfacet
facet normal 0 -0 1
 outer loop
  vertex 122.060356 -640.07465 35.324955
  vertex 120.12029 -646.87463 35.324955
  vertex 122.133354 -640.90967 35.324955
 endloop
endfacet
facet normal 0 0 1
 outer loop
  vertex 129.27533 -635.9087 35.324955
  vertex 129.96234 -636.38965 35.324955
  vertex 133.6203 -633.27466 35.324955
 endloop
endfacet
facet normal 0 -0 1
 outer loop
  vertex 133.6203 -633.27466 35.324955
  vertex 129.96234 -636.38965 35.324955
  vertex 130.55536 -636.98267 35.324955
 endloop
endfacet
facet normal 0 -0 1
 outer loop
  vertex 133.6203 -633.27466 35.324955
  vertex 130.55536 -636.98267 35.324955
  vertex 131.03632 -637.6697 35.324955
 endloop
endfacet
facet normal 0 0 1
 outer loop
  vertex 131.60736 -640.90967 35.324955
  vertex 133.6203 -646.87463 35.324955
  vertex 131.68036 -640.07465 35.324955
 endloop
endfacet
facet normal 0 0 1
 outer loop
  vertex 131.68036 -640.07465 35.324955
  vertex 133.6203 -646.87463 35.324955
  vertex 133.6203 -633.27466 35.324955
 endloop
endfacet
facet normal -0 0 1
 outer loop
  vertex 131.68036 -640.07465 35.324955
  vertex 133.6203 -633.27466 35.324955
  vertex 131.60736 -639.23865 35.324955
 endloop
endfacet
facet normal -0 0 1
 outer loop
  vertex 131.60736 -639.23865 35.324955
  vertex 133.6203 -633.27466 35.324955
  vertex 131.39032 -638.4297 35.324955
 endloop
endfacet
facet normal 0 0 1
 outer loop
  vertex 123.185356 -636.98267 35.324955
  vertex 123.77825 -636.38965 35.324955
  vertex 120.12029 -633.27466 35.324955
 endloop
endfacet
facet normal 0 0 1
 outer loop
  vertex 120.12029 -633.27466 35.324955
  vertex 123.77825 -636.38965 35.324955
  vertex 124.46526 -635.9087 35.324955
 endloop
endfacet
facet normal 0 0 1
 outer loop
  vertex 120.12029 -633.27466 35.324955
  vertex 124.46526 -635.9087 35.324955
  vertex 125.22527 -635.5547 35.324955
 endloop
endfacet
facet normal 0 0 1
 outer loop
  vertex 125.22527 -635.5547 35.324955
  vertex 126.03533 -635.33765 35.324955
  vertex 120.12029 -633.27466 35.324955
 endloop
endfacet
facet normal 0 0 1
 outer loop
  vertex 120.12029 -633.27466 35.324955
  vertex 126.03533 -635.33765 35.324955
  vertex 126.87029 -635.26465 35.324955
 endloop
endfacet
facet normal 0 0 1
 outer loop
  vertex 120.12029 -633.27466 35.324955
  vertex 126.87029 -635.26465 35.324955
  vertex 133.6203 -633.27466 35.324955
 endloop
endfacet
facet normal 0 -0 1
 outer loop
  vertex 133.6203 -633.27466 35.324955
  vertex 126.87029 -635.26465 35.324955
  vertex 127.70525 -635.33765 35.324955
 endloop
endfacet
facet normal 0 -0 1
 outer loop
  vertex 133.6203 -633.27466 35.324955
  vertex 127.70525 -635.33765 35.324955
  vertex 128.51532 -635.5547 35.324955
 endloop
endfacet
facet normal 0 -0 1
 outer loop
  vertex 131.60736 -640.90967 35.324955
  vertex 131.39032 -641.71967 35.324955
  vertex 133.6203 -646.87463 35.324955
 endloop
endfacet
facet normal -0 0 1
 outer loop
  vertex 133.6203 -646.87463 35.324955
  vertex 131.39032 -641.71967 35.324955
  vertex 131.03632 -642.4797 35.324955
 endloop
endfacet
facet normal -0 0 1
 outer loop
  vertex 133.6203 -646.87463 35.324955
  vertex 131.03632 -642.4797 35.324955
  vertex 130.55536 -643.1667 35.324955
 endloop
endfacet
facet normal -0 0 1
 outer loop
  vertex 125.22527 -644.59467 35.324955
  vertex 124.46526 -644.2397 35.324955
  vertex 120.12029 -646.87463 35.324955
 endloop
endfacet
facet normal 0 0 1
 outer loop
  vertex 120.12029 -646.87463 35.324955
  vertex 124.46526 -644.2397 35.324955
  vertex 123.77825 -643.75867 35.324955
 endloop
endfacet
facet normal 0 0 1
 outer loop
  vertex 120.12029 -646.87463 35.324955
  vertex 123.77825 -643.75867 35.324955
  vertex 123.185356 -643.1667 35.324955
 endloop
endfacet
facet normal -0 0 1
 outer loop
  vertex 123.185356 -643.1667 35.324955
  vertex 122.70428 -642.4797 35.324955
  vertex 120.12029 -646.87463 35.324955
 endloop
endfacet
facet normal 0 0 1
 outer loop
  vertex 120.12029 -646.87463 35.324955
  vertex 122.70428 -642.4797 35.324955
  vertex 122.35027 -641.71967 35.324955
 endloop
endfacet
facet normal 0 0 1
 outer loop
  vertex 120.12029 -646.87463 35.324955
  vertex 122.35027 -641.71967 35.324955
  vertex 122.133354 -640.90967 35.324955
 endloop
endfacet
facet normal 0 -0 1
 outer loop
  vertex 130.55536 -643.1667 35.324955
  vertex 129.96234 -643.75867 35.324955
  vertex 133.6203 -646.87463 35.324955
 endloop
endfacet
facet normal -0 0 1
 outer loop
  vertex 133.6203 -646.87463 35.324955
  vertex 129.96234 -643.75867 35.324955
  vertex 129.27533 -644.2397 35.324955
 endloop
endfacet
facet normal -0 0 1
 outer loop
  vertex 133.6203 -646.87463 35.324955
  vertex 129.27533 -644.2397 35.324955
  vertex 128.51532 -644.59467 35.324955
 endloop
endfacet
facet normal 0 -0 1
 outer loop
  vertex 128.51532 -644.59467 35.324955
  vertex 127.70525 -644.81165 35.324955
  vertex 133.6203 -646.87463 35.324955
 endloop
endfacet
facet normal -0 0 1
 outer loop
  vertex 133.6203 -646.87463 35.324955
  vertex 127.70525 -644.81165 35.324955
  vertex 126.87029 -644.88464 35.324955
 endloop
endfacet
facet normal -0 0 1
 outer loop
  vertex 133.6203 -646.87463 35.324955
  vertex 126.87029 -644.88464 35.324955
  vertex 120.12029 -646.87463 35.324955
 endloop
endfacet
facet normal 0 0 1
 outer loop
  vertex 120.12029 -646.87463 35.324955
  vertex 126.87029 -644.88464 35.324955
  vertex 126.03533 -644.81165 35.324955
 endloop
endfacet
facet normal 0 0 1
 outer loop
  vertex 120.12029 -646.87463 35.324955
  vertex 126.03533 -644.81165 35.324955
  vertex 125.22527 -644.59467 35.324955
 endloop
endfacet
facet normal 0 0 1
 outer loop
  vertex 131.03632 -624.0697 35.324955
  vertex 131.39032 -624.8297 35.324955
  vertex 133.6203 -619.6747 35.324955
 endloop
endfacet
facet normal -0 0 1
 outer loop
  vertex 122.70428 -628.87964 35.324955
  vertex 122.35027 -628.1196 35.324955
  vertex 120.12029 -633.27466 35.324955
 endloop
endfacet
facet normal -0 -0 1
 outer loop
  vertex 123.185356 -623.3827 35.324955
  vertex 120.12029 -619.6747 35.324955
  vertex 122.70428 -624.0697 35.324955
 endloop
endfacet
facet normal -0 -0 1
 outer loop
  vertex 122.70428 -624.0697 35.324955
  vertex 120.12029 -619.6747 35.324955
  vertex 122.35027 -624.8297 35.324955
 endloop
endfacet
facet normal 0 0 1
 outer loop
  vertex 128.51532 -621.9547 35.324955
  vertex 129.27533 -622.3087 35.324955
  vertex 133.6203 -619.6747 35.324955
 endloop
endfacet
facet normal -0 0 1
 outer loop
  vertex 122.35027 -628.1196 35.324955
  vertex 122.133354 -627.3097 35.324955
  vertex 120.12029 -633.27466 35.324955
 endloop
endfacet
facet normal 0 0 1
 outer loop
  vertex 120.12029 -633.27466 35.324955
  vertex 122.133354 -627.3097 35.324955
  vertex 122.060356 -626.4746 35.324955
 endloop
endfacet
facet normal 0 0 1
 outer loop
  vertex 120.12029 -633.27466 35.324955
  vertex 122.060356 -626.4746 35.324955
  vertex 120.12029 -619.6747 35.324955
 endloop
endfacet
facet normal 0 0 1
 outer loop
  vertex 120.12029 -619.6747 35.324955
  vertex 122.060356 -626.4746 35.324955
  vertex 122.133354 -625.6387 35.324955
 endloop
endfacet
facet normal 0 0 1
 outer loop
  vertex 120.12029 -619.6747 35.324955
  vertex 122.133354 -625.6387 35.324955
  vertex 122.35027 -624.8297 35.324955
 endloop
endfacet
facet normal 0 0 1
 outer loop
  vertex 129.27533 -622.3087 35.324955
  vertex 129.96234 -622.7897 35.324955
  vertex 133.6203 -619.6747 35.324955
 endloop
endfacet
facet normal 0 -0 1
 outer loop
  vertex 133.6203 -619.6747 35.324955
  vertex 129.96234 -622.7897 35.324955
  vertex 130.55536 -623.3827 35.324955
 endloop
endfacet
facet normal 0 -0 1
 outer loop
  vertex 133.6203 -619.6747 35.324955
  vertex 130.55536 -623.3827 35.324955
  vertex 131.03632 -624.0697 35.324955
 endloop
endfacet
facet normal 0 0 1
 outer loop
  vertex 131.60736 -627.3097 35.324955
  vertex 133.6203 -633.27466 35.324955
  vertex 131.68036 -626.4746 35.324955
 endloop
endfacet
facet normal 0 0 1
 outer loop
  vertex 131.68036 -626.4746 35.324955
  vertex 133.6203 -633.27466 35.324955
  vertex 133.6203 -619.6747 35.324955
 endloop
endfacet
facet normal -0 0 1
 outer loop
  vertex 131.68036 -626.4746 35.324955
  vertex 133.6203 -619.6747 35.324955
  vertex 131.60736 -625.6387 35.324955
 endloop
endfacet
facet normal -0 0 1
 outer loop
  vertex 131.60736 -625.6387 35.324955
  vertex 133.6203 -619.6747 35.324955
  vertex 131.39032 -624.8297 35.324955
 endloop
endfacet
facet normal 0 -0 1
 outer loop
  vertex 131.60736 -627.3097 35.324955
  vertex 131.39032 -628.1196 35.324955
  vertex 133.6203 -633.27466 35.324955
 endloop
endfacet
facet normal -0 0 1
 outer loop
  vertex 133.6203 -633.27466 35.324955
  vertex 131.39032 -628.1196 35.324955
  vertex 131.03632 -628.87964 35.324955
 endloop
endfacet
facet normal -0 0 1
 outer loop
  vertex 133.6203 -633.27466 35.324955
  vertex 131.03632 -628.87964 35.324955
  vertex 130.55536 -629.56665 35.324955
 endloop
endfacet
facet normal 0 0 1
 outer loop
  vertex 123.185356 -623.3827 35.324955
  vertex 123.77825 -622.7897 35.324955
  vertex 120.12029 -619.6747 35.324955
 endloop
endfacet
facet normal 0 0 1
 outer loop
  vertex 120.12029 -619.6747 35.324955
  vertex 123.77825 -622.7897 35.324955
  vertex 124.46526 -622.3087 35.324955
 endloop
endfacet
facet normal 0 0 1
 outer loop
  vertex 120.12029 -619.6747 35.324955
  vertex 124.46526 -622.3087 35.324955
  vertex 125.22527 -621.9547 35.324955
 endloop
endfacet
facet normal 0 0 1
 outer loop
  vertex 125.22527 -621.9547 35.324955
  vertex 126.03533 -621.7377 35.324955
  vertex 120.12029 -619.6747 35.324955
 endloop
endfacet
facet normal 0 0 1
 outer loop
  vertex 120.12029 -619.6747 35.324955
  vertex 126.03533 -621.7377 35.324955
  vertex 126.87029 -621.6647 35.324955
 endloop
endfacet
facet normal 0 0 1
 outer loop
  vertex 120.12029 -619.6747 35.324955
  vertex 126.87029 -621.6647 35.324955
  vertex 133.6203 -619.6747 35.324955
 endloop
endfacet
facet normal 0 -0 1
 outer loop
  vertex 133.6203 -619.6747 35.324955
  vertex 126.87029 -621.6647 35.324955
  vertex 127.70525 -621.7377 35.324955
 endloop
endfacet
facet normal 0 -0 1
 outer loop
  vertex 133.6203 -619.6747 35.324955
  vertex 127.70525 -621.7377 35.324955
  vertex 128.51532 -621.9547 35.324955
 endloop
endfacet
facet normal -0 0 1
 outer loop
  vertex 125.22527 -630.9946 35.324955
  vertex 124.46526 -630.63965 35.324955
  vertex 120.12029 -633.27466 35.324955
 endloop
endfacet
facet normal -0 0 1
 outer loop
  vertex 124.46526 -630.63965 35.324955
  vertex 123.77825 -630.1587 35.324955
  vertex 120.12029 -633.27466 35.324955
 endloop
endfacet
facet normal 0 0 1
 outer loop
  vertex 120.12029 -633.27466 35.324955
  vertex 123.77825 -630.1587 35.324955
  vertex 123.185356 -629.56665 35.324955
 endloop
endfacet
facet normal 0 0 1
 outer loop
  vertex 120.12029 -633.27466 35.324955
  vertex 123.185356 -629.56665 35.324955
  vertex 122.70428 -628.87964 35.324955
 endloop
endfacet
facet normal 0 -0 1
 outer loop
  vertex 130.55536 -629.56665 35.324955
  vertex 129.96234 -630.1587 35.324955
  vertex 133.6203 -633.27466 35.324955
 endloop
endfacet
facet normal -0 0 1
 outer loop
  vertex 133.6203 -633.27466 35.324955
  vertex 129.96234 -630.1587 35.324955
  vertex 129.27533 -630.63965 35.324955
 endloop
endfacet
facet normal -0 0 1
 outer loop
  vertex 133.6203 -633.27466 35.324955
  vertex 129.27533 -630.63965 35.324955
  vertex 128.51532 -630.9946 35.324955
 endloop
endfacet
facet normal 0 -0 1
 outer loop
  vertex 128.51532 -630.9946 35.324955
  vertex 127.70525 -631.2117 35.324955
  vertex 133.6203 -633.27466 35.324955
 endloop
endfacet
facet normal -0 0 1
 outer loop
  vertex 133.6203 -633.27466 35.324955
  vertex 127.70525 -631.2117 35.324955
  vertex 126.87029 -631.28467 35.324955
 endloop
endfacet
facet normal -0 0 1
 outer loop
  vertex 133.6203 -633.27466 35.324955
  vertex 126.87029 -631.28467 35.324955
  vertex 120.12029 -633.27466 35.324955
 endloop
endfacet
facet normal 0 0 1
 outer loop
  vertex 120.12029 -633.27466 35.324955
  vertex 126.87029 -631.28467 35.324955
  vertex 126.03533 -631.2117 35.324955
 endloop
endfacet
facet normal 0 0 1
 outer loop
  vertex 120.12029 -633.27466 35.324955
  vertex 126.03533 -631.2117 35.324955
  vertex 125.22527 -630.9946 35.324955
 endloop
endfacet
facet normal 0 0 1
 outer loop
  vertex 131.0363 -610.4696 35.324955
  vertex 131.39032 -611.2296 35.324955
  vertex 133.62029 -606.0747 35.324955
 endloop
endfacet
facet normal -0 0 1
 outer loop
  vertex 122.70428 -615.27966 35.324955
  vertex 122.35027 -614.51965 35.324955
  vertex 120.12029 -619.6747 35.324955
 endloop
endfacet
facet normal -0 -0 1
 outer loop
  vertex 123.185356 -609.7827 35.324955
  vertex 120.12029 -606.0747 35.324955
  vertex 122.70428 -610.4696 35.324955
 endloop
endfacet
facet normal -0 -0 1
 outer loop
  vertex 122.70428 -610.4696 35.324955
  vertex 120.12029 -606.0747 35.324955
  vertex 122.35027 -611.2296 35.324955
 endloop
endfacet
facet normal 0 0 1
 outer loop
  vertex 128.5153 -608.3546 35.324955
  vertex 129.27531 -608.7086 35.324955
  vertex 133.62029 -606.0747 35.324955
 endloop
endfacet
facet normal -0 0 1
 outer loop
  vertex 122.35027 -614.51965 35.324955
  vertex 122.133354 -613.7097 35.324955
  vertex 120.12029 -619.6747 35.324955
 endloop
endfacet
facet normal 0 0 1
 outer loop
  vertex 120.12029 -619.6747 35.324955
  vertex 122.133354 -613.7097 35.324955
  vertex 122.060356 -612.87463 35.324955
 endloop
endfacet
facet normal 0 0 1
 outer loop
  vertex 120.12029 -619.6747 35.324955
  vertex 122.060356 -612.87463 35.324955
  vertex 120.12029 -606.0747 35.324955
 endloop
endfacet
facet normal 0 0 1
 outer loop
  vertex 120.12029 -606.0747 35.324955
  vertex 122.060356 -612.87463 35.324955
  vertex 122.133354 -612.0387 35.324955
 endloop
endfacet
facet normal 0 0 1
 outer loop
  vertex 120.12029 -606.0747 35.324955
  vertex 122.133354 -612.0387 35.324955
  vertex 122.35027 -611.2296 35.324955
 endloop
endfacet
facet normal 0 0 1
 outer loop
  vertex 129.27531 -608.7086 35.324955
  vertex 129.96233 -609.1897 35.324955
  vertex 133.62029 -606.0747 35.324955
 endloop
endfacet
facet normal 0 -0 1
 outer loop
  vertex 133.62029 -606.0747 35.324955
  vertex 129.96233 -609.1897 35.324955
  vertex 130.55534 -609.7827 35.324955
 endloop
endfacet
facet normal 0 -0 1
 outer loop
  vertex 133.62029 -606.0747 35.324955
  vertex 130.55534 -609.7827 35.324955
  vertex 131.0363 -610.4696 35.324955
 endloop
endfacet
facet normal 0 0 1
 outer loop
  vertex 131.60736 -613.7097 35.324955
  vertex 133.6203 -619.6747 35.324955
  vertex 131.68036 -612.87463 35.324955
 endloop
endfacet
facet normal 0 0 1
 outer loop
  vertex 131.68036 -612.87463 35.324955
  vertex 133.6203 -619.6747 35.324955
  vertex 133.62029 -606.0747 35.324955
 endloop
endfacet
facet normal -0 0 1
 outer loop
  vertex 131.68036 -612.87463 35.324955
  vertex 133.62029 -606.0747 35.324955
  vertex 131.60736 -612.0387 35.324955
 endloop
endfacet
facet normal -0 0 1
 outer loop
  vertex 131.60736 -612.0387 35.324955
  vertex 133.62029 -606.0747 35.324955
  vertex 131.39032 -611.2296 35.324955
 endloop
endfacet
facet normal 0 -0 1
 outer loop
  vertex 131.60736 -613.7097 35.324955
  vertex 131.39032 -614.51965 35.324955
  vertex 133.6203 -619.6747 35.324955
 endloop
endfacet
facet normal -0 0 1
 outer loop
  vertex 133.6203 -619.6747 35.324955
  vertex 131.39032 -614.51965 35.324955
  vertex 131.03632 -615.27966 35.324955
 endloop
endfacet
facet normal -0 0 1
 outer loop
  vertex 133.6203 -619.6747 35.324955
  vertex 131.03632 -615.27966 35.324955
  vertex 130.55536 -615.9667 35.324955
 endloop
endfacet
facet normal 0 0 1
 outer loop
  vertex 123.185356 -609.7827 35.324955
  vertex 123.77825 -609.1897 35.324955
  vertex 120.12029 -606.0747 35.324955
 endloop
endfacet
facet normal 0 0 1
 outer loop
  vertex 120.12029 -606.0747 35.324955
  vertex 123.77825 -609.1897 35.324955
  vertex 124.46526 -608.7086 35.324955
 endloop
endfacet
facet normal 0 0 1
 outer loop
  vertex 120.12029 -606.0747 35.324955
  vertex 124.46526 -608.7086 35.324955
  vertex 125.22527 -608.3546 35.324955
 endloop
endfacet
facet normal 0 0 1
 outer loop
  vertex 125.22527 -608.3546 35.324955
  vertex 126.03533 -608.1377 35.324955
  vertex 120.12029 -606.0747 35.324955
 endloop
endfacet
facet normal 0 0 1
 outer loop
  vertex 120.12029 -606.0747 35.324955
  vertex 126.03533 -608.1377 35.324955
  vertex 126.87029 -608.0647 35.324955
 endloop
endfacet
facet normal 0 0 1
 outer loop
  vertex 120.12029 -606.0747 35.324955
  vertex 126.87029 -608.0647 35.324955
  vertex 133.62029 -606.0747 35.324955
 endloop
endfacet
facet normal 0 -0 1
 outer loop
  vertex 133.62029 -606.0747 35.324955
  vertex 126.87029 -608.0647 35.324955
  vertex 127.70525 -608.1377 35.324955
 endloop
endfacet
facet normal 0 -0 1
 outer loop
  vertex 133.62029 -606.0747 35.324955
  vertex 127.70525 -608.1377 35.324955
  vertex 128.5153 -608.3546 35.324955
 endloop
endfacet
facet normal -0 0 1
 outer loop
  vertex 125.22527 -617.39465 35.324955
  vertex 124.46526 -617.0397 35.324955
  vertex 120.12029 -619.6747 35.324955
 endloop
endfacet
facet normal -0 0 1
 outer loop
  vertex 124.46526 -617.0397 35.324955
  vertex 123.77825 -616.5587 35.324955
  vertex 120.12029 -619.6747 35.324955
 endloop
endfacet
facet normal 0 0 1
 outer loop
  vertex 120.12029 -619.6747 35.324955
  vertex 123.77825 -616.5587 35.324955
  vertex 123.185356 -615.9667 35.324955
 endloop
endfacet
facet normal 0 0 1
 outer loop
  vertex 120.12029 -619.6747 35.324955
  vertex 123.185356 -615.9667 35.324955
  vertex 122.70428 -615.27966 35.324955
 endloop
endfacet
facet normal 0 -0 1
 outer loop
  vertex 130.55536 -615.9667 35.324955
  vertex 129.96234 -616.5587 35.324955
  vertex 133.6203 -619.6747 35.324955
 endloop
endfacet
facet normal -0 0 1
 outer loop
  vertex 133.6203 -619.6747 35.324955
  vertex 129.96234 -616.5587 35.324955
  vertex 129.27533 -617.0397 35.324955
 endloop
endfacet
facet normal -0 0 1
 outer loop
  vertex 133.6203 -619.6747 35.324955
  vertex 129.27533 -617.0397 35.324955
  vertex 128.51532 -617.39465 35.324955
 endloop
endfacet
facet normal 0 -0 1
 outer loop
  vertex 128.51532 -617.39465 35.324955
  vertex 127.70525 -617.6117 35.324955
  vertex 133.6203 -619.6747 35.324955
 endloop
endfacet
facet normal -0 0 1
 outer loop
  vertex 133.6203 -619.6747 35.324955
  vertex 127.70525 -617.6117 35.324955
  vertex 126.87029 -617.6847 35.324955
 endloop
endfacet
facet normal -0 0 1
 outer loop
  vertex 133.6203 -619.6747 35.324955
  vertex 126.87029 -617.6847 35.324955
  vertex 120.12029 -619.6747 35.324955
 endloop
endfacet
facet normal 0 0 1
 outer loop
  vertex 120.12029 -619.6747 35.324955
  vertex 126.87029 -617.6847 35.324955
  vertex 126.03533 -617.6117 35.324955
 endloop
endfacet
facet normal 0 0 1
 outer loop
  vertex 120.12029 -619.6747 35.324955
  vertex 126.03533 -617.6117 35.324955
  vertex 125.22527 -617.39465 35.324955
 endloop
endfacet
facet normal 0 0 1
 outer loop
  vertex 125.22527 -594.75464 35.324955
  vertex 126.03533 -594.5377 35.324955
  vertex 120.12029 -592.4746 35.324955
 endloop
endfacet
facet normal 0 -0 1
 outer loop
  vertex 133.62029 -592.4746 35.324955
  vertex 126.87029 -594.4647 35.324955
  vertex 127.70525 -594.5377 35.324955
 endloop
endfacet
facet normal -0 0 1
 outer loop
  vertex 122.70428 -601.6797 35.324955
  vertex 122.35027 -600.9197 35.324955
  vertex 120.12029 -606.0747 35.324955
 endloop
endfacet
facet normal -0 -0 1
 outer loop
  vertex 123.185356 -596.1826 35.324955
  vertex 120.12029 -592.4746 35.324955
  vertex 122.70428 -596.8696 35.324955
 endloop
endfacet
facet normal -0 -0 1
 outer loop
  vertex 122.70428 -596.8696 35.324955
  vertex 120.12029 -592.4746 35.324955
  vertex 122.35027 -597.62964 35.324955
 endloop
endfacet
facet normal 0 0 1
 outer loop
  vertex 123.185356 -596.1826 35.324955
  vertex 123.77825 -595.5897 35.324955
  vertex 120.12029 -592.4746 35.324955
 endloop
endfacet
facet normal 0 0 1
 outer loop
  vertex 120.12029 -592.4746 35.324955
  vertex 123.77825 -595.5897 35.324955
  vertex 124.46526 -595.10864 35.324955
 endloop
endfacet
facet normal 0 0 1
 outer loop
  vertex 120.12029 -592.4746 35.324955
  vertex 124.46526 -595.10864 35.324955
  vertex 125.22527 -594.75464 35.324955
 endloop
endfacet
facet normal 0 0 1
 outer loop
  vertex 127.70525 -594.5377 35.324955
  vertex 128.5153 -594.75464 35.324955
  vertex 133.62029 -592.4746 35.324955
 endloop
endfacet
facet normal 0 -0 1
 outer loop
  vertex 133.62029 -592.4746 35.324955
  vertex 128.5153 -594.75464 35.324955
  vertex 129.27531 -595.10864 35.324955
 endloop
endfacet
facet normal 0 -0 1
 outer loop
  vertex 133.62029 -592.4746 35.324955
  vertex 129.27531 -595.10864 35.324955
  vertex 129.96233 -595.5897 35.324955
 endloop
endfacet
facet normal 0 0 1
 outer loop
  vertex 129.96233 -595.5897 35.324955
  vertex 130.55534 -596.1826 35.324955
  vertex 133.62029 -592.4746 35.324955
 endloop
endfacet
facet normal 0 -0 1
 outer loop
  vertex 133.62029 -592.4746 35.324955
  vertex 130.55534 -596.1826 35.324955
  vertex 131.0363 -596.8696 35.324955
 endloop
endfacet
facet normal 0 -0 1
 outer loop
  vertex 133.62029 -592.4746 35.324955
  vertex 131.0363 -596.8696 35.324955
  vertex 131.3903 -597.62964 35.324955
 endloop
endfacet
facet normal 0 0 1
 outer loop
  vertex 131.60735 -600.1096 35.324955
  vertex 133.62029 -606.0747 35.324955
  vertex 131.68034 -599.27466 35.324955
 endloop
endfacet
facet normal 0 0 1
 outer loop
  vertex 131.68034 -599.27466 35.324955
  vertex 133.62029 -606.0747 35.324955
  vertex 133.62029 -592.4746 35.324955
 endloop
endfacet
facet normal -0 0 1
 outer loop
  vertex 131.68034 -599.27466 35.324955
  vertex 133.62029 -592.4746 35.324955
  vertex 131.60735 -598.4387 35.324955
 endloop
endfacet
facet normal -0 0 1
 outer loop
  vertex 131.60735 -598.4387 35.324955
  vertex 133.62029 -592.4746 35.324955
  vertex 131.3903 -597.62964 35.324955
 endloop
endfacet
facet normal 0 -0 1
 outer loop
  vertex 131.60735 -600.1096 35.324955
  vertex 131.3903 -600.9197 35.324955
  vertex 133.62029 -606.0747 35.324955
 endloop
endfacet
facet normal -0 0 1
 outer loop
  vertex 133.62029 -606.0747 35.324955
  vertex 131.3903 -600.9197 35.324955
  vertex 131.0363 -601.6797 35.324955
 endloop
endfacet
facet normal -0 0 1
 outer loop
  vertex 133.62029 -606.0747 35.324955
  vertex 131.0363 -601.6797 35.324955
  vertex 130.55534 -602.3667 35.324955
 endloop
endfacet
facet normal -0 0 1
 outer loop
  vertex 122.35027 -600.9197 35.324955
  vertex 122.133354 -600.1096 35.324955
  vertex 120.12029 -606.0747 35.324955
 endloop
endfacet
facet normal 0 0 1
 outer loop
  vertex 120.12029 -606.0747 35.324955
  vertex 122.133354 -600.1096 35.324955
  vertex 122.060356 -599.27466 35.324955
 endloop
endfacet
facet normal 0 0 1
 outer loop
  vertex 120.12029 -606.0747 35.324955
  vertex 122.060356 -599.27466 35.324955
  vertex 120.12029 -592.4746 35.324955
 endloop
endfacet
facet normal 0 0 1
 outer loop
  vertex 120.12029 -592.4746 35.324955
  vertex 122.060356 -599.27466 35.324955
  vertex 122.133354 -598.4387 35.324955
 endloop
endfacet
facet normal 0 0 1
 outer loop
  vertex 120.12029 -592.4746 35.324955
  vertex 122.133354 -598.4387 35.324955
  vertex 122.35027 -597.62964 35.324955
 endloop
endfacet
facet normal -0 0 1
 outer loop
  vertex 125.22527 -603.7947 35.324955
  vertex 124.46526 -603.4397 35.324955
  vertex 120.12029 -606.0747 35.324955
 endloop
endfacet
facet normal -0 0 1
 outer loop
  vertex 124.46526 -603.4397 35.324955
  vertex 123.77825 -602.9586 35.324955
  vertex 120.12029 -606.0747 35.324955
 endloop
endfacet
facet normal 0 0 1
 outer loop
  vertex 120.12029 -606.0747 35.324955
  vertex 123.77825 -602.9586 35.324955
  vertex 123.185356 -602.3667 35.324955
 endloop
endfacet
facet normal 0 0 1
 outer loop
  vertex 120.12029 -606.0747 35.324955
  vertex 123.185356 -602.3667 35.324955
  vertex 122.70428 -601.6797 35.324955
 endloop
endfacet
facet normal 0 -0 1
 outer loop
  vertex 130.55534 -602.3667 35.324955
  vertex 129.96233 -602.9586 35.324955
  vertex 133.62029 -606.0747 35.324955
 endloop
endfacet
facet normal -0 0 1
 outer loop
  vertex 133.62029 -606.0747 35.324955
  vertex 129.96233 -602.9586 35.324955
  vertex 129.27531 -603.4397 35.324955
 endloop
endfacet
facet normal -0 0 1
 outer loop
  vertex 133.62029 -606.0747 35.324955
  vertex 129.27531 -603.4397 35.324955
  vertex 128.5153 -603.7947 35.324955
 endloop
endfacet
facet normal 0 -0 1
 outer loop
  vertex 128.5153 -603.7947 35.324955
  vertex 127.70525 -604.0117 35.324955
  vertex 133.62029 -606.0747 35.324955
 endloop
endfacet
facet normal -0 0 1
 outer loop
  vertex 133.62029 -606.0747 35.324955
  vertex 127.70525 -604.0117 35.324955
  vertex 126.87029 -604.0847 35.324955
 endloop
endfacet
facet normal -0 0 1
 outer loop
  vertex 133.62029 -606.0747 35.324955
  vertex 126.87029 -604.0847 35.324955
  vertex 120.12029 -606.0747 35.324955
 endloop
endfacet
facet normal 0 0 1
 outer loop
  vertex 120.12029 -606.0747 35.324955
  vertex 126.87029 -604.0847 35.324955
  vertex 126.03533 -604.0117 35.324955
 endloop
endfacet
facet normal 0 0 1
 outer loop
  vertex 120.12029 -606.0747 35.324955
  vertex 126.03533 -604.0117 35.324955
  vertex 125.22527 -603.7947 35.324955
 endloop
endfacet
facet normal 0 0 1
 outer loop
  vertex 125.22527 -581.15466 35.324955
  vertex 126.03533 -580.9376 35.324955
  vertex 120.12029 -578.87463 35.324955
 endloop
endfacet
facet normal 0 -0 1
 outer loop
  vertex 133.62029 -578.87463 35.324955
  vertex 126.87029 -580.8646 35.324955
  vertex 127.70525 -580.9376 35.324955
 endloop
endfacet
facet normal -0 -0 1
 outer loop
  vertex 123.185356 -582.58264 35.324955
  vertex 120.12029 -578.87463 35.324955
  vertex 122.70428 -583.26965 35.324955
 endloop
endfacet
facet normal -0 -0 1
 outer loop
  vertex 122.70428 -583.26965 35.324955
  vertex 120.12029 -578.87463 35.324955
  vertex 122.35027 -584.02966 35.324955
 endloop
endfacet
facet normal 0 0 1
 outer loop
  vertex 123.185356 -582.58264 35.324955
  vertex 123.77825 -581.9896 35.324955
  vertex 120.12029 -578.87463 35.324955
 endloop
endfacet
facet normal 0 0 1
 outer loop
  vertex 120.12029 -578.87463 35.324955
  vertex 123.77825 -581.9896 35.324955
  vertex 124.46526 -581.50867 35.324955
 endloop
endfacet
facet normal 0 0 1
 outer loop
  vertex 120.12029 -578.87463 35.324955
  vertex 124.46526 -581.50867 35.324955
  vertex 125.22527 -581.15466 35.324955
 endloop
endfacet
facet normal 0 0 1
 outer loop
  vertex 127.70525 -580.9376 35.324955
  vertex 128.5153 -581.15466 35.324955
  vertex 133.62029 -578.87463 35.324955
 endloop
endfacet
facet normal 0 -0 1
 outer loop
  vertex 133.62029 -578.87463 35.324955
  vertex 128.5153 -581.15466 35.324955
  vertex 129.27531 -581.50867 35.324955
 endloop
endfacet
facet normal 0 -0 1
 outer loop
  vertex 133.62029 -578.87463 35.324955
  vertex 129.27531 -581.50867 35.324955
  vertex 129.96233 -581.9896 35.324955
 endloop
endfacet
facet normal 0 0 1
 outer loop
  vertex 129.96233 -581.9896 35.324955
  vertex 130.55534 -582.58264 35.324955
  vertex 133.62029 -578.87463 35.324955
 endloop
endfacet
facet normal 0 -0 1
 outer loop
  vertex 133.62029 -578.87463 35.324955
  vertex 130.55534 -582.58264 35.324955
  vertex 131.0363 -583.26965 35.324955
 endloop
endfacet
facet normal 0 -0 1
 outer loop
  vertex 133.62029 -578.87463 35.324955
  vertex 131.0363 -583.26965 35.324955
  vertex 131.3903 -584.02966 35.324955
 endloop
endfacet
facet normal 0 -0 1
 outer loop
  vertex 131.3903 -587.3197 35.324955
  vertex 131.0363 -588.0797 35.324955
  vertex 133.62029 -592.4746 35.324955
 endloop
endfacet
facet normal -0 0 1
 outer loop
  vertex 133.62029 -592.4746 35.324955
  vertex 131.0363 -588.0797 35.324955
  vertex 130.55534 -588.7667 35.324955
 endloop
endfacet
facet normal -0 0 1
 outer loop
  vertex 133.62029 -592.4746 35.324955
  vertex 130.55534 -588.7667 35.324955
  vertex 129.96233 -589.35864 35.324955
 endloop
endfacet
facet normal 0 0 1
 outer loop
  vertex 131.3903 -584.02966 35.324955
  vertex 131.60735 -584.8386 35.324955
  vertex 133.62029 -578.87463 35.324955
 endloop
endfacet
facet normal 0 -0 1
 outer loop
  vertex 133.62029 -578.87463 35.324955
  vertex 131.60735 -584.8386 35.324955
  vertex 131.68034 -585.6747 35.324955
 endloop
endfacet
facet normal 0 -0 1
 outer loop
  vertex 133.62029 -578.87463 35.324955
  vertex 131.68034 -585.6747 35.324955
  vertex 133.62029 -592.4746 35.324955
 endloop
endfacet
facet normal -0 0 1
 outer loop
  vertex 133.62029 -592.4746 35.324955
  vertex 131.68034 -585.6747 35.324955
  vertex 131.60735 -586.50964 35.324955
 endloop
endfacet
facet normal -0 0 1
 outer loop
  vertex 133.62029 -592.4746 35.324955
  vertex 131.60735 -586.50964 35.324955
  vertex 131.3903 -587.3197 35.324955
 endloop
endfacet
facet normal 0 -0 1
 outer loop
  vertex 129.96233 -589.35864 35.324955
  vertex 129.27531 -589.8397 35.324955
  vertex 133.62029 -592.4746 35.324955
 endloop
endfacet
facet normal -0 0 1
 outer loop
  vertex 133.62029 -592.4746 35.324955
  vertex 129.27531 -589.8397 35.324955
  vertex 128.5153 -590.1947 35.324955
 endloop
endfacet
facet normal -0 0 1
 outer loop
  vertex 133.62029 -592.4746 35.324955
  vertex 128.5153 -590.1947 35.324955
  vertex 127.70525 -590.4116 35.324955
 endloop
endfacet
facet normal 0 0 1
 outer loop
  vertex 120.12029 -592.4746 35.324955
  vertex 126.87029 -590.4846 35.324955
  vertex 126.03533 -590.4116 35.324955
 endloop
endfacet
facet normal 0 0 1
 outer loop
  vertex 126.03533 -594.5377 35.324955
  vertex 126.87029 -594.4647 35.324955
  vertex 120.12029 -592.4746 35.324955
 endloop
endfacet
facet normal 0 0 1
 outer loop
  vertex 120.12029 -592.4746 35.324955
  vertex 126.87029 -594.4647 35.324955
  vertex 133.62029 -592.4746 35.324955
 endloop
endfacet
facet normal 0 0 1
 outer loop
  vertex 120.12029 -592.4746 35.324955
  vertex 133.62029 -592.4746 35.324955
  vertex 126.87029 -590.4846 35.324955
 endloop
endfacet
facet normal 0 0 1
 outer loop
  vertex 126.87029 -590.4846 35.324955
  vertex 133.62029 -592.4746 35.324955
  vertex 127.70525 -590.4116 35.324955
 endloop
endfacet
facet normal -0 0 1
 outer loop
  vertex 126.03533 -590.4116 35.324955
  vertex 125.22527 -590.1947 35.324955
  vertex 120.12029 -592.4746 35.324955
 endloop
endfacet
facet normal 0 0 1
 outer loop
  vertex 120.12029 -592.4746 35.324955
  vertex 125.22527 -590.1947 35.324955
  vertex 124.46526 -589.8397 35.324955
 endloop
endfacet
facet normal 0 0 1
 outer loop
  vertex 120.12029 -592.4746 35.324955
  vertex 124.46526 -589.8397 35.324955
  vertex 123.77825 -589.35864 35.324955
 endloop
endfacet
facet normal -0 0 1
 outer loop
  vertex 123.77825 -589.35864 35.324955
  vertex 123.185356 -588.7667 35.324955
  vertex 120.12029 -592.4746 35.324955
 endloop
endfacet
facet normal 0 0 1
 outer loop
  vertex 120.12029 -592.4746 35.324955
  vertex 123.185356 -588.7667 35.324955
  vertex 122.70428 -588.0797 35.324955
 endloop
endfacet
facet normal 0 0 1
 outer loop
  vertex 120.12029 -592.4746 35.324955
  vertex 122.70428 -588.0797 35.324955
  vertex 122.35027 -587.3197 35.324955
 endloop
endfacet
facet normal -0 0 1
 outer loop
  vertex 122.35027 -587.3197 35.324955
  vertex 122.133354 -586.50964 35.324955
  vertex 120.12029 -592.4746 35.324955
 endloop
endfacet
facet normal 0 0 1
 outer loop
  vertex 120.12029 -592.4746 35.324955
  vertex 122.133354 -586.50964 35.324955
  vertex 122.060356 -585.6747 35.324955
 endloop
endfacet
facet normal 0 0 1
 outer loop
  vertex 120.12029 -592.4746 35.324955
  vertex 122.060356 -585.6747 35.324955
  vertex 120.12029 -578.87463 35.324955
 endloop
endfacet
facet normal 0 0 1
 outer loop
  vertex 120.12029 -578.87463 35.324955
  vertex 122.060356 -585.6747 35.324955
  vertex 122.133354 -584.8386 35.324955
 endloop
endfacet
facet normal 0 0 1
 outer loop
  vertex 120.12029 -578.87463 35.324955
  vertex 122.133354 -584.8386 35.324955
  vertex 122.35027 -584.02966 35.324955
 endloop
endfacet
facet normal -3.8528015e-07 1.4379747e-06 1
 outer loop
  vertex 125.22527 -567.5547 35.324955
  vertex 126.03533 -567.33765 35.324955
  vertex 120.120285 -566.26965 35.32495
 endloop
endfacet
facet normal -2.103977e-07 2.4065557e-06 1
 outer loop
  vertex 120.120285 -566.26965 35.32495
  vertex 126.03533 -567.33765 35.324955
  vertex 126.87029 -567.26465 35.324955
 endloop
endfacet
facet normal 0 3.8338853e-06 1
 outer loop
  vertex 120.120285 -566.26965 35.32495
  vertex 126.87029 -567.26465 35.324955
  vertex 133.62029 -566.26965 35.32495
 endloop
endfacet
facet normal 2.1039789e-07 2.4065578e-06 1
 outer loop
  vertex 133.62029 -566.26965 35.32495
  vertex 126.87029 -567.26465 35.324955
  vertex 127.70525 -567.33765 35.324955
 endloop
endfacet
facet normal -7.6834027e-07 5.380293e-07 1
 outer loop
  vertex 123.185356 -568.98267 35.324955
  vertex 120.120285 -566.26965 35.32495
  vertex 122.70428 -569.6697 35.324955
 endloop
endfacet
facet normal -9.153036e-07 4.26338e-07 1
 outer loop
  vertex 122.70428 -569.6697 35.324955
  vertex 120.120285 -566.26965 35.32495
  vertex 122.35027 -570.4297 35.324955
 endloop
endfacet
facet normal -6.602649e-07 6.60129e-07 1
 outer loop
  vertex 123.185356 -568.98267 35.324955
  vertex 123.77825 -568.38965 35.324955
  vertex 120.120285 -566.26965 35.32495
 endloop
endfacet
facet normal -5.705309e-07 8.149614e-07 1
 outer loop
  vertex 120.120285 -566.26965 35.32495
  vertex 123.77825 -568.38965 35.324955
  vertex 124.46526 -567.9087 35.324955
 endloop
endfacet
facet normal -4.850944e-07 1.0414476e-06 1
 outer loop
  vertex 120.120285 -566.26965 35.32495
  vertex 124.46526 -567.9087 35.324955
  vertex 125.22527 -567.5547 35.324955
 endloop
endfacet
facet normal 3.852822e-07 1.4379688e-06 1
 outer loop
  vertex 127.70525 -567.33765 35.324955
  vertex 128.5153 -567.5547 35.324955
  vertex 133.62029 -566.26965 35.32495
 endloop
endfacet
facet normal 4.850949e-07 1.0414486e-06 1
 outer loop
  vertex 133.62029 -566.26965 35.32495
  vertex 128.5153 -567.5547 35.324955
  vertex 129.27531 -567.9087 35.324955
 endloop
endfacet
facet normal 5.705316e-07 8.149624e-07 1
 outer loop
  vertex 133.62029 -566.26965 35.32495
  vertex 129.27531 -567.9087 35.324955
  vertex 129.96233 -568.38965 35.324955
 endloop
endfacet
facet normal 6.602159e-07 6.602159e-07 1
 outer loop
  vertex 129.96233 -568.38965 35.324955
  vertex 130.55534 -568.98267 35.324955
  vertex 133.62029 -566.26965 35.32495
 endloop
endfacet
facet normal 7.6843486e-07 5.37959e-07 1
 outer loop
  vertex 133.62029 -566.26965 35.32495
  vertex 130.55534 -568.98267 35.324955
  vertex 131.0363 -569.6697 35.324955
 endloop
endfacet
facet normal 9.153054e-07 4.2633886e-07 1
 outer loop
  vertex 133.62029 -566.26965 35.32495
  vertex 131.0363 -569.6697 35.324955
  vertex 131.3903 -570.4297 35.324955
 endloop
endfacet
facet normal 1.140042e-06 3.0586912e-07 1
 outer loop
  vertex 131.3903 -570.4297 35.324955
  vertex 131.60735 -571.23865 35.324955
  vertex 133.62029 -566.26965 35.32495
 endloop
endfacet
facet normal 1.5590606e-06 1.3612473e-07 1
 outer loop
  vertex 133.62029 -566.26965 35.32495
  vertex 131.60735 -571.23865 35.324955
  vertex 131.68034 -572.0747 35.324955
 endloop
endfacet
facet normal 1.0608001e-06 3.0263413e-07 1
 outer loop
  vertex 133.62029 -566.26965 35.32495
  vertex 131.68034 -572.0747 35.324955
  vertex 133.62029 -578.87463 35.324955
 endloop
endfacet
facet normal -0 0 1
 outer loop
  vertex 133.62029 -578.87463 35.324955
  vertex 131.68034 -572.0747 35.324955
  vertex 131.60735 -572.90967 35.324955
 endloop
endfacet
facet normal -0 0 1
 outer loop
  vertex 133.62029 -578.87463 35.324955
  vertex 131.60735 -572.90967 35.324955
  vertex 131.3903 -573.7196 35.324955
 endloop
endfacet
facet normal 0 -0 1
 outer loop
  vertex 131.3903 -573.7196 35.324955
  vertex 131.0363 -574.4796 35.324955
  vertex 133.62029 -578.87463 35.324955
 endloop
endfacet
facet normal -0 0 1
 outer loop
  vertex 133.62029 -578.87463 35.324955
  vertex 131.0363 -574.4796 35.324955
  vertex 130.55534 -575.1666 35.324955
 endloop
endfacet
facet normal -0 0 1
 outer loop
  vertex 133.62029 -578.87463 35.324955
  vertex 130.55534 -575.1666 35.324955
  vertex 129.96233 -575.75867 35.324955
 endloop
endfacet
facet normal 0 -0 1
 outer loop
  vertex 129.96233 -575.75867 35.324955
  vertex 129.27531 -576.2396 35.324955
  vertex 133.62029 -578.87463 35.324955
 endloop
endfacet
facet normal -0 0 1
 outer loop
  vertex 133.62029 -578.87463 35.324955
  vertex 129.27531 -576.2396 35.324955
  vertex 128.5153 -576.5946 35.324955
 endloop
endfacet
facet normal -0 0 1
 outer loop
  vertex 133.62029 -578.87463 35.324955
  vertex 128.5153 -576.5946 35.324955
  vertex 127.70525 -576.81165 35.324955
 endloop
endfacet
facet normal 0 0 1
 outer loop
  vertex 120.12029 -578.87463 35.324955
  vertex 126.87029 -576.88464 35.324955
  vertex 126.03533 -576.81165 35.324955
 endloop
endfacet
facet normal 0 0 1
 outer loop
  vertex 126.03533 -580.9376 35.324955
  vertex 126.87029 -580.8646 35.324955
  vertex 120.12029 -578.87463 35.324955
 endloop
endfacet
facet normal 0 0 1
 outer loop
  vertex 120.12029 -578.87463 35.324955
  vertex 126.87029 -580.8646 35.324955
  vertex 133.62029 -578.87463 35.324955
 endloop
endfacet
facet normal 0 0 1
 outer loop
  vertex 120.12029 -578.87463 35.324955
  vertex 133.62029 -578.87463 35.324955
  vertex 126.87029 -576.88464 35.324955
 endloop
endfacet
facet normal 0 0 1
 outer loop
  vertex 126.87029 -576.88464 35.324955
  vertex 133.62029 -578.87463 35.324955
  vertex 127.70525 -576.81165 35.324955
 endloop
endfacet
facet normal -0 0 1
 outer loop
  vertex 126.03533 -576.81165 35.324955
  vertex 125.22527 -576.5946 35.324955
  vertex 120.12029 -578.87463 35.324955
 endloop
endfacet
facet normal 0 0 1
 outer loop
  vertex 120.12029 -578.87463 35.324955
  vertex 125.22527 -576.5946 35.324955
  vertex 124.46526 -576.2396 35.324955
 endloop
endfacet
facet normal 0 0 1
 outer loop
  vertex 120.12029 -578.87463 35.324955
  vertex 124.46526 -576.2396 35.324955
  vertex 123.77825 -575.75867 35.324955
 endloop
endfacet
facet normal -0 0 1
 outer loop
  vertex 123.77825 -575.75867 35.324955
  vertex 123.185356 -575.1666 35.324955
  vertex 120.12029 -578.87463 35.324955
 endloop
endfacet
facet normal 0 0 1
 outer loop
  vertex 120.12029 -578.87463 35.324955
  vertex 123.185356 -575.1666 35.324955
  vertex 122.70428 -574.4796 35.324955
 endloop
endfacet
facet normal 0 0 1
 outer loop
  vertex 120.12029 -578.87463 35.324955
  vertex 122.70428 -574.4796 35.324955
  vertex 122.35027 -573.7196 35.324955
 endloop
endfacet
facet normal -0 0 1
 outer loop
  vertex 122.35027 -573.7196 35.324955
  vertex 122.133354 -572.90967 35.324955
  vertex 120.12029 -578.87463 35.324955
 endloop
endfacet
facet normal 0 0 1
 outer loop
  vertex 120.12029 -578.87463 35.324955
  vertex 122.133354 -572.90967 35.324955
  vertex 122.060356 -572.0747 35.324955
 endloop
endfacet
facet normal -1.060731e-06 3.0263348e-07 1
 outer loop
  vertex 120.12029 -578.87463 35.324955
  vertex 122.060356 -572.0747 35.324955
  vertex 120.120285 -566.26965 35.32495
 endloop
endfacet
facet normal -1.5589778e-06 1.361175e-07 1
 outer loop
  vertex 120.120285 -566.26965 35.32495
  vertex 122.060356 -572.0747 35.324955
  vertex 122.133354 -571.23865 35.324955
 endloop
endfacet
facet normal -1.1402533e-06 3.0575376e-07 1
 outer loop
  vertex 120.120285 -566.26965 35.32495
  vertex 122.133354 -571.23865 35.324955
  vertex 122.35027 -570.4297 35.324955
 endloop
endfacet
facet normal -0 0 1
 outer loop
  vertex 147.12029 -566.26965 35.32495
  vertex 146.15031 -565.27466 35.32495
  vertex 146.15031 -566.26965 35.32495
 endloop
endfacet
facet normal -0 0 1
 outer loop
  vertex 146.15031 -566.26965 35.32495
  vertex 146.15031 -565.27466 35.32495
  vertex 133.62029 -565.27466 35.32495
 endloop
endfacet
facet normal -0 0 1
 outer loop
  vertex 146.15031 -566.26965 35.32495
  vertex 133.62029 -565.27466 35.32495
  vertex 133.62029 -566.26965 35.32495
 endloop
endfacet
facet normal -0 0 1
 outer loop
  vertex 133.62029 -566.26965 35.32495
  vertex 133.62029 -565.27466 35.32495
  vertex 120.120285 -565.27466 35.32495
 endloop
endfacet
facet normal -0 0 1
 outer loop
  vertex 133.62029 -566.26965 35.32495
  vertex 120.120285 -565.27466 35.32495
  vertex 120.120285 -566.26965 35.32495
 endloop
endfacet
facet normal -0 1 0
 outer loop
  vertex 171.82025 -643.27466 12.324955
  vertex 162.42035 -643.27466 12.324955
  vertex 171.82025 -643.27466 25.324957
 endloop
endfacet
facet normal -0 1 0
 outer loop
  vertex 171.82025 -643.27466 25.324957
  vertex 162.42035 -643.27466 12.324955
  vertex 162.42035 -643.27466 25.324957
 endloop
endfacet
facet normal -0 3.7546258e-08 1
 outer loop
  vertex 171.82024 -567.0747 12.324952
  vertex 162.42033 -567.0747 12.324952
  vertex 171.82025 -643.27466 12.324955
 endloop
endfacet
facet normal 0 3.7546258e-08 1
 outer loop
  vertex 171.82025 -643.27466 12.324955
  vertex 162.42033 -567.0747 12.324952
  vertex 162.42035 -643.27466 12.324955
 endloop
endfacet
facet normal -0.08709468 -0.9962 0
 outer loop
  vertex 126.87029 -576.88464 35.324955
  vertex 126.03533 -576.81165 37.324955
  vertex 126.03533 -576.81165 35.324955
 endloop
endfacet
facet normal -0.258804 -0.96592987 -0
 outer loop
  vertex 126.03533 -576.81165 35.324955
  vertex 126.03533 -576.81165 37.324955
  vertex 125.22527 -576.5946 37.324955
 endloop
endfacet
facet normal -0.258804 -0.96592987 0
 outer loop
  vertex 126.03533 -576.81165 35.324955
  vertex 125.22527 -576.5946 37.324955
  vertex 125.22527 -576.5946 35.324955
 endloop
endfacet
facet normal -0.42318818 -0.9060418 -0
 outer loop
  vertex 125.22527 -576.5946 35.324955
  vertex 125.22527 -576.5946 37.324955
  vertex 124.46526 -576.2396 37.324955
 endloop
endfacet
facet normal -0.42318818 -0.9060418 0
 outer loop
  vertex 125.22527 -576.5946 35.324955
  vertex 124.46526 -576.2396 37.324955
  vertex 124.46526 -576.2396 35.324955
 endloop
endfacet
facet normal -0.5735014 -0.81920457 -0
 outer loop
  vertex 124.46526 -576.2396 35.324955
  vertex 124.46526 -576.2396 37.324955
  vertex 123.77825 -575.75867 37.324955
 endloop
endfacet
facet normal -0.5735014 -0.81920457 0
 outer loop
  vertex 124.46526 -576.2396 35.324955
  vertex 123.77825 -575.75867 37.324955
  vertex 123.77825 -575.75867 35.324955
 endloop
endfacet
facet normal -0.7065967 -0.7076165 -0
 outer loop
  vertex 123.77825 -575.75867 35.324955
  vertex 123.77825 -575.75867 37.324955
  vertex 123.185356 -575.1666 37.324955
 endloop
endfacet
facet normal -0.7065967 -0.7076165 0
 outer loop
  vertex 123.77825 -575.75867 35.324955
  vertex 123.185356 -575.1666 37.324955
  vertex 123.185356 -575.1666 35.324955
 endloop
endfacet
facet normal -0.8191362 -0.5735991 -0
 outer loop
  vertex 123.185356 -575.1666 35.324955
  vertex 123.185356 -575.1666 37.324955
  vertex 122.70428 -574.4796 37.324955
 endloop
endfacet
facet normal -0.8191362 -0.5735991 0
 outer loop
  vertex 123.185356 -575.1666 35.324955
  vertex 122.70428 -574.4796 37.324955
  vertex 122.70428 -574.4796 35.324955
 endloop
endfacet
facet normal -0.90648794 -0.42223176 -0
 outer loop
  vertex 122.70428 -574.4796 35.324955
  vertex 122.70428 -574.4796 37.324955
  vertex 122.35027 -573.7196 37.324955
 endloop
endfacet
facet normal -0.90648794 -0.42223176 0
 outer loop
  vertex 122.70428 -574.4796 35.324955
  vertex 122.35027 -573.7196 37.324955
  vertex 122.35027 -573.7196 35.324955
 endloop
endfacet
facet normal -0.9659565 -0.25870454 -0
 outer loop
  vertex 122.35027 -573.7196 35.324955
  vertex 122.35027 -573.7196 37.324955
  vertex 122.133354 -572.90967 37.324955
 endloop
endfacet
facet normal -0.9659565 -0.25870454 0
 outer loop
  vertex 122.35027 -573.7196 35.324955
  vertex 122.133354 -572.90967 37.324955
  vertex 122.133354 -572.90967 35.324955
 endloop
endfacet
facet normal -0.9962 -0.08709468 -0
 outer loop
  vertex 122.133354 -572.90967 35.324955
  vertex 122.133354 -572.90967 37.324955
  vertex 122.060356 -572.0747 37.324955
 endloop
endfacet
facet normal -0.9962 -0.08709468 0
 outer loop
  vertex 122.133354 -572.90967 35.324955
  vertex 122.060356 -572.0747 37.324955
  vertex 122.060356 -572.0747 35.324955
 endloop
endfacet
facet normal -0.99621 0.0869811 0
 outer loop
  vertex 122.060356 -572.0747 35.324955
  vertex 122.060356 -572.0747 37.324955
  vertex 122.133354 -571.23865 37.324955
 endloop
endfacet
facet normal -0.99621 0.0869811 0
 outer loop
  vertex 122.060356 -572.0747 35.324955
  vertex 122.133354 -571.23865 37.324955
  vertex 122.133354 -571.23865 35.324955
 endloop
endfacet
facet normal -0.9658784 0.25899592 0
 outer loop
  vertex 122.133354 -571.23865 35.324955
  vertex 122.133354 -571.23865 37.324955
  vertex 122.35027 -570.4297 37.324955
 endloop
endfacet
facet normal -0.9658784 0.25899592 0
 outer loop
  vertex 122.133354 -571.23865 35.324955
  vertex 122.35027 -570.4297 37.324955
  vertex 122.35027 -570.4297 35.324955
 endloop
endfacet
facet normal -0.90648794 0.42223176 0
 outer loop
  vertex 122.35027 -570.4297 35.324955
  vertex 122.35027 -570.4297 37.324955
  vertex 122.70428 -569.6697 37.324955
 endloop
endfacet
facet normal -0.90648794 0.42223176 0
 outer loop
  vertex 122.35027 -570.4297 35.324955
  vertex 122.70428 -569.6697 37.324955
  vertex 122.70428 -569.6697 35.324955
 endloop
endfacet
facet normal -0.8191362 0.5735991 0
 outer loop
  vertex 122.70428 -569.6697 35.324955
  vertex 122.70428 -569.6697 37.324955
  vertex 123.185356 -568.98267 37.324955
 endloop
endfacet
facet normal -0.8191362 0.5735991 0
 outer loop
  vertex 122.70428 -569.6697 35.324955
  vertex 123.185356 -568.98267 37.324955
  vertex 123.185356 -568.98267 35.324955
 endloop
endfacet
facet normal -0.70717955 0.707034 0
 outer loop
  vertex 123.185356 -568.98267 35.324955
  vertex 123.185356 -568.98267 37.324955
  vertex 123.77825 -568.38965 37.324955
 endloop
endfacet
facet normal -0.70717955 0.707034 0
 outer loop
  vertex 123.185356 -568.98267 35.324955
  vertex 123.77825 -568.38965 37.324955
  vertex 123.77825 -568.38965 35.324955
 endloop
endfacet
facet normal -0.5735014 0.81920457 0
 outer loop
  vertex 123.77825 -568.38965 35.324955
  vertex 123.77825 -568.38965 37.324955
  vertex 124.46526 -567.9087 37.324955
 endloop
endfacet
facet normal -0.5735014 0.81920457 0
 outer loop
  vertex 123.77825 -568.38965 35.324955
  vertex 124.46526 -567.9087 37.324955
  vertex 124.46526 -567.9087 35.324955
 endloop
endfacet
facet normal -0.42223176 0.90648794 0
 outer loop
  vertex 124.46526 -567.9087 35.324955
  vertex 124.46526 -567.9087 37.324955
  vertex 125.22527 -567.5547 37.324955
 endloop
endfacet
facet normal -0.42223176 0.90648794 0
 outer loop
  vertex 124.46526 -567.9087 35.324955
  vertex 125.22527 -567.5547 37.324955
  vertex 125.22527 -567.5547 35.324955
 endloop
endfacet
facet normal -0.258804 0.96592987 0
 outer loop
  vertex 125.22527 -567.5547 35.324955
  vertex 125.22527 -567.5547 37.324955
  vertex 126.03533 -567.33765 37.324955
 endloop
endfacet
facet normal -0.258804 0.96592987 0
 outer loop
  vertex 125.22527 -567.5547 35.324955
  vertex 126.03533 -567.33765 37.324955
  vertex 126.03533 -567.33765 35.324955
 endloop
endfacet
facet normal -0.08709468 0.9962 0
 outer loop
  vertex 126.03533 -567.33765 35.324955
  vertex 126.03533 -567.33765 37.324955
  vertex 126.87029 -567.26465 37.324955
 endloop
endfacet
facet normal -0.08709468 0.9962 0
 outer loop
  vertex 126.03533 -567.33765 35.324955
  vertex 126.87029 -567.26465 37.324955
  vertex 126.87029 -567.26465 35.324955
 endloop
endfacet
facet normal 0.08709468 0.9962 0
 outer loop
  vertex 126.87029 -567.26465 35.324955
  vertex 126.87029 -567.26465 37.324955
  vertex 127.70525 -567.33765 37.324955
 endloop
endfacet
facet normal 0.08709468 0.9962 -0
 outer loop
  vertex 126.87029 -567.26465 35.324955
  vertex 127.70525 -567.33765 37.324955
  vertex 127.70525 -567.33765 35.324955
 endloop
endfacet
facet normal 0.25880626 0.9659292 0
 outer loop
  vertex 127.70525 -567.33765 35.324955
  vertex 127.70525 -567.33765 37.324955
  vertex 128.5153 -567.5547 37.324955
 endloop
endfacet
facet normal 0.25880626 0.9659292 -0
 outer loop
  vertex 127.70525 -567.33765 35.324955
  vertex 128.5153 -567.5547 37.324955
  vertex 128.5153 -567.5547 35.324955
 endloop
endfacet
facet normal 0.42223176 0.90648794 0
 outer loop
  vertex 128.5153 -567.5547 35.324955
  vertex 128.5153 -567.5547 37.324955
  vertex 129.27531 -567.9087 37.324955
 endloop
endfacet
facet normal 0.42223176 0.90648794 -0
 outer loop
  vertex 128.5153 -567.5547 35.324955
  vertex 129.27531 -567.9087 37.324955
  vertex 129.27531 -567.9087 35.324955
 endloop
endfacet
facet normal 0.5735014 0.81920457 0
 outer loop
  vertex 129.27531 -567.9087 35.324955
  vertex 129.27531 -567.9087 37.324955
  vertex 129.96233 -568.38965 37.324955
 endloop
endfacet
facet normal 0.5735014 0.81920457 -0
 outer loop
  vertex 129.27531 -567.9087 35.324955
  vertex 129.96233 -568.38965 37.324955
  vertex 129.96233 -568.38965 35.324955
 endloop
endfacet
facet normal 0.70710677 0.70710677 0
 outer loop
  vertex 129.96233 -568.38965 35.324955
  vertex 129.96233 -568.38965 37.324955
  vertex 130.55534 -568.98267 37.324955
 endloop
endfacet
facet normal 0.70710677 0.70710677 -0
 outer loop
  vertex 129.96233 -568.38965 35.324955
  vertex 130.55534 -568.98267 37.324955
  vertex 130.55534 -568.98267 35.324955
 endloop
endfacet
facet normal 0.81920457 0.5735014 0
 outer loop
  vertex 130.55534 -568.98267 35.324955
  vertex 130.55534 -568.98267 37.324955
  vertex 131.0363 -569.6697 37.324955
 endloop
endfacet
facet normal 0.81920457 0.5735014 -0
 outer loop
  vertex 130.55534 -568.98267 35.324955
  vertex 131.0363 -569.6697 37.324955
  vertex 131.0363 -569.6697 35.324955
 endloop
endfacet
facet normal 0.90648794 0.42223176 0
 outer loop
  vertex 131.0363 -569.6697 35.324955
  vertex 131.0363 -569.6697 37.324955
  vertex 131.3903 -570.4297 37.324955
 endloop
endfacet
facet normal 0.90648794 0.42223176 -0
 outer loop
  vertex 131.0363 -569.6697 35.324955
  vertex 131.3903 -570.4297 37.324955
  vertex 131.3903 -570.4297 35.324955
 endloop
endfacet
facet normal 0.96584195 0.25913188 0
 outer loop
  vertex 131.3903 -570.4297 35.324955
  vertex 131.3903 -570.4297 37.324955
  vertex 131.60735 -571.23865 37.324955
 endloop
endfacet
facet normal 0.96584195 0.25913188 -0
 outer loop
  vertex 131.3903 -570.4297 35.324955
  vertex 131.60735 -571.23865 37.324955
  vertex 131.60735 -571.23865 35.324955
 endloop
endfacet
facet normal 0.99621 0.0869811 0
 outer loop
  vertex 131.60735 -571.23865 35.324955
  vertex 131.60735 -571.23865 37.324955
  vertex 131.68034 -572.0747 37.324955
 endloop
endfacet
facet normal 0.99621 0.0869811 -0
 outer loop
  vertex 131.60735 -571.23865 35.324955
  vertex 131.68034 -572.0747 37.324955
  vertex 131.68034 -572.0747 35.324955
 endloop
endfacet
facet normal 0.9962 -0.08709468 0
 outer loop
  vertex 131.68034 -572.0747 35.324955
  vertex 131.68034 -572.0747 37.324955
  vertex 131.60735 -572.90967 37.324955
 endloop
endfacet
facet normal 0.9962 -0.08709468 0
 outer loop
  vertex 131.68034 -572.0747 35.324955
  vertex 131.60735 -572.90967 37.324955
  vertex 131.60735 -572.90967 35.324955
 endloop
endfacet
facet normal 0.9659201 -0.25884038 0
 outer loop
  vertex 131.60735 -572.90967 35.324955
  vertex 131.60735 -572.90967 37.324955
  vertex 131.3903 -573.7196 37.324955
 endloop
endfacet
facet normal 0.9659201 -0.25884038 0
 outer loop
  vertex 131.60735 -572.90967 35.324955
  vertex 131.3903 -573.7196 37.324955
  vertex 131.3903 -573.7196 35.324955
 endloop
endfacet
facet normal 0.90648794 -0.42223176 0
 outer loop
  vertex 131.3903 -573.7196 35.324955
  vertex 131.3903 -573.7196 37.324955
  vertex 131.0363 -574.4796 37.324955
 endloop
endfacet
facet normal 0.90648794 -0.42223176 0
 outer loop
  vertex 131.3903 -573.7196 35.324955
  vertex 131.0363 -574.4796 37.324955
  vertex 131.0363 -574.4796 35.324955
 endloop
endfacet
facet normal 0.81920457 -0.5735014 0
 outer loop
  vertex 131.0363 -574.4796 35.324955
  vertex 131.0363 -574.4796 37.324955
  vertex 130.55534 -575.1666 37.324955
 endloop
endfacet
facet normal 0.81920457 -0.5735014 0
 outer loop
  vertex 131.0363 -574.4796 35.324955
  vertex 130.55534 -575.1666 37.324955
  vertex 130.55534 -575.1666 35.324955
 endloop
endfacet
facet normal 0.70652384 -0.7076893 0
 outer loop
  vertex 130.55534 -575.1666 35.324955
  vertex 130.55534 -575.1666 37.324955
  vertex 129.96233 -575.75867 37.324955
 endloop
endfacet
facet normal 0.70652384 -0.7076893 0
 outer loop
  vertex 130.55534 -575.1666 35.324955
  vertex 129.96233 -575.75867 37.324955
  vertex 129.96233 -575.75867 35.324955
 endloop
endfacet
facet normal 0.5735014 -0.81920457 0
 outer loop
  vertex 129.96233 -575.75867 35.324955
  vertex 129.96233 -575.75867 37.324955
  vertex 129.27531 -576.2396 37.324955
 endloop
endfacet
facet normal 0.5735014 -0.81920457 0
 outer loop
  vertex 129.96233 -575.75867 35.324955
  vertex 129.27531 -576.2396 37.324955
  vertex 129.27531 -576.2396 35.324955
 endloop
endfacet
facet normal 0.42318818 -0.9060418 0
 outer loop
  vertex 129.27531 -576.2396 35.324955
  vertex 129.27531 -576.2396 37.324955
  vertex 128.5153 -576.5946 37.324955
 endloop
endfacet
facet normal 0.42318818 -0.9060418 0
 outer loop
  vertex 129.27531 -576.2396 35.324955
  vertex 128.5153 -576.5946 37.324955
  vertex 128.5153 -576.5946 35.324955
 endloop
endfacet
facet normal 0.25880626 -0.9659292 0
 outer loop
  vertex 128.5153 -576.5946 35.324955
  vertex 128.5153 -576.5946 37.324955
  vertex 127.70525 -576.81165 37.324955
 endloop
endfacet
facet normal 0.25880626 -0.9659292 0
 outer loop
  vertex 128.5153 -576.5946 35.324955
  vertex 127.70525 -576.81165 37.324955
  vertex 127.70525 -576.81165 35.324955
 endloop
endfacet
facet normal 0.08709468 -0.9962 0
 outer loop
  vertex 127.70525 -576.81165 35.324955
  vertex 127.70525 -576.81165 37.324955
  vertex 126.87029 -576.88464 37.324955
 endloop
endfacet
facet normal 0.08709468 -0.9962 0
 outer loop
  vertex 127.70525 -576.81165 35.324955
  vertex 126.87029 -576.88464 37.324955
  vertex 126.87029 -576.88464 35.324955
 endloop
endfacet
facet normal -0.08709468 -0.9962 -0
 outer loop
  vertex 126.87029 -576.88464 35.324955
  vertex 126.87029 -576.88464 37.324955
  vertex 126.03533 -576.81165 37.324955
 endloop
endfacet
facet normal -0.08709468 -0.9962 0
 outer loop
  vertex 126.87029 -590.4846 35.324955
  vertex 126.03533 -590.4116 37.324955
  vertex 126.03533 -590.4116 35.324955
 endloop
endfacet
facet normal -0.25866818 -0.9659663 -0
 outer loop
  vertex 126.03533 -590.4116 35.324955
  vertex 126.03533 -590.4116 37.324955
  vertex 125.22527 -590.1947 37.324955
 endloop
endfacet
facet normal -0.25866818 -0.9659663 0
 outer loop
  vertex 126.03533 -590.4116 35.324955
  vertex 125.22527 -590.1947 37.324955
  vertex 125.22527 -590.1947 35.324955
 endloop
endfacet
facet normal -0.42318818 -0.9060418 -0
 outer loop
  vertex 125.22527 -590.1947 35.324955
  vertex 125.22527 -590.1947 37.324955
  vertex 124.46526 -589.8397 37.324955
 endloop
endfacet
facet normal -0.42318818 -0.9060418 0
 outer loop
  vertex 125.22527 -590.1947 35.324955
  vertex 124.46526 -589.8397 37.324955
  vertex 124.46526 -589.8397 35.324955
 endloop
endfacet
facet normal -0.5735991 -0.8191362 -0
 outer loop
  vertex 124.46526 -589.8397 35.324955
  vertex 124.46526 -589.8397 37.324955
  vertex 123.77825 -589.35864 37.324955
 endloop
endfacet
facet normal -0.5735991 -0.8191362 0
 outer loop
  vertex 124.46526 -589.8397 35.324955
  vertex 123.77825 -589.35864 37.324955
  vertex 123.77825 -589.35864 35.324955
 endloop
endfacet
facet normal -0.7065237 -0.70768934 -0
 outer loop
  vertex 123.77825 -589.35864 35.324955
  vertex 123.77825 -589.35864 37.324955
  vertex 123.185356 -588.7667 37.324955
 endloop
endfacet
facet normal -0.7065237 -0.70768934 0
 outer loop
  vertex 123.77825 -589.35864 35.324955
  vertex 123.185356 -588.7667 37.324955
  vertex 123.185356 -588.7667 35.324955
 endloop
endfacet
facet normal -0.8191362 -0.5735991 -0
 outer loop
  vertex 123.185356 -588.7667 35.324955
  vertex 123.185356 -588.7667 37.324955
  vertex 122.70428 -588.0797 37.324955
 endloop
endfacet
facet normal -0.8191362 -0.5735991 0
 outer loop
  vertex 123.185356 -588.7667 35.324955
  vertex 122.70428 -588.0797 37.324955
  vertex 122.70428 -588.0797 35.324955
 endloop
endfacet
facet normal -0.90648794 -0.42223176 -0
 outer loop
  vertex 122.70428 -588.0797 35.324955
  vertex 122.70428 -588.0797 37.324955
  vertex 122.35027 -587.3197 37.324955
 endloop
endfacet
facet normal -0.90648794 -0.42223176 0
 outer loop
  vertex 122.70428 -588.0797 35.324955
  vertex 122.35027 -587.3197 37.324955
  vertex 122.35027 -587.3197 35.324955
 endloop
endfacet
facet normal -0.9659663 -0.25866818 -0
 outer loop
  vertex 122.35027 -587.3197 35.324955
  vertex 122.35027 -587.3197 37.324955
  vertex 122.133354 -586.50964 37.324955
 endloop
endfacet
facet normal -0.9659663 -0.25866818 0
 outer loop
  vertex 122.35027 -587.3197 35.324955
  vertex 122.133354 -586.50964 37.324955
  vertex 122.133354 -586.50964 35.324955
 endloop
endfacet
facet normal -0.9962 -0.08709468 -0
 outer loop
  vertex 122.133354 -586.50964 35.324955
  vertex 122.133354 -586.50964 37.324955
  vertex 122.060356 -585.6747 37.324955
 endloop
endfacet
facet normal -0.9962 -0.08709468 0
 outer loop
  vertex 122.133354 -586.50964 35.324955
  vertex 122.060356 -585.6747 37.324955
  vertex 122.060356 -585.6747 35.324955
 endloop
endfacet
facet normal -0.99621 0.0869811 0
 outer loop
  vertex 122.060356 -585.6747 35.324955
  vertex 122.060356 -585.6747 37.324955
  vertex 122.133354 -584.8386 37.324955
 endloop
endfacet
facet normal -0.99621 0.0869811 0
 outer loop
  vertex 122.060356 -585.6747 35.324955
  vertex 122.133354 -584.8386 37.324955
  vertex 122.133354 -584.8386 35.324955
 endloop
endfacet
facet normal -0.9658784 0.25899592 0
 outer loop
  vertex 122.133354 -584.8386 35.324955
  vertex 122.133354 -584.8386 37.324955
  vertex 122.35027 -584.02966 37.324955
 endloop
endfacet
facet normal -0.9658784 0.25899592 0
 outer loop
  vertex 122.133354 -584.8386 35.324955
  vertex 122.35027 -584.02966 37.324955
  vertex 122.35027 -584.02966 35.324955
 endloop
endfacet
facet normal -0.90648794 0.42223176 0
 outer loop
  vertex 122.35027 -584.02966 35.324955
  vertex 122.35027 -584.02966 37.324955
  vertex 122.70428 -583.26965 37.324955
 endloop
endfacet
facet normal -0.90648794 0.42223176 0
 outer loop
  vertex 122.35027 -584.02966 35.324955
  vertex 122.70428 -583.26965 37.324955
  vertex 122.70428 -583.26965 35.324955
 endloop
endfacet
facet normal -0.8191362 0.5735991 0
 outer loop
  vertex 122.70428 -583.26965 35.324955
  vertex 122.70428 -583.26965 37.324955
  vertex 123.185356 -582.58264 37.324955
 endloop
endfacet
facet normal -0.8191362 0.5735991 0
 outer loop
  vertex 122.70428 -583.26965 35.324955
  vertex 123.185356 -582.58264 37.324955
  vertex 123.185356 -582.58264 35.324955
 endloop
endfacet
facet normal -0.70717955 0.707034 0
 outer loop
  vertex 123.185356 -582.58264 35.324955
  vertex 123.185356 -582.58264 37.324955
  vertex 123.77825 -581.9896 37.324955
 endloop
endfacet
facet normal -0.70717955 0.707034 0
 outer loop
  vertex 123.185356 -582.58264 35.324955
  vertex 123.77825 -581.9896 37.324955
  vertex 123.77825 -581.9896 35.324955
 endloop
endfacet
facet normal -0.5735014 0.81920457 0
 outer loop
  vertex 123.77825 -581.9896 35.324955
  vertex 123.77825 -581.9896 37.324955
  vertex 124.46526 -581.50867 37.324955
 endloop
endfacet
facet normal -0.5735014 0.81920457 0
 outer loop
  vertex 123.77825 -581.9896 35.324955
  vertex 124.46526 -581.50867 37.324955
  vertex 124.46526 -581.50867 35.324955
 endloop
endfacet
facet normal -0.42223176 0.90648794 0
 outer loop
  vertex 124.46526 -581.50867 35.324955
  vertex 124.46526 -581.50867 37.324955
  vertex 125.22527 -581.15466 37.324955
 endloop
endfacet
facet normal -0.42223176 0.90648794 0
 outer loop
  vertex 124.46526 -581.50867 35.324955
  vertex 125.22527 -581.15466 37.324955
  vertex 125.22527 -581.15466 35.324955
 endloop
endfacet
facet normal -0.258804 0.96592987 0
 outer loop
  vertex 125.22527 -581.15466 35.324955
  vertex 125.22527 -581.15466 37.324955
  vertex 126.03533 -580.9376 37.324955
 endloop
endfacet
facet normal -0.258804 0.96592987 0
 outer loop
  vertex 125.22527 -581.15466 35.324955
  vertex 126.03533 -580.9376 37.324955
  vertex 126.03533 -580.9376 35.324955
 endloop
endfacet
facet normal -0.08709468 0.9962 0
 outer loop
  vertex 126.03533 -580.9376 35.324955
  vertex 126.03533 -580.9376 37.324955
  vertex 126.87029 -580.8646 37.324955
 endloop
endfacet
facet normal -0.08709468 0.9962 0
 outer loop
  vertex 126.03533 -580.9376 35.324955
  vertex 126.87029 -580.8646 37.324955
  vertex 126.87029 -580.8646 35.324955
 endloop
endfacet
facet normal 0.08709468 0.9962 0
 outer loop
  vertex 126.87029 -580.8646 35.324955
  vertex 126.87029 -580.8646 37.324955
  vertex 127.70525 -580.9376 37.324955
 endloop
endfacet
facet normal 0.08709468 0.9962 -0
 outer loop
  vertex 126.87029 -580.8646 35.324955
  vertex 127.70525 -580.9376 37.324955
  vertex 127.70525 -580.9376 35.324955
 endloop
endfacet
facet normal 0.25880626 0.9659292 0
 outer loop
  vertex 127.70525 -580.9376 35.324955
  vertex 127.70525 -580.9376 37.324955
  vertex 128.5153 -581.15466 37.324955
 endloop
endfacet
facet normal 0.25880626 0.9659292 -0
 outer loop
  vertex 127.70525 -580.9376 35.324955
  vertex 128.5153 -581.15466 37.324955
  vertex 128.5153 -581.15466 35.324955
 endloop
endfacet
facet normal 0.42223176 0.90648794 0
 outer loop
  vertex 128.5153 -581.15466 35.324955
  vertex 128.5153 -581.15466 37.324955
  vertex 129.27531 -581.50867 37.324955
 endloop
endfacet
facet normal 0.42223176 0.90648794 -0
 outer loop
  vertex 128.5153 -581.15466 35.324955
  vertex 129.27531 -581.50867 37.324955
  vertex 129.27531 -581.50867 35.324955
 endloop
endfacet
facet normal 0.5735014 0.81920457 0
 outer loop
  vertex 129.27531 -581.50867 35.324955
  vertex 129.27531 -581.50867 37.324955
  vertex 129.96233 -581.9896 37.324955
 endloop
endfacet
facet normal 0.5735014 0.81920457 -0
 outer loop
  vertex 129.27531 -581.50867 35.324955
  vertex 129.96233 -581.9896 37.324955
  vertex 129.96233 -581.9896 35.324955
 endloop
endfacet
facet normal 0.70710677 0.70710677 0
 outer loop
  vertex 129.96233 -581.9896 35.324955
  vertex 129.96233 -581.9896 37.324955
  vertex 130.55534 -582.58264 37.324955
 endloop
endfacet
facet normal 0.70710677 0.70710677 -0
 outer loop
  vertex 129.96233 -581.9896 35.324955
  vertex 130.55534 -582.58264 37.324955
  vertex 130.55534 -582.58264 35.324955
 endloop
endfacet
facet normal 0.81920457 0.5735014 0
 outer loop
  vertex 130.55534 -582.58264 35.324955
  vertex 130.55534 -582.58264 37.324955
  vertex 131.0363 -583.26965 37.324955
 endloop
endfacet
facet normal 0.81920457 0.5735014 -0
 outer loop
  vertex 130.55534 -582.58264 35.324955
  vertex 131.0363 -583.26965 37.324955
  vertex 131.0363 -583.26965 35.324955
 endloop
endfacet
facet normal 0.90648794 0.42223176 0
 outer loop
  vertex 131.0363 -583.26965 35.324955
  vertex 131.0363 -583.26965 37.324955
  vertex 131.3903 -584.02966 37.324955
 endloop
endfacet
facet normal 0.90648794 0.42223176 -0
 outer loop
  vertex 131.0363 -583.26965 35.324955
  vertex 131.3903 -584.02966 37.324955
  vertex 131.3903 -584.02966 35.324955
 endloop
endfacet
facet normal 0.96584195 0.25913188 0
 outer loop
  vertex 131.3903 -584.02966 35.324955
  vertex 131.3903 -584.02966 37.324955
  vertex 131.60735 -584.8386 37.324955
 endloop
endfacet
facet normal 0.96584195 0.25913188 -0
 outer loop
  vertex 131.3903 -584.02966 35.324955
  vertex 131.60735 -584.8386 37.324955
  vertex 131.60735 -584.8386 35.324955
 endloop
endfacet
facet normal 0.99621 0.0869811 0
 outer loop
  vertex 131.60735 -584.8386 35.324955
  vertex 131.60735 -584.8386 37.324955
  vertex 131.68034 -585.6747 37.324955
 endloop
endfacet
facet normal 0.99621 0.0869811 -0
 outer loop
  vertex 131.60735 -584.8386 35.324955
  vertex 131.68034 -585.6747 37.324955
  vertex 131.68034 -585.6747 35.324955
 endloop
endfacet
facet normal 0.9962 -0.08709468 0
 outer loop
  vertex 131.68034 -585.6747 35.324955
  vertex 131.68034 -585.6747 37.324955
  vertex 131.60735 -586.50964 37.324955
 endloop
endfacet
facet normal 0.9962 -0.08709468 0
 outer loop
  vertex 131.68034 -585.6747 35.324955
  vertex 131.60735 -586.50964 37.324955
  vertex 131.60735 -586.50964 35.324955
 endloop
endfacet
facet normal 0.96592987 -0.258804 0
 outer loop
  vertex 131.60735 -586.50964 35.324955
  vertex 131.60735 -586.50964 37.324955
  vertex 131.3903 -587.3197 37.324955
 endloop
endfacet
facet normal 0.96592987 -0.258804 0
 outer loop
  vertex 131.60735 -586.50964 35.324955
  vertex 131.3903 -587.3197 37.324955
  vertex 131.3903 -587.3197 35.324955
 endloop
endfacet
facet normal 0.90648794 -0.42223176 0
 outer loop
  vertex 131.3903 -587.3197 35.324955
  vertex 131.3903 -587.3197 37.324955
  vertex 131.0363 -588.0797 37.324955
 endloop
endfacet
facet normal 0.90648794 -0.42223176 0
 outer loop
  vertex 131.3903 -587.3197 35.324955
  vertex 131.0363 -588.0797 37.324955
  vertex 131.0363 -588.0797 35.324955
 endloop
endfacet
facet normal 0.81920457 -0.5735014 0
 outer loop
  vertex 131.0363 -588.0797 35.324955
  vertex 131.0363 -588.0797 37.324955
  vertex 130.55534 -588.7667 37.324955
 endloop
endfacet
facet normal 0.81920457 -0.5735014 0
 outer loop
  vertex 131.0363 -588.0797 35.324955
  vertex 130.55534 -588.7667 37.324955
  vertex 130.55534 -588.7667 35.324955
 endloop
endfacet
facet normal 0.7064509 -0.7077621 0
 outer loop
  vertex 130.55534 -588.7667 35.324955
  vertex 130.55534 -588.7667 37.324955
  vertex 129.96233 -589.35864 37.324955
 endloop
endfacet
facet normal 0.7064509 -0.7077621 0
 outer loop
  vertex 130.55534 -588.7667 35.324955
  vertex 129.96233 -589.35864 37.324955
  vertex 129.96233 -589.35864 35.324955
 endloop
endfacet
facet normal 0.5735991 -0.8191362 0
 outer loop
  vertex 129.96233 -589.35864 35.324955
  vertex 129.96233 -589.35864 37.324955
  vertex 129.27531 -589.8397 37.324955
 endloop
endfacet
facet normal 0.5735991 -0.8191362 0
 outer loop
  vertex 129.96233 -589.35864 35.324955
  vertex 129.27531 -589.8397 37.324955
  vertex 129.27531 -589.8397 35.324955
 endloop
endfacet
facet normal 0.42318818 -0.9060418 0
 outer loop
  vertex 129.27531 -589.8397 35.324955
  vertex 129.27531 -589.8397 37.324955
  vertex 128.5153 -590.1947 37.324955
 endloop
endfacet
facet normal 0.42318818 -0.9060418 0
 outer loop
  vertex 129.27531 -589.8397 35.324955
  vertex 128.5153 -590.1947 37.324955
  vertex 128.5153 -590.1947 35.324955
 endloop
endfacet
facet normal 0.25867045 -0.9659656 0
 outer loop
  vertex 128.5153 -590.1947 35.324955
  vertex 128.5153 -590.1947 37.324955
  vertex 127.70525 -590.4116 37.324955
 endloop
endfacet
facet normal 0.25867045 -0.9659656 0
 outer loop
  vertex 128.5153 -590.1947 35.324955
  vertex 127.70525 -590.4116 37.324955
  vertex 127.70525 -590.4116 35.324955
 endloop
endfacet
facet normal 0.08709468 -0.9962 0
 outer loop
  vertex 127.70525 -590.4116 35.324955
  vertex 127.70525 -590.4116 37.324955
  vertex 126.87029 -590.4846 37.324955
 endloop
endfacet
facet normal 0.08709468 -0.9962 0
 outer loop
  vertex 127.70525 -590.4116 35.324955
  vertex 126.87029 -590.4846 37.324955
  vertex 126.87029 -590.4846 35.324955
 endloop
endfacet
facet normal -0.08709468 -0.9962 -0
 outer loop
  vertex 126.87029 -590.4846 35.324955
  vertex 126.87029 -590.4846 37.324955
  vertex 126.03533 -590.4116 37.324955
 endloop
endfacet
facet normal -0.08709468 -0.9962 0
 outer loop
  vertex 126.87029 -604.0847 35.324955
  vertex 126.03533 -604.0117 37.324955
  vertex 126.03533 -604.0117 35.324955
 endloop
endfacet
facet normal -0.258804 -0.96592987 -0
 outer loop
  vertex 126.03533 -604.0117 35.324955
  vertex 126.03533 -604.0117 37.324955
  vertex 125.22527 -603.7947 37.324955
 endloop
endfacet
facet normal -0.258804 -0.96592987 0
 outer loop
  vertex 126.03533 -604.0117 35.324955
  vertex 125.22527 -603.7947 37.324955
  vertex 125.22527 -603.7947 35.324955
 endloop
endfacet
facet normal -0.42318818 -0.9060418 -0
 outer loop
  vertex 125.22527 -603.7947 35.324955
  vertex 125.22527 -603.7947 37.324955
  vertex 124.46526 -603.4397 37.324955
 endloop
endfacet
facet normal -0.42318818 -0.9060418 0
 outer loop
  vertex 125.22527 -603.7947 35.324955
  vertex 124.46526 -603.4397 37.324955
  vertex 124.46526 -603.4397 35.324955
 endloop
endfacet
facet normal -0.5735991 -0.8191362 -0
 outer loop
  vertex 124.46526 -603.4397 35.324955
  vertex 124.46526 -603.4397 37.324955
  vertex 123.77825 -602.9586 37.324955
 endloop
endfacet
facet normal -0.5735991 -0.8191362 0
 outer loop
  vertex 124.46526 -603.4397 35.324955
  vertex 123.77825 -602.9586 37.324955
  vertex 123.77825 -602.9586 35.324955
 endloop
endfacet
facet normal -0.7065237 -0.70768934 -0
 outer loop
  vertex 123.77825 -602.9586 35.324955
  vertex 123.77825 -602.9586 37.324955
  vertex 123.185356 -602.3667 37.324955
 endloop
endfacet
facet normal -0.7065237 -0.70768934 0
 outer loop
  vertex 123.77825 -602.9586 35.324955
  vertex 123.185356 -602.3667 37.324955
  vertex 123.185356 -602.3667 35.324955
 endloop
endfacet
facet normal -0.8191362 -0.5735991 -0
 outer loop
  vertex 123.185356 -602.3667 35.324955
  vertex 123.185356 -602.3667 37.324955
  vertex 122.70428 -601.6797 37.324955
 endloop
endfacet
facet normal -0.8191362 -0.5735991 0
 outer loop
  vertex 123.185356 -602.3667 35.324955
  vertex 122.70428 -601.6797 37.324955
  vertex 122.70428 -601.6797 35.324955
 endloop
endfacet
facet normal -0.90648794 -0.42223176 -0
 outer loop
  vertex 122.70428 -601.6797 35.324955
  vertex 122.70428 -601.6797 37.324955
  vertex 122.35027 -600.9197 37.324955
 endloop
endfacet
facet normal -0.90648794 -0.42223176 0
 outer loop
  vertex 122.70428 -601.6797 35.324955
  vertex 122.35027 -600.9197 37.324955
  vertex 122.35027 -600.9197 35.324955
 endloop
endfacet
facet normal -0.9659663 -0.25866818 -0
 outer loop
  vertex 122.35027 -600.9197 35.324955
  vertex 122.35027 -600.9197 37.324955
  vertex 122.133354 -600.1096 37.324955
 endloop
endfacet
facet normal -0.9659663 -0.25866818 0
 outer loop
  vertex 122.35027 -600.9197 35.324955
  vertex 122.133354 -600.1096 37.324955
  vertex 122.133354 -600.1096 35.324955
 endloop
endfacet
facet normal -0.9962 -0.08709468 -0
 outer loop
  vertex 122.133354 -600.1096 35.324955
  vertex 122.133354 -600.1096 37.324955
  vertex 122.060356 -599.27466 37.324955
 endloop
endfacet
facet normal -0.9962 -0.08709468 0
 outer loop
  vertex 122.133354 -600.1096 35.324955
  vertex 122.060356 -599.27466 37.324955
  vertex 122.060356 -599.27466 35.324955
 endloop
endfacet
facet normal -0.99620885 0.08699371 0
 outer loop
  vertex 122.060356 -599.27466 35.324955
  vertex 122.060356 -599.27466 37.324955
  vertex 122.133354 -598.4387 37.324955
 endloop
endfacet
facet normal -0.99620885 0.08699371 0
 outer loop
  vertex 122.060356 -599.27466 35.324955
  vertex 122.133354 -598.4387 37.324955
  vertex 122.133354 -598.4387 35.324955
 endloop
endfacet
facet normal -0.9658882 0.25895947 0
 outer loop
  vertex 122.133354 -598.4387 35.324955
  vertex 122.133354 -598.4387 37.324955
  vertex 122.35027 -597.62964 37.324955
 endloop
endfacet
facet normal -0.9658882 0.25895947 0
 outer loop
  vertex 122.133354 -598.4387 35.324955
  vertex 122.35027 -597.62964 37.324955
  vertex 122.35027 -597.62964 35.324955
 endloop
endfacet
facet normal -0.90648794 0.42223176 0
 outer loop
  vertex 122.35027 -597.62964 35.324955
  vertex 122.35027 -597.62964 37.324955
  vertex 122.70428 -596.8696 37.324955
 endloop
endfacet
facet normal -0.90648794 0.42223176 0
 outer loop
  vertex 122.35027 -597.62964 35.324955
  vertex 122.70428 -596.8696 37.324955
  vertex 122.70428 -596.8696 35.324955
 endloop
endfacet
facet normal -0.8191362 0.5735991 0
 outer loop
  vertex 122.70428 -596.8696 35.324955
  vertex 122.70428 -596.8696 37.324955
  vertex 123.185356 -596.1826 37.324955
 endloop
endfacet
facet normal -0.8191362 0.5735991 0
 outer loop
  vertex 122.70428 -596.8696 35.324955
  vertex 123.185356 -596.1826 37.324955
  vertex 123.185356 -596.1826 35.324955
 endloop
endfacet
facet normal -0.7071068 0.7071068 0
 outer loop
  vertex 123.185356 -596.1826 35.324955
  vertex 123.185356 -596.1826 37.324955
  vertex 123.77825 -595.5897 37.324955
 endloop
endfacet
facet normal -0.7071068 0.7071068 0
 outer loop
  vertex 123.185356 -596.1826 35.324955
  vertex 123.77825 -595.5897 37.324955
  vertex 123.77825 -595.5897 35.324955
 endloop
endfacet
facet normal -0.5735991 0.8191362 0
 outer loop
  vertex 123.77825 -595.5897 35.324955
  vertex 123.77825 -595.5897 37.324955
  vertex 124.46526 -595.10864 37.324955
 endloop
endfacet
facet normal -0.5735991 0.8191362 0
 outer loop
  vertex 123.77825 -595.5897 35.324955
  vertex 124.46526 -595.10864 37.324955
  vertex 124.46526 -595.10864 35.324955
 endloop
endfacet
facet normal -0.42223176 0.90648794 0
 outer loop
  vertex 124.46526 -595.10864 35.324955
  vertex 124.46526 -595.10864 37.324955
  vertex 125.22527 -594.75464 37.324955
 endloop
endfacet
facet normal -0.42223176 0.90648794 0
 outer loop
  vertex 124.46526 -595.10864 35.324955
  vertex 125.22527 -594.75464 37.324955
  vertex 125.22527 -594.75464 35.324955
 endloop
endfacet
facet normal -0.25866818 0.9659663 0
 outer loop
  vertex 125.22527 -594.75464 35.324955
  vertex 125.22527 -594.75464 37.324955
  vertex 126.03533 -594.5377 37.324955
 endloop
endfacet
facet normal -0.25866818 0.9659663 0
 outer loop
  vertex 125.22527 -594.75464 35.324955
  vertex 126.03533 -594.5377 37.324955
  vertex 126.03533 -594.5377 35.324955
 endloop
endfacet
facet normal -0.08709468 0.9962 0
 outer loop
  vertex 126.03533 -594.5377 35.324955
  vertex 126.03533 -594.5377 37.324955
  vertex 126.87029 -594.4647 37.324955
 endloop
endfacet
facet normal -0.08709468 0.9962 0
 outer loop
  vertex 126.03533 -594.5377 35.324955
  vertex 126.87029 -594.4647 37.324955
  vertex 126.87029 -594.4647 35.324955
 endloop
endfacet
facet normal 0.08709468 0.9962 0
 outer loop
  vertex 126.87029 -594.4647 35.324955
  vertex 126.87029 -594.4647 37.324955
  vertex 127.70525 -594.5377 37.324955
 endloop
endfacet
facet normal 0.08709468 0.9962 -0
 outer loop
  vertex 126.87029 -594.4647 35.324955
  vertex 127.70525 -594.5377 37.324955
  vertex 127.70525 -594.5377 35.324955
 endloop
endfacet
facet normal 0.25867045 0.9659656 0
 outer loop
  vertex 127.70525 -594.5377 35.324955
  vertex 127.70525 -594.5377 37.324955
  vertex 128.5153 -594.75464 37.324955
 endloop
endfacet
facet normal 0.25867045 0.9659656 -0
 outer loop
  vertex 127.70525 -594.5377 35.324955
  vertex 128.5153 -594.75464 37.324955
  vertex 128.5153 -594.75464 35.324955
 endloop
endfacet
facet normal 0.42223176 0.90648794 0
 outer loop
  vertex 128.5153 -594.75464 35.324955
  vertex 128.5153 -594.75464 37.324955
  vertex 129.27531 -595.10864 37.324955
 endloop
endfacet
facet normal 0.42223176 0.90648794 -0
 outer loop
  vertex 128.5153 -594.75464 35.324955
  vertex 129.27531 -595.10864 37.324955
  vertex 129.27531 -595.10864 35.324955
 endloop
endfacet
facet normal 0.5735991 0.8191362 0
 outer loop
  vertex 129.27531 -595.10864 35.324955
  vertex 129.27531 -595.10864 37.324955
  vertex 129.96233 -595.5897 37.324955
 endloop
endfacet
facet normal 0.5735991 0.8191362 -0
 outer loop
  vertex 129.27531 -595.10864 35.324955
  vertex 129.96233 -595.5897 37.324955
  vertex 129.96233 -595.5897 35.324955
 endloop
endfacet
facet normal 0.707034 0.70717955 0
 outer loop
  vertex 129.96233 -595.5897 35.324955
  vertex 129.96233 -595.5897 37.324955
  vertex 130.55534 -596.1826 37.324955
 endloop
endfacet
facet normal 0.707034 0.70717955 -0
 outer loop
  vertex 129.96233 -595.5897 35.324955
  vertex 130.55534 -596.1826 37.324955
  vertex 130.55534 -596.1826 35.324955
 endloop
endfacet
facet normal 0.81920457 0.5735014 0
 outer loop
  vertex 130.55534 -596.1826 35.324955
  vertex 130.55534 -596.1826 37.324955
  vertex 131.0363 -596.8696 37.324955
 endloop
endfacet
facet normal 0.81920457 0.5735014 -0
 outer loop
  vertex 130.55534 -596.1826 35.324955
  vertex 131.0363 -596.8696 37.324955
  vertex 131.0363 -596.8696 35.324955
 endloop
endfacet
facet normal 0.90648794 0.42223176 0
 outer loop
  vertex 131.0363 -596.8696 35.324955
  vertex 131.0363 -596.8696 37.324955
  vertex 131.3903 -597.62964 37.324955
 endloop
endfacet
facet normal 0.90648794 0.42223176 -0
 outer loop
  vertex 131.0363 -596.8696 35.324955
  vertex 131.3903 -597.62964 37.324955
  vertex 131.3903 -597.62964 35.324955
 endloop
endfacet
facet normal 0.9658517 0.2590954 0
 outer loop
  vertex 131.3903 -597.62964 35.324955
  vertex 131.3903 -597.62964 37.324955
  vertex 131.60735 -598.4387 37.324955
 endloop
endfacet
facet normal 0.9658517 0.2590954 -0
 outer loop
  vertex 131.3903 -597.62964 35.324955
  vertex 131.60735 -598.4387 37.324955
  vertex 131.60735 -598.4387 35.324955
 endloop
endfacet
facet normal 0.99620885 0.08699371 0
 outer loop
  vertex 131.60735 -598.4387 35.324955
  vertex 131.60735 -598.4387 37.324955
  vertex 131.68034 -599.27466 37.324955
 endloop
endfacet
facet normal 0.99620885 0.08699371 -0
 outer loop
  vertex 131.60735 -598.4387 35.324955
  vertex 131.68034 -599.27466 37.324955
  vertex 131.68034 -599.27466 35.324955
 endloop
endfacet
facet normal 0.9962 -0.08709468 0
 outer loop
  vertex 131.68034 -599.27466 35.324955
  vertex 131.68034 -599.27466 37.324955
  vertex 131.60735 -600.1096 37.324955
 endloop
endfacet
facet normal 0.9962 -0.08709468 0
 outer loop
  vertex 131.68034 -599.27466 35.324955
  vertex 131.60735 -600.1096 37.324955
  vertex 131.60735 -600.1096 35.324955
 endloop
endfacet
facet normal 0.96592987 -0.258804 0
 outer loop
  vertex 131.60735 -600.1096 35.324955
  vertex 131.60735 -600.1096 37.324955
  vertex 131.3903 -600.9197 37.324955
 endloop
endfacet
facet normal 0.96592987 -0.258804 0
 outer loop
  vertex 131.60735 -600.1096 35.324955
  vertex 131.3903 -600.9197 37.324955
  vertex 131.3903 -600.9197 35.324955
 endloop
endfacet
facet normal 0.90648794 -0.42223176 0
 outer loop
  vertex 131.3903 -600.9197 35.324955
  vertex 131.3903 -600.9197 37.324955
  vertex 131.0363 -601.6797 37.324955
 endloop
endfacet
facet normal 0.90648794 -0.42223176 0
 outer loop
  vertex 131.3903 -600.9197 35.324955
  vertex 131.0363 -601.6797 37.324955
  vertex 131.0363 -601.6797 35.324955
 endloop
endfacet
facet normal 0.81920457 -0.5735014 0
 outer loop
  vertex 131.0363 -601.6797 35.324955
  vertex 131.0363 -601.6797 37.324955
  vertex 130.55534 -602.3667 37.324955
 endloop
endfacet
facet normal 0.81920457 -0.5735014 0
 outer loop
  vertex 131.0363 -601.6797 35.324955
  vertex 130.55534 -602.3667 37.324955
  vertex 130.55534 -602.3667 35.324955
 endloop
endfacet
facet normal 0.7064509 -0.7077621 0
 outer loop
  vertex 130.55534 -602.3667 35.324955
  vertex 130.55534 -602.3667 37.324955
  vertex 129.96233 -602.9586 37.324955
 endloop
endfacet
facet normal 0.7064509 -0.7077621 0
 outer loop
  vertex 130.55534 -602.3667 35.324955
  vertex 129.96233 -602.9586 37.324955
  vertex 129.96233 -602.9586 35.324955
 endloop
endfacet
facet normal 0.5735991 -0.8191362 0
 outer loop
  vertex 129.96233 -602.9586 35.324955
  vertex 129.96233 -602.9586 37.324955
  vertex 129.27531 -603.4397 37.324955
 endloop
endfacet
facet normal 0.5735991 -0.8191362 0
 outer loop
  vertex 129.96233 -602.9586 35.324955
  vertex 129.27531 -603.4397 37.324955
  vertex 129.27531 -603.4397 35.324955
 endloop
endfacet
facet normal 0.42318818 -0.9060418 0
 outer loop
  vertex 129.27531 -603.4397 35.324955
  vertex 129.27531 -603.4397 37.324955
  vertex 128.5153 -603.7947 37.324955
 endloop
endfacet
facet normal 0.42318818 -0.9060418 0
 outer loop
  vertex 129.27531 -603.4397 35.324955
  vertex 128.5153 -603.7947 37.324955
  vertex 128.5153 -603.7947 35.324955
 endloop
endfacet
facet normal 0.25880626 -0.9659292 0
 outer loop
  vertex 128.5153 -603.7947 35.324955
  vertex 128.5153 -603.7947 37.324955
  vertex 127.70525 -604.0117 37.324955
 endloop
endfacet
facet normal 0.25880626 -0.9659292 0
 outer loop
  vertex 128.5153 -603.7947 35.324955
  vertex 127.70525 -604.0117 37.324955
  vertex 127.70525 -604.0117 35.324955
 endloop
endfacet
facet normal 0.08709468 -0.9962 0
 outer loop
  vertex 127.70525 -604.0117 35.324955
  vertex 127.70525 -604.0117 37.324955
  vertex 126.87029 -604.0847 37.324955
 endloop
endfacet
facet normal 0.08709468 -0.9962 0
 outer loop
  vertex 127.70525 -604.0117 35.324955
  vertex 126.87029 -604.0847 37.324955
  vertex 126.87029 -604.0847 35.324955
 endloop
endfacet
facet normal -0.08709468 -0.9962 -0
 outer loop
  vertex 126.87029 -604.0847 35.324955
  vertex 126.87029 -604.0847 37.324955
  vertex 126.03533 -604.0117 37.324955
 endloop
endfacet
facet normal -0.08709468 -0.9962 0
 outer loop
  vertex 126.87029 -617.6847 35.324955
  vertex 126.03533 -617.6117 37.324955
  vertex 126.03533 -617.6117 35.324955
 endloop
endfacet
facet normal -0.258804 -0.96592987 -0
 outer loop
  vertex 126.03533 -617.6117 35.324955
  vertex 126.03533 -617.6117 37.324955
  vertex 125.22527 -617.39465 37.324955
 endloop
endfacet
facet normal -0.258804 -0.96592987 0
 outer loop
  vertex 126.03533 -617.6117 35.324955
  vertex 125.22527 -617.39465 37.324955
  vertex 125.22527 -617.39465 35.324955
 endloop
endfacet
facet normal -0.42318818 -0.9060418 -0
 outer loop
  vertex 125.22527 -617.39465 35.324955
  vertex 125.22527 -617.39465 37.324955
  vertex 124.46526 -617.0397 37.324955
 endloop
endfacet
facet normal -0.42318818 -0.9060418 0
 outer loop
  vertex 125.22527 -617.39465 35.324955
  vertex 124.46526 -617.0397 37.324955
  vertex 124.46526 -617.0397 35.324955
 endloop
endfacet
facet normal -0.5735014 -0.81920457 -0
 outer loop
  vertex 124.46526 -617.0397 35.324955
  vertex 124.46526 -617.0397 37.324955
  vertex 123.77825 -616.5587 37.324955
 endloop
endfacet
facet normal -0.5735014 -0.81920457 0
 outer loop
  vertex 124.46526 -617.0397 35.324955
  vertex 123.77825 -616.5587 37.324955
  vertex 123.77825 -616.5587 35.324955
 endloop
endfacet
facet normal -0.7065967 -0.7076165 -0
 outer loop
  vertex 123.77825 -616.5587 35.324955
  vertex 123.77825 -616.5587 37.324955
  vertex 123.185356 -615.9667 37.324955
 endloop
endfacet
facet normal -0.7065967 -0.7076165 0
 outer loop
  vertex 123.77825 -616.5587 35.324955
  vertex 123.185356 -615.9667 37.324955
  vertex 123.185356 -615.9667 35.324955
 endloop
endfacet
facet normal -0.8191362 -0.5735991 -0
 outer loop
  vertex 123.185356 -615.9667 35.324955
  vertex 123.185356 -615.9667 37.324955
  vertex 122.70428 -615.27966 37.324955
 endloop
endfacet
facet normal -0.8191362 -0.5735991 0
 outer loop
  vertex 123.185356 -615.9667 35.324955
  vertex 122.70428 -615.27966 37.324955
  vertex 122.70428 -615.27966 35.324955
 endloop
endfacet
facet normal -0.90648794 -0.42223176 -0
 outer loop
  vertex 122.70428 -615.27966 35.324955
  vertex 122.70428 -615.27966 37.324955
  vertex 122.35027 -614.51965 37.324955
 endloop
endfacet
facet normal -0.90648794 -0.42223176 0
 outer loop
  vertex 122.70428 -615.27966 35.324955
  vertex 122.35027 -614.51965 37.324955
  vertex 122.35027 -614.51965 35.324955
 endloop
endfacet
facet normal -0.9659565 -0.25870454 -0
 outer loop
  vertex 122.35027 -614.51965 35.324955
  vertex 122.35027 -614.51965 37.324955
  vertex 122.133354 -613.7097 37.324955
 endloop
endfacet
facet normal -0.9659565 -0.25870454 0
 outer loop
  vertex 122.35027 -614.51965 35.324955
  vertex 122.133354 -613.7097 37.324955
  vertex 122.133354 -613.7097 35.324955
 endloop
endfacet
facet normal -0.99620116 -0.08708205 -0
 outer loop
  vertex 122.133354 -613.7097 35.324955
  vertex 122.133354 -613.7097 37.324955
  vertex 122.060356 -612.87463 37.324955
 endloop
endfacet
facet normal -0.99620116 -0.08708205 0
 outer loop
  vertex 122.133354 -613.7097 35.324955
  vertex 122.060356 -612.87463 37.324955
  vertex 122.060356 -612.87463 35.324955
 endloop
endfacet
facet normal -0.99620885 0.08699371 0
 outer loop
  vertex 122.060356 -612.87463 35.324955
  vertex 122.060356 -612.87463 37.324955
  vertex 122.133354 -612.0387 37.324955
 endloop
endfacet
facet normal -0.99620885 0.08699371 0
 outer loop
  vertex 122.060356 -612.87463 35.324955
  vertex 122.133354 -612.0387 37.324955
  vertex 122.133354 -612.0387 35.324955
 endloop
endfacet
facet normal -0.9658882 0.25895947 0
 outer loop
  vertex 122.133354 -612.0387 35.324955
  vertex 122.133354 -612.0387 37.324955
  vertex 122.35027 -611.2296 37.324955
 endloop
endfacet
facet normal -0.9658882 0.25895947 0
 outer loop
  vertex 122.133354 -612.0387 35.324955
  vertex 122.35027 -611.2296 37.324955
  vertex 122.35027 -611.2296 35.324955
 endloop
endfacet
facet normal -0.90648794 0.42223176 0
 outer loop
  vertex 122.35027 -611.2296 35.324955
  vertex 122.35027 -611.2296 37.324955
  vertex 122.70428 -610.4696 37.324955
 endloop
endfacet
facet normal -0.90648794 0.42223176 0
 outer loop
  vertex 122.35027 -611.2296 35.324955
  vertex 122.70428 -610.4696 37.324955
  vertex 122.70428 -610.4696 35.324955
 endloop
endfacet
facet normal -0.81908834 0.5736675 0
 outer loop
  vertex 122.70428 -610.4696 35.324955
  vertex 122.70428 -610.4696 37.324955
  vertex 123.185356 -609.7827 37.324955
 endloop
endfacet
facet normal -0.81908834 0.5736675 0
 outer loop
  vertex 122.70428 -610.4696 35.324955
  vertex 123.185356 -609.7827 37.324955
  vertex 123.185356 -609.7827 35.324955
 endloop
endfacet
facet normal -0.70717955 0.707034 0
 outer loop
  vertex 123.185356 -609.7827 35.324955
  vertex 123.185356 -609.7827 37.324955
  vertex 123.77825 -609.1897 37.324955
 endloop
endfacet
facet normal -0.70717955 0.707034 0
 outer loop
  vertex 123.185356 -609.7827 35.324955
  vertex 123.77825 -609.1897 37.324955
  vertex 123.77825 -609.1897 35.324955
 endloop
endfacet
facet normal -0.5735991 0.8191362 0
 outer loop
  vertex 123.77825 -609.1897 35.324955
  vertex 123.77825 -609.1897 37.324955
  vertex 124.46526 -608.7086 37.324955
 endloop
endfacet
facet normal -0.5735991 0.8191362 0
 outer loop
  vertex 123.77825 -609.1897 35.324955
  vertex 124.46526 -608.7086 37.324955
  vertex 124.46526 -608.7086 35.324955
 endloop
endfacet
facet normal -0.42223176 0.90648794 0
 outer loop
  vertex 124.46526 -608.7086 35.324955
  vertex 124.46526 -608.7086 37.324955
  vertex 125.22527 -608.3546 37.324955
 endloop
endfacet
facet normal -0.42223176 0.90648794 0
 outer loop
  vertex 124.46526 -608.7086 35.324955
  vertex 125.22527 -608.3546 37.324955
  vertex 125.22527 -608.3546 35.324955
 endloop
endfacet
facet normal -0.25866818 0.9659663 0
 outer loop
  vertex 125.22527 -608.3546 35.324955
  vertex 125.22527 -608.3546 37.324955
  vertex 126.03533 -608.1377 37.324955
 endloop
endfacet
facet normal -0.25866818 0.9659663 0
 outer loop
  vertex 125.22527 -608.3546 35.324955
  vertex 126.03533 -608.1377 37.324955
  vertex 126.03533 -608.1377 35.324955
 endloop
endfacet
facet normal -0.08709468 0.9962 0
 outer loop
  vertex 126.03533 -608.1377 35.324955
  vertex 126.03533 -608.1377 37.324955
  vertex 126.87029 -608.0647 37.324955
 endloop
endfacet
facet normal -0.08709468 0.9962 0
 outer loop
  vertex 126.03533 -608.1377 35.324955
  vertex 126.87029 -608.0647 37.324955
  vertex 126.87029 -608.0647 35.324955
 endloop
endfacet
facet normal 0.08709468 0.9962 0
 outer loop
  vertex 126.87029 -608.0647 35.324955
  vertex 126.87029 -608.0647 37.324955
  vertex 127.70525 -608.1377 37.324955
 endloop
endfacet
facet normal 0.08709468 0.9962 -0
 outer loop
  vertex 126.87029 -608.0647 35.324955
  vertex 127.70525 -608.1377 37.324955
  vertex 127.70525 -608.1377 35.324955
 endloop
endfacet
facet normal 0.25867045 0.9659656 0
 outer loop
  vertex 127.70525 -608.1377 35.324955
  vertex 127.70525 -608.1377 37.324955
  vertex 128.5153 -608.3546 37.324955
 endloop
endfacet
facet normal 0.25867045 0.9659656 -0
 outer loop
  vertex 127.70525 -608.1377 35.324955
  vertex 128.5153 -608.3546 37.324955
  vertex 128.5153 -608.3546 35.324955
 endloop
endfacet
facet normal 0.42223176 0.90648794 0
 outer loop
  vertex 128.5153 -608.3546 35.324955
  vertex 128.5153 -608.3546 37.324955
  vertex 129.27531 -608.7086 37.324955
 endloop
endfacet
facet normal 0.42223176 0.90648794 -0
 outer loop
  vertex 128.5153 -608.3546 35.324955
  vertex 129.27531 -608.7086 37.324955
  vertex 129.27531 -608.7086 35.324955
 endloop
endfacet
facet normal 0.5735991 0.8191362 0
 outer loop
  vertex 129.27531 -608.7086 35.324955
  vertex 129.27531 -608.7086 37.324955
  vertex 129.96233 -609.1897 37.324955
 endloop
endfacet
facet normal 0.5735991 0.8191362 -0
 outer loop
  vertex 129.27531 -608.7086 35.324955
  vertex 129.96233 -609.1897 37.324955
  vertex 129.96233 -609.1897 35.324955
 endloop
endfacet
facet normal 0.70710677 0.70710677 0
 outer loop
  vertex 129.96233 -609.1897 35.324955
  vertex 129.96233 -609.1897 37.324955
  vertex 130.55534 -609.7827 37.324955
 endloop
endfacet
facet normal 0.70710677 0.70710677 -0
 outer loop
  vertex 129.96233 -609.1897 35.324955
  vertex 130.55534 -609.7827 37.324955
  vertex 130.55534 -609.7827 35.324955
 endloop
endfacet
facet normal 0.8191567 0.57356983 0
 outer loop
  vertex 130.55534 -609.7827 35.324955
  vertex 130.55534 -609.7827 37.324955
  vertex 131.0363 -610.4696 37.324955
 endloop
endfacet
facet normal 0.8191567 0.57356983 -0
 outer loop
  vertex 130.55534 -609.7827 35.324955
  vertex 131.0363 -610.4696 37.324955
  vertex 131.0363 -610.4696 35.324955
 endloop
endfacet
facet normal 0.90648097 0.42224672 0
 outer loop
  vertex 131.0363 -610.4696 35.324955
  vertex 131.0363 -610.4696 37.324955
  vertex 131.39032 -611.2296 37.324955
 endloop
endfacet
facet normal 0.90648097 0.42224672 -0
 outer loop
  vertex 131.0363 -610.4696 35.324955
  vertex 131.39032 -611.2296 37.324955
  vertex 131.39032 -611.2296 35.324955
 endloop
endfacet
facet normal 0.9658517 0.2590954 0
 outer loop
  vertex 131.39032 -611.2296 35.324955
  vertex 131.39032 -611.2296 37.324955
  vertex 131.60736 -612.0387 37.324955
 endloop
endfacet
facet normal 0.9658517 0.2590954 -0
 outer loop
  vertex 131.39032 -611.2296 35.324955
  vertex 131.60736 -612.0387 37.324955
  vertex 131.60736 -612.0387 35.324955
 endloop
endfacet
facet normal 0.99620885 0.08699371 0
 outer loop
  vertex 131.60736 -612.0387 35.324955
  vertex 131.60736 -612.0387 37.324955
  vertex 131.68036 -612.87463 37.324955
 endloop
endfacet
facet normal 0.99620885 0.08699371 -0
 outer loop
  vertex 131.60736 -612.0387 35.324955
  vertex 131.68036 -612.87463 37.324955
  vertex 131.68036 -612.87463 35.324955
 endloop
endfacet
facet normal 0.99620116 -0.08708205 0
 outer loop
  vertex 131.68036 -612.87463 35.324955
  vertex 131.68036 -612.87463 37.324955
  vertex 131.60736 -613.7097 37.324955
 endloop
endfacet
facet normal 0.99620116 -0.08708205 0
 outer loop
  vertex 131.68036 -612.87463 35.324955
  vertex 131.60736 -613.7097 37.324955
  vertex 131.60736 -613.7097 35.324955
 endloop
endfacet
facet normal 0.9659201 -0.25884038 0
 outer loop
  vertex 131.60736 -613.7097 35.324955
  vertex 131.60736 -613.7097 37.324955
  vertex 131.39032 -614.51965 37.324955
 endloop
endfacet
facet normal 0.9659201 -0.25884038 0
 outer loop
  vertex 131.60736 -613.7097 35.324955
  vertex 131.39032 -614.51965 37.324955
  vertex 131.39032 -614.51965 35.324955
 endloop
endfacet
facet normal 0.90648794 -0.42223176 0
 outer loop
  vertex 131.39032 -614.51965 35.324955
  vertex 131.39032 -614.51965 37.324955
  vertex 131.03632 -615.27966 37.324955
 endloop
endfacet
facet normal 0.90648794 -0.42223176 0
 outer loop
  vertex 131.39032 -614.51965 35.324955
  vertex 131.03632 -615.27966 37.324955
  vertex 131.03632 -615.27966 35.324955
 endloop
endfacet
facet normal 0.81920457 -0.5735014 0
 outer loop
  vertex 131.03632 -615.27966 35.324955
  vertex 131.03632 -615.27966 37.324955
  vertex 130.55536 -615.9667 37.324955
 endloop
endfacet
facet normal 0.81920457 -0.5735014 0
 outer loop
  vertex 131.03632 -615.27966 35.324955
  vertex 130.55536 -615.9667 37.324955
  vertex 130.55536 -615.9667 35.324955
 endloop
endfacet
facet normal 0.70652384 -0.7076893 0
 outer loop
  vertex 130.55536 -615.9667 35.324955
  vertex 130.55536 -615.9667 37.324955
  vertex 129.96234 -616.5587 37.324955
 endloop
endfacet
facet normal 0.70652384 -0.7076893 0
 outer loop
  vertex 130.55536 -615.9667 35.324955
  vertex 129.96234 -616.5587 37.324955
  vertex 129.96234 -616.5587 35.324955
 endloop
endfacet
facet normal 0.5735014 -0.81920457 0
 outer loop
  vertex 129.96234 -616.5587 35.324955
  vertex 129.96234 -616.5587 37.324955
  vertex 129.27533 -617.0397 37.324955
 endloop
endfacet
facet normal 0.5735014 -0.81920457 0
 outer loop
  vertex 129.96234 -616.5587 35.324955
  vertex 129.27533 -617.0397 37.324955
  vertex 129.27533 -617.0397 35.324955
 endloop
endfacet
facet normal 0.42318818 -0.9060418 0
 outer loop
  vertex 129.27533 -617.0397 35.324955
  vertex 129.27533 -617.0397 37.324955
  vertex 128.51532 -617.39465 37.324955
 endloop
endfacet
facet normal 0.42318818 -0.9060418 0
 outer loop
  vertex 129.27533 -617.0397 35.324955
  vertex 128.51532 -617.39465 37.324955
  vertex 128.51532 -617.39465 35.324955
 endloop
endfacet
facet normal 0.25880173 -0.96593046 0
 outer loop
  vertex 128.51532 -617.39465 35.324955
  vertex 128.51532 -617.39465 37.324955
  vertex 127.70525 -617.6117 37.324955
 endloop
endfacet
facet normal 0.25880173 -0.96593046 0
 outer loop
  vertex 128.51532 -617.39465 35.324955
  vertex 127.70525 -617.6117 37.324955
  vertex 127.70525 -617.6117 35.324955
 endloop
endfacet
facet normal 0.08709468 -0.9962 0
 outer loop
  vertex 127.70525 -617.6117 35.324955
  vertex 127.70525 -617.6117 37.324955
  vertex 126.87029 -617.6847 37.324955
 endloop
endfacet
facet normal 0.08709468 -0.9962 0
 outer loop
  vertex 127.70525 -617.6117 35.324955
  vertex 126.87029 -617.6847 37.324955
  vertex 126.87029 -617.6847 35.324955
 endloop
endfacet
facet normal -0.08709468 -0.9962 -0
 outer loop
  vertex 126.87029 -617.6847 35.324955
  vertex 126.87029 -617.6847 37.324955
  vertex 126.03533 -617.6117 37.324955
 endloop
endfacet
facet normal -0.08709468 -0.9962 0
 outer loop
  vertex 126.87029 -631.28467 35.324955
  vertex 126.03533 -631.2117 37.324955
  vertex 126.03533 -631.2117 35.324955
 endloop
endfacet
facet normal -0.258804 -0.96592987 -0
 outer loop
  vertex 126.03533 -631.2117 35.324955
  vertex 126.03533 -631.2117 37.324955
  vertex 125.22527 -630.9946 37.324955
 endloop
endfacet
facet normal -0.258804 -0.96592987 0
 outer loop
  vertex 126.03533 -631.2117 35.324955
  vertex 125.22527 -630.9946 37.324955
  vertex 125.22527 -630.9946 35.324955
 endloop
endfacet
facet normal -0.42318818 -0.9060418 -0
 outer loop
  vertex 125.22527 -630.9946 35.324955
  vertex 125.22527 -630.9946 37.324955
  vertex 124.46526 -630.63965 37.324955
 endloop
endfacet
facet normal -0.42318818 -0.9060418 0
 outer loop
  vertex 125.22527 -630.9946 35.324955
  vertex 124.46526 -630.63965 37.324955
  vertex 124.46526 -630.63965 35.324955
 endloop
endfacet
facet normal -0.5735014 -0.81920457 -0
 outer loop
  vertex 124.46526 -630.63965 35.324955
  vertex 124.46526 -630.63965 37.324955
  vertex 123.77825 -630.1587 37.324955
 endloop
endfacet
facet normal -0.5735014 -0.81920457 0
 outer loop
  vertex 124.46526 -630.63965 35.324955
  vertex 123.77825 -630.1587 37.324955
  vertex 123.77825 -630.1587 35.324955
 endloop
endfacet
facet normal -0.7065967 -0.7076165 -0
 outer loop
  vertex 123.77825 -630.1587 35.324955
  vertex 123.77825 -630.1587 37.324955
  vertex 123.185356 -629.56665 37.324955
 endloop
endfacet
facet normal -0.7065967 -0.7076165 0
 outer loop
  vertex 123.77825 -630.1587 35.324955
  vertex 123.185356 -629.56665 37.324955
  vertex 123.185356 -629.56665 35.324955
 endloop
endfacet
facet normal -0.8191362 -0.5735991 -0
 outer loop
  vertex 123.185356 -629.56665 35.324955
  vertex 123.185356 -629.56665 37.324955
  vertex 122.70428 -628.87964 37.324955
 endloop
endfacet
facet normal -0.8191362 -0.5735991 0
 outer loop
  vertex 123.185356 -629.56665 35.324955
  vertex 122.70428 -628.87964 37.324955
  vertex 122.70428 -628.87964 35.324955
 endloop
endfacet
facet normal -0.90648794 -0.42223176 -0
 outer loop
  vertex 122.70428 -628.87964 35.324955
  vertex 122.70428 -628.87964 37.324955
  vertex 122.35027 -628.1196 37.324955
 endloop
endfacet
facet normal -0.90648794 -0.42223176 0
 outer loop
  vertex 122.70428 -628.87964 35.324955
  vertex 122.35027 -628.1196 37.324955
  vertex 122.35027 -628.1196 35.324955
 endloop
endfacet
facet normal -0.9659565 -0.25870454 -0
 outer loop
  vertex 122.35027 -628.1196 35.324955
  vertex 122.35027 -628.1196 37.324955
  vertex 122.133354 -627.3097 37.324955
 endloop
endfacet
facet normal -0.9659565 -0.25870454 0
 outer loop
  vertex 122.35027 -628.1196 35.324955
  vertex 122.133354 -627.3097 37.324955
  vertex 122.133354 -627.3097 35.324955
 endloop
endfacet
facet normal -0.99620116 -0.08708205 -0
 outer loop
  vertex 122.133354 -627.3097 35.324955
  vertex 122.133354 -627.3097 37.324955
  vertex 122.060356 -626.4746 37.324955
 endloop
endfacet
facet normal -0.99620116 -0.08708205 0
 outer loop
  vertex 122.133354 -627.3097 35.324955
  vertex 122.060356 -626.4746 37.324955
  vertex 122.060356 -626.4746 35.324955
 endloop
endfacet
facet normal -0.99620885 0.08699371 0
 outer loop
  vertex 122.060356 -626.4746 35.324955
  vertex 122.060356 -626.4746 37.324955
  vertex 122.133354 -625.6387 37.324955
 endloop
endfacet
facet normal -0.99620885 0.08699371 0
 outer loop
  vertex 122.060356 -626.4746 35.324955
  vertex 122.133354 -625.6387 37.324955
  vertex 122.133354 -625.6387 35.324955
 endloop
endfacet
facet normal -0.9658784 0.25899592 0
 outer loop
  vertex 122.133354 -625.6387 35.324955
  vertex 122.133354 -625.6387 37.324955
  vertex 122.35027 -624.8297 37.324955
 endloop
endfacet
facet normal -0.9658784 0.25899592 0
 outer loop
  vertex 122.133354 -625.6387 35.324955
  vertex 122.35027 -624.8297 37.324955
  vertex 122.35027 -624.8297 35.324955
 endloop
endfacet
facet normal -0.90648794 0.42223176 0
 outer loop
  vertex 122.35027 -624.8297 35.324955
  vertex 122.35027 -624.8297 37.324955
  vertex 122.70428 -624.0697 37.324955
 endloop
endfacet
facet normal -0.90648794 0.42223176 0
 outer loop
  vertex 122.35027 -624.8297 35.324955
  vertex 122.70428 -624.0697 37.324955
  vertex 122.70428 -624.0697 35.324955
 endloop
endfacet
facet normal -0.8191362 0.5735991 0
 outer loop
  vertex 122.70428 -624.0697 35.324955
  vertex 122.70428 -624.0697 37.324955
  vertex 123.185356 -623.3827 37.324955
 endloop
endfacet
facet normal -0.8191362 0.5735991 0
 outer loop
  vertex 122.70428 -624.0697 35.324955
  vertex 123.185356 -623.3827 37.324955
  vertex 123.185356 -623.3827 35.324955
 endloop
endfacet
facet normal -0.70717955 0.707034 0
 outer loop
  vertex 123.185356 -623.3827 35.324955
  vertex 123.185356 -623.3827 37.324955
  vertex 123.77825 -622.7897 37.324955
 endloop
endfacet
facet normal -0.70717955 0.707034 0
 outer loop
  vertex 123.185356 -623.3827 35.324955
  vertex 123.77825 -622.7897 37.324955
  vertex 123.77825 -622.7897 35.324955
 endloop
endfacet
facet normal -0.5735014 0.81920457 0
 outer loop
  vertex 123.77825 -622.7897 35.324955
  vertex 123.77825 -622.7897 37.324955
  vertex 124.46526 -622.3087 37.324955
 endloop
endfacet
facet normal -0.5735014 0.81920457 0
 outer loop
  vertex 123.77825 -622.7897 35.324955
  vertex 124.46526 -622.3087 37.324955
  vertex 124.46526 -622.3087 35.324955
 endloop
endfacet
facet normal -0.42223176 0.90648794 0
 outer loop
  vertex 124.46526 -622.3087 35.324955
  vertex 124.46526 -622.3087 37.324955
  vertex 125.22527 -621.9547 37.324955
 endloop
endfacet
facet normal -0.42223176 0.90648794 0
 outer loop
  vertex 124.46526 -622.3087 35.324955
  vertex 125.22527 -621.9547 37.324955
  vertex 125.22527 -621.9547 35.324955
 endloop
endfacet
facet normal -0.258804 0.96592987 0
 outer loop
  vertex 125.22527 -621.9547 35.324955
  vertex 125.22527 -621.9547 37.324955
  vertex 126.03533 -621.7377 37.324955
 endloop
endfacet
facet normal -0.258804 0.96592987 0
 outer loop
  vertex 125.22527 -621.9547 35.324955
  vertex 126.03533 -621.7377 37.324955
  vertex 126.03533 -621.7377 35.324955
 endloop
endfacet
facet normal -0.08709468 0.9962 0
 outer loop
  vertex 126.03533 -621.7377 35.324955
  vertex 126.03533 -621.7377 37.324955
  vertex 126.87029 -621.6647 37.324955
 endloop
endfacet
facet normal -0.08709468 0.9962 0
 outer loop
  vertex 126.03533 -621.7377 35.324955
  vertex 126.87029 -621.6647 37.324955
  vertex 126.87029 -621.6647 35.324955
 endloop
endfacet
facet normal 0.08709468 0.9962 0
 outer loop
  vertex 126.87029 -621.6647 35.324955
  vertex 126.87029 -621.6647 37.324955
  vertex 127.70525 -621.7377 37.324955
 endloop
endfacet
facet normal 0.08709468 0.9962 -0
 outer loop
  vertex 126.87029 -621.6647 35.324955
  vertex 127.70525 -621.7377 37.324955
  vertex 127.70525 -621.7377 35.324955
 endloop
endfacet
facet normal 0.25880173 0.96593046 0
 outer loop
  vertex 127.70525 -621.7377 35.324955
  vertex 127.70525 -621.7377 37.324955
  vertex 128.51532 -621.9547 37.324955
 endloop
endfacet
facet normal 0.25880173 0.96593046 -0
 outer loop
  vertex 127.70525 -621.7377 35.324955
  vertex 128.51532 -621.9547 37.324955
  vertex 128.51532 -621.9547 35.324955
 endloop
endfacet
facet normal 0.42223176 0.90648794 0
 outer loop
  vertex 128.51532 -621.9547 35.324955
  vertex 128.51532 -621.9547 37.324955
  vertex 129.27533 -622.3087 37.324955
 endloop
endfacet
facet normal 0.42223176 0.90648794 -0
 outer loop
  vertex 128.51532 -621.9547 35.324955
  vertex 129.27533 -622.3087 37.324955
  vertex 129.27533 -622.3087 35.324955
 endloop
endfacet
facet normal 0.5735014 0.81920457 0
 outer loop
  vertex 129.27533 -622.3087 35.324955
  vertex 129.27533 -622.3087 37.324955
  vertex 129.96234 -622.7897 37.324955
 endloop
endfacet
facet normal 0.5735014 0.81920457 -0
 outer loop
  vertex 129.27533 -622.3087 35.324955
  vertex 129.96234 -622.7897 37.324955
  vertex 129.96234 -622.7897 35.324955
 endloop
endfacet
facet normal 0.70710677 0.70710677 0
 outer loop
  vertex 129.96234 -622.7897 35.324955
  vertex 129.96234 -622.7897 37.324955
  vertex 130.55536 -623.3827 37.324955
 endloop
endfacet
facet normal 0.70710677 0.70710677 -0
 outer loop
  vertex 129.96234 -622.7897 35.324955
  vertex 130.55536 -623.3827 37.324955
  vertex 130.55536 -623.3827 35.324955
 endloop
endfacet
facet normal 0.81920457 0.5735014 0
 outer loop
  vertex 130.55536 -623.3827 35.324955
  vertex 130.55536 -623.3827 37.324955
  vertex 131.03632 -624.0697 37.324955
 endloop
endfacet
facet normal 0.81920457 0.5735014 -0
 outer loop
  vertex 130.55536 -623.3827 35.324955
  vertex 131.03632 -624.0697 37.324955
  vertex 131.03632 -624.0697 35.324955
 endloop
endfacet
facet normal 0.90648794 0.42223176 0
 outer loop
  vertex 131.03632 -624.0697 35.324955
  vertex 131.03632 -624.0697 37.324955
  vertex 131.39032 -624.8297 37.324955
 endloop
endfacet
facet normal 0.90648794 0.42223176 -0
 outer loop
  vertex 131.03632 -624.0697 35.324955
  vertex 131.39032 -624.8297 37.324955
  vertex 131.39032 -624.8297 35.324955
 endloop
endfacet
facet normal 0.96584195 0.25913188 0
 outer loop
  vertex 131.39032 -624.8297 35.324955
  vertex 131.39032 -624.8297 37.324955
  vertex 131.60736 -625.6387 37.324955
 endloop
endfacet
facet normal 0.96584195 0.25913188 -0
 outer loop
  vertex 131.39032 -624.8297 35.324955
  vertex 131.60736 -625.6387 37.324955
  vertex 131.60736 -625.6387 35.324955
 endloop
endfacet
facet normal 0.99620885 0.08699371 0
 outer loop
  vertex 131.60736 -625.6387 35.324955
  vertex 131.60736 -625.6387 37.324955
  vertex 131.68036 -626.4746 37.324955
 endloop
endfacet
facet normal 0.99620885 0.08699371 -0
 outer loop
  vertex 131.60736 -625.6387 35.324955
  vertex 131.68036 -626.4746 37.324955
  vertex 131.68036 -626.4746 35.324955
 endloop
endfacet
facet normal 0.99620116 -0.08708205 0
 outer loop
  vertex 131.68036 -626.4746 35.324955
  vertex 131.68036 -626.4746 37.324955
  vertex 131.60736 -627.3097 37.324955
 endloop
endfacet
facet normal 0.99620116 -0.08708205 0
 outer loop
  vertex 131.68036 -626.4746 35.324955
  vertex 131.60736 -627.3097 37.324955
  vertex 131.60736 -627.3097 35.324955
 endloop
endfacet
facet normal 0.9659201 -0.25884038 0
 outer loop
  vertex 131.60736 -627.3097 35.324955
  vertex 131.60736 -627.3097 37.324955
  vertex 131.39032 -628.1196 37.324955
 endloop
endfacet
facet normal 0.9659201 -0.25884038 0
 outer loop
  vertex 131.60736 -627.3097 35.324955
  vertex 131.39032 -628.1196 37.324955
  vertex 131.39032 -628.1196 35.324955
 endloop
endfacet
facet normal 0.90648794 -0.42223176 0
 outer loop
  vertex 131.39032 -628.1196 35.324955
  vertex 131.39032 -628.1196 37.324955
  vertex 131.03632 -628.87964 37.324955
 endloop
endfacet
facet normal 0.90648794 -0.42223176 0
 outer loop
  vertex 131.39032 -628.1196 35.324955
  vertex 131.03632 -628.87964 37.324955
  vertex 131.03632 -628.87964 35.324955
 endloop
endfacet
facet normal 0.81920457 -0.5735014 0
 outer loop
  vertex 131.03632 -628.87964 35.324955
  vertex 131.03632 -628.87964 37.324955
  vertex 130.55536 -629.56665 37.324955
 endloop
endfacet
facet normal 0.81920457 -0.5735014 0
 outer loop
  vertex 131.03632 -628.87964 35.324955
  vertex 130.55536 -629.56665 37.324955
  vertex 130.55536 -629.56665 35.324955
 endloop
endfacet
facet normal 0.70652384 -0.7076893 0
 outer loop
  vertex 130.55536 -629.56665 35.324955
  vertex 130.55536 -629.56665 37.324955
  vertex 129.96234 -630.1587 37.324955
 endloop
endfacet
facet normal 0.70652384 -0.7076893 0
 outer loop
  vertex 130.55536 -629.56665 35.324955
  vertex 129.96234 -630.1587 37.324955
  vertex 129.96234 -630.1587 35.324955
 endloop
endfacet
facet normal 0.5735014 -0.81920457 0
 outer loop
  vertex 129.96234 -630.1587 35.324955
  vertex 129.96234 -630.1587 37.324955
  vertex 129.27533 -630.63965 37.324955
 endloop
endfacet
facet normal 0.5735014 -0.81920457 0
 outer loop
  vertex 129.96234 -630.1587 35.324955
  vertex 129.27533 -630.63965 37.324955
  vertex 129.27533 -630.63965 35.324955
 endloop
endfacet
facet normal 0.42318818 -0.9060418 0
 outer loop
  vertex 129.27533 -630.63965 35.324955
  vertex 129.27533 -630.63965 37.324955
  vertex 128.51532 -630.9946 37.324955
 endloop
endfacet
facet normal 0.42318818 -0.9060418 0
 outer loop
  vertex 129.27533 -630.63965 35.324955
  vertex 128.51532 -630.9946 37.324955
  vertex 128.51532 -630.9946 35.324955
 endloop
endfacet
facet normal 0.25880173 -0.96593046 0
 outer loop
  vertex 128.51532 -630.9946 35.324955
  vertex 128.51532 -630.9946 37.324955
  vertex 127.70525 -631.2117 37.324955
 endloop
endfacet
facet normal 0.25880173 -0.96593046 0
 outer loop
  vertex 128.51532 -630.9946 35.324955
  vertex 127.70525 -631.2117 37.324955
  vertex 127.70525 -631.2117 35.324955
 endloop
endfacet
facet normal 0.08709468 -0.9962 0
 outer loop
  vertex 127.70525 -631.2117 35.324955
  vertex 127.70525 -631.2117 37.324955
  vertex 126.87029 -631.28467 37.324955
 endloop
endfacet
facet normal 0.08709468 -0.9962 0
 outer loop
  vertex 127.70525 -631.2117 35.324955
  vertex 126.87029 -631.28467 37.324955
  vertex 126.87029 -631.28467 35.324955
 endloop
endfacet
facet normal -0.08709468 -0.9962 -0
 outer loop
  vertex 126.87029 -631.28467 35.324955
  vertex 126.87029 -631.28467 37.324955
  vertex 126.03533 -631.2117 37.324955
 endloop
endfacet
facet normal -0.08709468 -0.9962 0
 outer loop
  vertex 126.87029 -644.88464 35.324955
  vertex 126.03533 -644.81165 37.324955
  vertex 126.03533 -644.81165 35.324955
 endloop
endfacet
facet normal -0.25873607 -0.96594805 -0
 outer loop
  vertex 126.03533 -644.81165 35.324955
  vertex 126.03533 -644.81165 37.324955
  vertex 125.22527 -644.59467 37.324955
 endloop
endfacet
facet normal -0.25873607 -0.96594805 0
 outer loop
  vertex 126.03533 -644.81165 35.324955
  vertex 125.22527 -644.59467 37.324955
  vertex 125.22527 -644.59467 35.324955
 endloop
endfacet
facet normal -0.42318818 -0.9060418 -0
 outer loop
  vertex 125.22527 -644.59467 35.324955
  vertex 125.22527 -644.59467 37.324955
  vertex 124.46526 -644.2397 37.324955
 endloop
endfacet
facet normal -0.42318818 -0.9060418 0
 outer loop
  vertex 125.22527 -644.59467 35.324955
  vertex 124.46526 -644.2397 37.324955
  vertex 124.46526 -644.2397 35.324955
 endloop
endfacet
facet normal -0.5735502 -0.81917036 -0
 outer loop
  vertex 124.46526 -644.2397 35.324955
  vertex 124.46526 -644.2397 37.324955
  vertex 123.77825 -643.75867 37.324955
 endloop
endfacet
facet normal -0.5735502 -0.81917036 0
 outer loop
  vertex 124.46526 -644.2397 35.324955
  vertex 123.77825 -643.75867 37.324955
  vertex 123.77825 -643.75867 35.324955
 endloop
endfacet
facet normal -0.70656025 -0.707653 -0
 outer loop
  vertex 123.77825 -643.75867 35.324955
  vertex 123.77825 -643.75867 37.324955
  vertex 123.185356 -643.1667 37.324955
 endloop
endfacet
facet normal -0.70656025 -0.707653 0
 outer loop
  vertex 123.77825 -643.75867 35.324955
  vertex 123.185356 -643.1667 37.324955
  vertex 123.185356 -643.1667 35.324955
 endloop
endfacet
facet normal -0.8191362 -0.5735991 -0
 outer loop
  vertex 123.185356 -643.1667 35.324955
  vertex 123.185356 -643.1667 37.324955
  vertex 122.70428 -642.4797 37.324955
 endloop
endfacet
facet normal -0.8191362 -0.5735991 0
 outer loop
  vertex 123.185356 -643.1667 35.324955
  vertex 122.70428 -642.4797 37.324955
  vertex 122.70428 -642.4797 35.324955
 endloop
endfacet
facet normal -0.90648794 -0.42223176 -0
 outer loop
  vertex 122.70428 -642.4797 35.324955
  vertex 122.70428 -642.4797 37.324955
  vertex 122.35027 -641.71967 37.324955
 endloop
endfacet
facet normal -0.90648794 -0.42223176 0
 outer loop
  vertex 122.70428 -642.4797 35.324955
  vertex 122.35027 -641.71967 37.324955
  vertex 122.35027 -641.71967 35.324955
 endloop
endfacet
facet normal -0.9659614 -0.25868636 -0
 outer loop
  vertex 122.35027 -641.71967 35.324955
  vertex 122.35027 -641.71967 37.324955
  vertex 122.133354 -640.90967 37.324955
 endloop
endfacet
facet normal -0.9659614 -0.25868636 0
 outer loop
  vertex 122.35027 -641.71967 35.324955
  vertex 122.133354 -640.90967 37.324955
  vertex 122.133354 -640.90967 35.324955
 endloop
endfacet
facet normal -0.9962006 -0.08708837 -0
 outer loop
  vertex 122.133354 -640.90967 35.324955
  vertex 122.133354 -640.90967 37.324955
  vertex 122.060356 -640.07465 37.324955
 endloop
endfacet
facet normal -0.9962006 -0.08708837 0
 outer loop
  vertex 122.133354 -640.90967 35.324955
  vertex 122.060356 -640.07465 37.324955
  vertex 122.060356 -640.07465 35.324955
 endloop
endfacet
facet normal -0.99620944 0.086987406 0
 outer loop
  vertex 122.060356 -640.07465 35.324955
  vertex 122.060356 -640.07465 37.324955
  vertex 122.133354 -639.23865 37.324955
 endloop
endfacet
facet normal -0.99620944 0.086987406 0
 outer loop
  vertex 122.060356 -640.07465 35.324955
  vertex 122.133354 -639.23865 37.324955
  vertex 122.133354 -639.23865 35.324955
 endloop
endfacet
facet normal -0.9658784 0.25899592 0
 outer loop
  vertex 122.133354 -639.23865 35.324955
  vertex 122.133354 -639.23865 37.324955
  vertex 122.35027 -638.4297 37.324955
 endloop
endfacet
facet normal -0.9658784 0.25899592 0
 outer loop
  vertex 122.133354 -639.23865 35.324955
  vertex 122.35027 -638.4297 37.324955
  vertex 122.35027 -638.4297 35.324955
 endloop
endfacet
facet normal -0.90648794 0.42223176 0
 outer loop
  vertex 122.35027 -638.4297 35.324955
  vertex 122.35027 -638.4297 37.324955
  vertex 122.70428 -637.6697 37.324955
 endloop
endfacet
facet normal -0.90648794 0.42223176 0
 outer loop
  vertex 122.35027 -638.4297 35.324955
  vertex 122.70428 -637.6697 37.324955
  vertex 122.70428 -637.6697 35.324955
 endloop
endfacet
facet normal -0.8191362 0.5735991 0
 outer loop
  vertex 122.70428 -637.6697 35.324955
  vertex 122.70428 -637.6697 37.324955
  vertex 123.185356 -636.98267 37.324955
 endloop
endfacet
facet normal -0.8191362 0.5735991 0
 outer loop
  vertex 122.70428 -637.6697 35.324955
  vertex 123.185356 -636.98267 37.324955
  vertex 123.185356 -636.98267 35.324955
 endloop
endfacet
facet normal -0.70717955 0.707034 0
 outer loop
  vertex 123.185356 -636.98267 35.324955
  vertex 123.185356 -636.98267 37.324955
  vertex 123.77825 -636.38965 37.324955
 endloop
endfacet
facet normal -0.70717955 0.707034 0
 outer loop
  vertex 123.185356 -636.98267 35.324955
  vertex 123.77825 -636.38965 37.324955
  vertex 123.77825 -636.38965 35.324955
 endloop
endfacet
facet normal -0.5735014 0.81920457 0
 outer loop
  vertex 123.77825 -636.38965 35.324955
  vertex 123.77825 -636.38965 37.324955
  vertex 124.46526 -635.9087 37.324955
 endloop
endfacet
facet normal -0.5735014 0.81920457 0
 outer loop
  vertex 123.77825 -636.38965 35.324955
  vertex 124.46526 -635.9087 37.324955
  vertex 124.46526 -635.9087 35.324955
 endloop
endfacet
facet normal -0.42223176 0.90648794 0
 outer loop
  vertex 124.46526 -635.9087 35.324955
  vertex 124.46526 -635.9087 37.324955
  vertex 125.22527 -635.5547 37.324955
 endloop
endfacet
facet normal -0.42223176 0.90648794 0
 outer loop
  vertex 124.46526 -635.9087 35.324955
  vertex 125.22527 -635.5547 37.324955
  vertex 125.22527 -635.5547 35.324955
 endloop
endfacet
facet normal -0.258804 0.96592987 0
 outer loop
  vertex 125.22527 -635.5547 35.324955
  vertex 125.22527 -635.5547 37.324955
  vertex 126.03533 -635.33765 37.324955
 endloop
endfacet
facet normal -0.258804 0.96592987 0
 outer loop
  vertex 125.22527 -635.5547 35.324955
  vertex 126.03533 -635.33765 37.324955
  vertex 126.03533 -635.33765 35.324955
 endloop
endfacet
facet normal -0.08709468 0.9962 0
 outer loop
  vertex 126.03533 -635.33765 35.324955
  vertex 126.03533 -635.33765 37.324955
  vertex 126.87029 -635.26465 37.324955
 endloop
endfacet
facet normal -0.08709468 0.9962 0
 outer loop
  vertex 126.03533 -635.33765 35.324955
  vertex 126.87029 -635.26465 37.324955
  vertex 126.87029 -635.26465 35.324955
 endloop
endfacet
facet normal 0.08709468 0.9962 0
 outer loop
  vertex 126.87029 -635.26465 35.324955
  vertex 126.87029 -635.26465 37.324955
  vertex 127.70525 -635.33765 37.324955
 endloop
endfacet
facet normal 0.08709468 0.9962 -0
 outer loop
  vertex 126.87029 -635.26465 35.324955
  vertex 127.70525 -635.33765 37.324955
  vertex 127.70525 -635.33765 35.324955
 endloop
endfacet
facet normal 0.25880173 0.96593046 0
 outer loop
  vertex 127.70525 -635.33765 35.324955
  vertex 127.70525 -635.33765 37.324955
  vertex 128.51532 -635.5547 37.324955
 endloop
endfacet
facet normal 0.25880173 0.96593046 -0
 outer loop
  vertex 127.70525 -635.33765 35.324955
  vertex 128.51532 -635.5547 37.324955
  vertex 128.51532 -635.5547 35.324955
 endloop
endfacet
facet normal 0.42223176 0.90648794 0
 outer loop
  vertex 128.51532 -635.5547 35.324955
  vertex 128.51532 -635.5547 37.324955
  vertex 129.27533 -635.9087 37.324955
 endloop
endfacet
facet normal 0.42223176 0.90648794 -0
 outer loop
  vertex 128.51532 -635.5547 35.324955
  vertex 129.27533 -635.9087 37.324955
  vertex 129.27533 -635.9087 35.324955
 endloop
endfacet
facet normal 0.5735014 0.81920457 0
 outer loop
  vertex 129.27533 -635.9087 35.324955
  vertex 129.27533 -635.9087 37.324955
  vertex 129.96234 -636.38965 37.324955
 endloop
endfacet
facet normal 0.5735014 0.81920457 -0
 outer loop
  vertex 129.27533 -635.9087 35.324955
  vertex 129.96234 -636.38965 37.324955
  vertex 129.96234 -636.38965 35.324955
 endloop
endfacet
facet normal 0.70710677 0.70710677 0
 outer loop
  vertex 129.96234 -636.38965 35.324955
  vertex 129.96234 -636.38965 37.324955
  vertex 130.55536 -636.98267 37.324955
 endloop
endfacet
facet normal 0.70710677 0.70710677 -0
 outer loop
  vertex 129.96234 -636.38965 35.324955
  vertex 130.55536 -636.98267 37.324955
  vertex 130.55536 -636.98267 35.324955
 endloop
endfacet
facet normal 0.81920457 0.5735014 0
 outer loop
  vertex 130.55536 -636.98267 35.324955
  vertex 130.55536 -636.98267 37.324955
  vertex 131.03632 -637.6697 37.324955
 endloop
endfacet
facet normal 0.81920457 0.5735014 -0
 outer loop
  vertex 130.55536 -636.98267 35.324955
  vertex 131.03632 -637.6697 37.324955
  vertex 131.03632 -637.6697 35.324955
 endloop
endfacet
facet normal 0.90648794 0.42223176 0
 outer loop
  vertex 131.03632 -637.6697 35.324955
  vertex 131.03632 -637.6697 37.324955
  vertex 131.39032 -638.4297 37.324955
 endloop
endfacet
facet normal 0.90648794 0.42223176 -0
 outer loop
  vertex 131.03632 -637.6697 35.324955
  vertex 131.39032 -638.4297 37.324955
  vertex 131.39032 -638.4297 35.324955
 endloop
endfacet
facet normal 0.96584195 0.25913188 0
 outer loop
  vertex 131.39032 -638.4297 35.324955
  vertex 131.39032 -638.4297 37.324955
  vertex 131.60736 -639.23865 37.324955
 endloop
endfacet
facet normal 0.96584195 0.25913188 -0
 outer loop
  vertex 131.39032 -638.4297 35.324955
  vertex 131.60736 -639.23865 37.324955
  vertex 131.60736 -639.23865 35.324955
 endloop
endfacet
facet normal 0.99620944 0.086987406 0
 outer loop
  vertex 131.60736 -639.23865 35.324955
  vertex 131.60736 -639.23865 37.324955
  vertex 131.68036 -640.07465 37.324955
 endloop
endfacet
facet normal 0.99620944 0.086987406 -0
 outer loop
  vertex 131.60736 -639.23865 35.324955
  vertex 131.68036 -640.07465 37.324955
  vertex 131.68036 -640.07465 35.324955
 endloop
endfacet
facet normal 0.9962006 -0.08708837 0
 outer loop
  vertex 131.68036 -640.07465 35.324955
  vertex 131.68036 -640.07465 37.324955
  vertex 131.60736 -640.90967 37.324955
 endloop
endfacet
facet normal 0.9962006 -0.08708837 0
 outer loop
  vertex 131.68036 -640.07465 35.324955
  vertex 131.60736 -640.90967 37.324955
  vertex 131.60736 -640.90967 35.324955
 endloop
endfacet
facet normal 0.965925 -0.2588222 0
 outer loop
  vertex 131.60736 -640.90967 35.324955
  vertex 131.60736 -640.90967 37.324955
  vertex 131.39032 -641.71967 37.324955
 endloop
endfacet
facet normal 0.965925 -0.2588222 0
 outer loop
  vertex 131.60736 -640.90967 35.324955
  vertex 131.39032 -641.71967 37.324955
  vertex 131.39032 -641.71967 35.324955
 endloop
endfacet
facet normal 0.90648794 -0.42223176 0
 outer loop
  vertex 131.39032 -641.71967 35.324955
  vertex 131.39032 -641.71967 37.324955
  vertex 131.03632 -642.4797 37.324955
 endloop
endfacet
facet normal 0.90648794 -0.42223176 0
 outer loop
  vertex 131.39032 -641.71967 35.324955
  vertex 131.03632 -642.4797 37.324955
  vertex 131.03632 -642.4797 35.324955
 endloop
endfacet
facet normal 0.81920457 -0.5735014 0
 outer loop
  vertex 131.03632 -642.4797 35.324955
  vertex 131.03632 -642.4797 37.324955
  vertex 130.55536 -643.1667 37.324955
 endloop
endfacet
facet normal 0.81920457 -0.5735014 0
 outer loop
  vertex 131.03632 -642.4797 35.324955
  vertex 130.55536 -643.1667 37.324955
  vertex 130.55536 -643.1667 35.324955
 endloop
endfacet
facet normal 0.70648736 -0.70772564 0
 outer loop
  vertex 130.55536 -643.1667 35.324955
  vertex 130.55536 -643.1667 37.324955
  vertex 129.96234 -643.75867 37.324955
 endloop
endfacet
facet normal 0.70648736 -0.70772564 0
 outer loop
  vertex 130.55536 -643.1667 35.324955
  vertex 129.96234 -643.75867 37.324955
  vertex 129.96234 -643.75867 35.324955
 endloop
endfacet
facet normal 0.5735502 -0.81917036 0
 outer loop
  vertex 129.96234 -643.75867 35.324955
  vertex 129.96234 -643.75867 37.324955
  vertex 129.27533 -644.2397 37.324955
 endloop
endfacet
facet normal 0.5735502 -0.81917036 0
 outer loop
  vertex 129.96234 -643.75867 35.324955
  vertex 129.27533 -644.2397 37.324955
  vertex 129.27533 -644.2397 35.324955
 endloop
endfacet
facet normal 0.42318818 -0.9060418 0
 outer loop
  vertex 129.27533 -644.2397 35.324955
  vertex 129.27533 -644.2397 37.324955
  vertex 128.51532 -644.59467 37.324955
 endloop
endfacet
facet normal 0.42318818 -0.9060418 0
 outer loop
  vertex 129.27533 -644.2397 35.324955
  vertex 128.51532 -644.59467 37.324955
  vertex 128.51532 -644.59467 35.324955
 endloop
endfacet
facet normal 0.2587338 -0.96594864 0
 outer loop
  vertex 128.51532 -644.59467 35.324955
  vertex 128.51532 -644.59467 37.324955
  vertex 127.70525 -644.81165 37.324955
 endloop
endfacet
facet normal 0.2587338 -0.96594864 0
 outer loop
  vertex 128.51532 -644.59467 35.324955
  vertex 127.70525 -644.81165 37.324955
  vertex 127.70525 -644.81165 35.324955
 endloop
endfacet
facet normal 0.08709468 -0.9962 0
 outer loop
  vertex 127.70525 -644.81165 35.324955
  vertex 127.70525 -644.81165 37.324955
  vertex 126.87029 -644.88464 37.324955
 endloop
endfacet
facet normal 0.08709468 -0.9962 0
 outer loop
  vertex 127.70525 -644.81165 35.324955
  vertex 126.87029 -644.88464 37.324955
  vertex 126.87029 -644.88464 35.324955
 endloop
endfacet
facet normal -0.08709468 -0.9962 -0
 outer loop
  vertex 126.87029 -644.88464 35.324955
  vertex 126.87029 -644.88464 37.324955
  vertex 126.03533 -644.81165 37.324955
 endloop
endfacet
facet normal -0.08709468 -0.9962 0
 outer loop
  vertex 140.3703 -631.28467 35.324955
  vertex 139.53534 -631.2117 37.324955
  vertex 139.53534 -631.2117 35.324955
 endloop
endfacet
facet normal -0.258804 -0.96592987 -0
 outer loop
  vertex 139.53534 -631.2117 35.324955
  vertex 139.53534 -631.2117 37.324955
  vertex 138.72528 -630.9946 37.324955
 endloop
endfacet
facet normal -0.258804 -0.96592987 0
 outer loop
  vertex 139.53534 -631.2117 35.324955
  vertex 138.72528 -630.9946 37.324955
  vertex 138.72528 -630.9946 35.324955
 endloop
endfacet
facet normal -0.42318818 -0.9060418 -0
 outer loop
  vertex 138.72528 -630.9946 35.324955
  vertex 138.72528 -630.9946 37.324955
  vertex 137.96527 -630.63965 37.324955
 endloop
endfacet
facet normal -0.42318818 -0.9060418 0
 outer loop
  vertex 138.72528 -630.9946 35.324955
  vertex 137.96527 -630.63965 37.324955
  vertex 137.96527 -630.63965 35.324955
 endloop
endfacet
facet normal -0.5735014 -0.81920457 -0
 outer loop
  vertex 137.96527 -630.63965 35.324955
  vertex 137.96527 -630.63965 37.324955
  vertex 137.27826 -630.1587 37.324955
 endloop
endfacet
facet normal -0.5735014 -0.81920457 0
 outer loop
  vertex 137.96527 -630.63965 35.324955
  vertex 137.27826 -630.1587 37.324955
  vertex 137.27826 -630.1587 35.324955
 endloop
endfacet
facet normal -0.7065967 -0.7076165 -0
 outer loop
  vertex 137.27826 -630.1587 35.324955
  vertex 137.27826 -630.1587 37.324955
  vertex 136.68536 -629.56665 37.324955
 endloop
endfacet
facet normal -0.7065967 -0.7076165 0
 outer loop
  vertex 137.27826 -630.1587 35.324955
  vertex 136.68536 -629.56665 37.324955
  vertex 136.68536 -629.56665 35.324955
 endloop
endfacet
facet normal -0.8191362 -0.5735991 -0
 outer loop
  vertex 136.68536 -629.56665 35.324955
  vertex 136.68536 -629.56665 37.324955
  vertex 136.20428 -628.87964 37.324955
 endloop
endfacet
facet normal -0.8191362 -0.5735991 0
 outer loop
  vertex 136.68536 -629.56665 35.324955
  vertex 136.20428 -628.87964 37.324955
  vertex 136.20428 -628.87964 35.324955
 endloop
endfacet
facet normal -0.90648794 -0.42223176 -0
 outer loop
  vertex 136.20428 -628.87964 35.324955
  vertex 136.20428 -628.87964 37.324955
  vertex 135.85028 -628.1196 37.324955
 endloop
endfacet
facet normal -0.90648794 -0.42223176 0
 outer loop
  vertex 136.20428 -628.87964 35.324955
  vertex 135.85028 -628.1196 37.324955
  vertex 135.85028 -628.1196 35.324955
 endloop
endfacet
facet normal -0.9659565 -0.25870454 -0
 outer loop
  vertex 135.85028 -628.1196 35.324955
  vertex 135.85028 -628.1196 37.324955
  vertex 135.63336 -627.3097 37.324955
 endloop
endfacet
facet normal -0.9659565 -0.25870454 0
 outer loop
  vertex 135.85028 -628.1196 35.324955
  vertex 135.63336 -627.3097 37.324955
  vertex 135.63336 -627.3097 35.324955
 endloop
endfacet
facet normal -0.99620116 -0.08708205 -0
 outer loop
  vertex 135.63336 -627.3097 35.324955
  vertex 135.63336 -627.3097 37.324955
  vertex 135.56036 -626.4746 37.324955
 endloop
endfacet
facet normal -0.99620116 -0.08708205 0
 outer loop
  vertex 135.63336 -627.3097 35.324955
  vertex 135.56036 -626.4746 37.324955
  vertex 135.56036 -626.4746 35.324955
 endloop
endfacet
facet normal -0.99620885 0.08699371 0
 outer loop
  vertex 135.56036 -626.4746 35.324955
  vertex 135.56036 -626.4746 37.324955
  vertex 135.63336 -625.6387 37.324955
 endloop
endfacet
facet normal -0.99620885 0.08699371 0
 outer loop
  vertex 135.56036 -626.4746 35.324955
  vertex 135.63336 -625.6387 37.324955
  vertex 135.63336 -625.6387 35.324955
 endloop
endfacet
facet normal -0.9658784 0.25899592 0
 outer loop
  vertex 135.63336 -625.6387 35.324955
  vertex 135.63336 -625.6387 37.324955
  vertex 135.85028 -624.8297 37.324955
 endloop
endfacet
facet normal -0.9658784 0.25899592 0
 outer loop
  vertex 135.63336 -625.6387 35.324955
  vertex 135.85028 -624.8297 37.324955
  vertex 135.85028 -624.8297 35.324955
 endloop
endfacet
facet normal -0.90648794 0.42223176 0
 outer loop
  vertex 135.85028 -624.8297 35.324955
  vertex 135.85028 -624.8297 37.324955
  vertex 136.20428 -624.0697 37.324955
 endloop
endfacet
facet normal -0.90648794 0.42223176 0
 outer loop
  vertex 135.85028 -624.8297 35.324955
  vertex 136.20428 -624.0697 37.324955
  vertex 136.20428 -624.0697 35.324955
 endloop
endfacet
facet normal -0.8191362 0.5735991 0
 outer loop
  vertex 136.20428 -624.0697 35.324955
  vertex 136.20428 -624.0697 37.324955
  vertex 136.68536 -623.3827 37.324955
 endloop
endfacet
facet normal -0.8191362 0.5735991 0
 outer loop
  vertex 136.20428 -624.0697 35.324955
  vertex 136.68536 -623.3827 37.324955
  vertex 136.68536 -623.3827 35.324955
 endloop
endfacet
facet normal -0.70717955 0.707034 0
 outer loop
  vertex 136.68536 -623.3827 35.324955
  vertex 136.68536 -623.3827 37.324955
  vertex 137.27826 -622.7897 37.324955
 endloop
endfacet
facet normal -0.70717955 0.707034 0
 outer loop
  vertex 136.68536 -623.3827 35.324955
  vertex 137.27826 -622.7897 37.324955
  vertex 137.27826 -622.7897 35.324955
 endloop
endfacet
facet normal -0.5735014 0.81920457 0
 outer loop
  vertex 137.27826 -622.7897 35.324955
  vertex 137.27826 -622.7897 37.324955
  vertex 137.96527 -622.3087 37.324955
 endloop
endfacet
facet normal -0.5735014 0.81920457 0
 outer loop
  vertex 137.27826 -622.7897 35.324955
  vertex 137.96527 -622.3087 37.324955
  vertex 137.96527 -622.3087 35.324955
 endloop
endfacet
facet normal -0.42223176 0.90648794 0
 outer loop
  vertex 137.96527 -622.3087 35.324955
  vertex 137.96527 -622.3087 37.324955
  vertex 138.72528 -621.9547 37.324955
 endloop
endfacet
facet normal -0.42223176 0.90648794 0
 outer loop
  vertex 137.96527 -622.3087 35.324955
  vertex 138.72528 -621.9547 37.324955
  vertex 138.72528 -621.9547 35.324955
 endloop
endfacet
facet normal -0.258804 0.96592987 0
 outer loop
  vertex 138.72528 -621.9547 35.324955
  vertex 138.72528 -621.9547 37.324955
  vertex 139.53534 -621.7377 37.324955
 endloop
endfacet
facet normal -0.258804 0.96592987 0
 outer loop
  vertex 138.72528 -621.9547 35.324955
  vertex 139.53534 -621.7377 37.324955
  vertex 139.53534 -621.7377 35.324955
 endloop
endfacet
facet normal -0.08709468 0.9962 0
 outer loop
  vertex 139.53534 -621.7377 35.324955
  vertex 139.53534 -621.7377 37.324955
  vertex 140.3703 -621.6647 37.324955
 endloop
endfacet
facet normal -0.08709468 0.9962 0
 outer loop
  vertex 139.53534 -621.7377 35.324955
  vertex 140.3703 -621.6647 37.324955
  vertex 140.3703 -621.6647 35.324955
 endloop
endfacet
facet normal 0.08709468 0.9962 0
 outer loop
  vertex 140.3703 -621.6647 35.324955
  vertex 140.3703 -621.6647 37.324955
  vertex 141.20526 -621.7377 37.324955
 endloop
endfacet
facet normal 0.08709468 0.9962 -0
 outer loop
  vertex 140.3703 -621.6647 35.324955
  vertex 141.20526 -621.7377 37.324955
  vertex 141.20526 -621.7377 35.324955
 endloop
endfacet
facet normal 0.258804 0.96592987 0
 outer loop
  vertex 141.20526 -621.7377 35.324955
  vertex 141.20526 -621.7377 37.324955
  vertex 142.01532 -621.9547 37.324955
 endloop
endfacet
facet normal 0.258804 0.96592987 -0
 outer loop
  vertex 141.20526 -621.7377 35.324955
  vertex 142.01532 -621.9547 37.324955
  vertex 142.01532 -621.9547 35.324955
 endloop
endfacet
facet normal 0.42223176 0.90648794 0
 outer loop
  vertex 142.01532 -621.9547 35.324955
  vertex 142.01532 -621.9547 37.324955
  vertex 142.77533 -622.3087 37.324955
 endloop
endfacet
facet normal 0.42223176 0.90648794 -0
 outer loop
  vertex 142.01532 -621.9547 35.324955
  vertex 142.77533 -622.3087 37.324955
  vertex 142.77533 -622.3087 35.324955
 endloop
endfacet
facet normal 0.5735014 0.81920457 0
 outer loop
  vertex 142.77533 -622.3087 35.324955
  vertex 142.77533 -622.3087 37.324955
  vertex 143.46234 -622.7897 37.324955
 endloop
endfacet
facet normal 0.5735014 0.81920457 -0
 outer loop
  vertex 142.77533 -622.3087 35.324955
  vertex 143.46234 -622.7897 37.324955
  vertex 143.46234 -622.7897 35.324955
 endloop
endfacet
facet normal 0.70710677 0.70710677 0
 outer loop
  vertex 143.46234 -622.7897 35.324955
  vertex 143.46234 -622.7897 37.324955
  vertex 144.05536 -623.3827 37.324955
 endloop
endfacet
facet normal 0.70710677 0.70710677 -0
 outer loop
  vertex 143.46234 -622.7897 35.324955
  vertex 144.05536 -623.3827 37.324955
  vertex 144.05536 -623.3827 35.324955
 endloop
endfacet
facet normal 0.81920457 0.5735014 0
 outer loop
  vertex 144.05536 -623.3827 35.324955
  vertex 144.05536 -623.3827 37.324955
  vertex 144.53632 -624.0697 37.324955
 endloop
endfacet
facet normal 0.81920457 0.5735014 -0
 outer loop
  vertex 144.05536 -623.3827 35.324955
  vertex 144.53632 -624.0697 37.324955
  vertex 144.53632 -624.0697 35.324955
 endloop
endfacet
facet normal 0.90648794 0.42223176 0
 outer loop
  vertex 144.53632 -624.0697 35.324955
  vertex 144.53632 -624.0697 37.324955
  vertex 144.89032 -624.8297 37.324955
 endloop
endfacet
facet normal 0.90648794 0.42223176 -0
 outer loop
  vertex 144.53632 -624.0697 35.324955
  vertex 144.89032 -624.8297 37.324955
  vertex 144.89032 -624.8297 35.324955
 endloop
endfacet
facet normal 0.96584195 0.25913188 0
 outer loop
  vertex 144.89032 -624.8297 35.324955
  vertex 144.89032 -624.8297 37.324955
  vertex 145.10736 -625.6387 37.324955
 endloop
endfacet
facet normal 0.96584195 0.25913188 -0
 outer loop
  vertex 144.89032 -624.8297 35.324955
  vertex 145.10736 -625.6387 37.324955
  vertex 145.10736 -625.6387 35.324955
 endloop
endfacet
facet normal 0.99620885 0.08699371 0
 outer loop
  vertex 145.10736 -625.6387 35.324955
  vertex 145.10736 -625.6387 37.324955
  vertex 145.18036 -626.4746 37.324955
 endloop
endfacet
facet normal 0.99620885 0.08699371 -0
 outer loop
  vertex 145.10736 -625.6387 35.324955
  vertex 145.18036 -626.4746 37.324955
  vertex 145.18036 -626.4746 35.324955
 endloop
endfacet
facet normal 0.99620116 -0.08708205 0
 outer loop
  vertex 145.18036 -626.4746 35.324955
  vertex 145.18036 -626.4746 37.324955
  vertex 145.10736 -627.3097 37.324955
 endloop
endfacet
facet normal 0.99620116 -0.08708205 0
 outer loop
  vertex 145.18036 -626.4746 35.324955
  vertex 145.10736 -627.3097 37.324955
  vertex 145.10736 -627.3097 35.324955
 endloop
endfacet
facet normal 0.9659201 -0.25884038 0
 outer loop
  vertex 145.10736 -627.3097 35.324955
  vertex 145.10736 -627.3097 37.324955
  vertex 144.89032 -628.1196 37.324955
 endloop
endfacet
facet normal 0.9659201 -0.25884038 0
 outer loop
  vertex 145.10736 -627.3097 35.324955
  vertex 144.89032 -628.1196 37.324955
  vertex 144.89032 -628.1196 35.324955
 endloop
endfacet
facet normal 0.90648794 -0.42223176 0
 outer loop
  vertex 144.89032 -628.1196 35.324955
  vertex 144.89032 -628.1196 37.324955
  vertex 144.53632 -628.87964 37.324955
 endloop
endfacet
facet normal 0.90648794 -0.42223176 0
 outer loop
  vertex 144.89032 -628.1196 35.324955
  vertex 144.53632 -628.87964 37.324955
  vertex 144.53632 -628.87964 35.324955
 endloop
endfacet
facet normal 0.81920457 -0.5735014 0
 outer loop
  vertex 144.53632 -628.87964 35.324955
  vertex 144.53632 -628.87964 37.324955
  vertex 144.05536 -629.56665 37.324955
 endloop
endfacet
facet normal 0.81920457 -0.5735014 0
 outer loop
  vertex 144.53632 -628.87964 35.324955
  vertex 144.05536 -629.56665 37.324955
  vertex 144.05536 -629.56665 35.324955
 endloop
endfacet
facet normal 0.70652384 -0.7076893 0
 outer loop
  vertex 144.05536 -629.56665 35.324955
  vertex 144.05536 -629.56665 37.324955
  vertex 143.46234 -630.1587 37.324955
 endloop
endfacet
facet normal 0.70652384 -0.7076893 0
 outer loop
  vertex 144.05536 -629.56665 35.324955
  vertex 143.46234 -630.1587 37.324955
  vertex 143.46234 -630.1587 35.324955
 endloop
endfacet
facet normal 0.5735014 -0.81920457 0
 outer loop
  vertex 143.46234 -630.1587 35.324955
  vertex 143.46234 -630.1587 37.324955
  vertex 142.77533 -630.63965 37.324955
 endloop
endfacet
facet normal 0.5735014 -0.81920457 0
 outer loop
  vertex 143.46234 -630.1587 35.324955
  vertex 142.77533 -630.63965 37.324955
  vertex 142.77533 -630.63965 35.324955
 endloop
endfacet
facet normal 0.42318818 -0.9060418 0
 outer loop
  vertex 142.77533 -630.63965 35.324955
  vertex 142.77533 -630.63965 37.324955
  vertex 142.01532 -630.9946 37.324955
 endloop
endfacet
facet normal 0.42318818 -0.9060418 0
 outer loop
  vertex 142.77533 -630.63965 35.324955
  vertex 142.01532 -630.9946 37.324955
  vertex 142.01532 -630.9946 35.324955
 endloop
endfacet
facet normal 0.258804 -0.96592987 0
 outer loop
  vertex 142.01532 -630.9946 35.324955
  vertex 142.01532 -630.9946 37.324955
  vertex 141.20526 -631.2117 37.324955
 endloop
endfacet
facet normal 0.258804 -0.96592987 0
 outer loop
  vertex 142.01532 -630.9946 35.324955
  vertex 141.20526 -631.2117 37.324955
  vertex 141.20526 -631.2117 35.324955
 endloop
endfacet
facet normal 0.08709468 -0.9962 0
 outer loop
  vertex 141.20526 -631.2117 35.324955
  vertex 141.20526 -631.2117 37.324955
  vertex 140.3703 -631.28467 37.324955
 endloop
endfacet
facet normal 0.08709468 -0.9962 0
 outer loop
  vertex 141.20526 -631.2117 35.324955
  vertex 140.3703 -631.28467 37.324955
  vertex 140.3703 -631.28467 35.324955
 endloop
endfacet
facet normal -0.08709468 -0.9962 -0
 outer loop
  vertex 140.3703 -631.28467 35.324955
  vertex 140.3703 -631.28467 37.324955
  vertex 139.53534 -631.2117 37.324955
 endloop
endfacet
facet normal -0.08709468 -0.9962 0
 outer loop
  vertex 140.3703 -617.6847 35.324955
  vertex 139.53534 -617.6117 37.324955
  vertex 139.53534 -617.6117 35.324955
 endloop
endfacet
facet normal -0.258804 -0.96592987 -0
 outer loop
  vertex 139.53534 -617.6117 35.324955
  vertex 139.53534 -617.6117 37.324955
  vertex 138.72528 -617.39465 37.324955
 endloop
endfacet
facet normal -0.258804 -0.96592987 0
 outer loop
  vertex 139.53534 -617.6117 35.324955
  vertex 138.72528 -617.39465 37.324955
  vertex 138.72528 -617.39465 35.324955
 endloop
endfacet
facet normal -0.42318818 -0.9060418 -0
 outer loop
  vertex 138.72528 -617.39465 35.324955
  vertex 138.72528 -617.39465 37.324955
  vertex 137.96527 -617.0397 37.324955
 endloop
endfacet
facet normal -0.42318818 -0.9060418 0
 outer loop
  vertex 138.72528 -617.39465 35.324955
  vertex 137.96527 -617.0397 37.324955
  vertex 137.96527 -617.0397 35.324955
 endloop
endfacet
facet normal -0.5735014 -0.81920457 -0
 outer loop
  vertex 137.96527 -617.0397 35.324955
  vertex 137.96527 -617.0397 37.324955
  vertex 137.27826 -616.5587 37.324955
 endloop
endfacet
facet normal -0.5735014 -0.81920457 0
 outer loop
  vertex 137.96527 -617.0397 35.324955
  vertex 137.27826 -616.5587 37.324955
  vertex 137.27826 -616.5587 35.324955
 endloop
endfacet
facet normal -0.7065967 -0.7076165 -0
 outer loop
  vertex 137.27826 -616.5587 35.324955
  vertex 137.27826 -616.5587 37.324955
  vertex 136.68536 -615.9667 37.324955
 endloop
endfacet
facet normal -0.7065967 -0.7076165 0
 outer loop
  vertex 137.27826 -616.5587 35.324955
  vertex 136.68536 -615.9667 37.324955
  vertex 136.68536 -615.9667 35.324955
 endloop
endfacet
facet normal -0.8191362 -0.5735991 -0
 outer loop
  vertex 136.68536 -615.9667 35.324955
  vertex 136.68536 -615.9667 37.324955
  vertex 136.20428 -615.27966 37.324955
 endloop
endfacet
facet normal -0.8191362 -0.5735991 0
 outer loop
  vertex 136.68536 -615.9667 35.324955
  vertex 136.20428 -615.27966 37.324955
  vertex 136.20428 -615.27966 35.324955
 endloop
endfacet
facet normal -0.90648794 -0.42223176 -0
 outer loop
  vertex 136.20428 -615.27966 35.324955
  vertex 136.20428 -615.27966 37.324955
  vertex 135.85028 -614.51965 37.324955
 endloop
endfacet
facet normal -0.90648794 -0.42223176 0
 outer loop
  vertex 136.20428 -615.27966 35.324955
  vertex 135.85028 -614.51965 37.324955
  vertex 135.85028 -614.51965 35.324955
 endloop
endfacet
facet normal -0.9659565 -0.25870454 -0
 outer loop
  vertex 135.85028 -614.51965 35.324955
  vertex 135.85028 -614.51965 37.324955
  vertex 135.63336 -613.7097 37.324955
 endloop
endfacet
facet normal -0.9659565 -0.25870454 0
 outer loop
  vertex 135.85028 -614.51965 35.324955
  vertex 135.63336 -613.7097 37.324955
  vertex 135.63336 -613.7097 35.324955
 endloop
endfacet
facet normal -0.99620116 -0.08708205 -0
 outer loop
  vertex 135.63336 -613.7097 35.324955
  vertex 135.63336 -613.7097 37.324955
  vertex 135.56036 -612.87463 37.324955
 endloop
endfacet
facet normal -0.99620116 -0.08708205 0
 outer loop
  vertex 135.63336 -613.7097 35.324955
  vertex 135.56036 -612.87463 37.324955
  vertex 135.56036 -612.87463 35.324955
 endloop
endfacet
facet normal -0.99620885 0.08699371 0
 outer loop
  vertex 135.56036 -612.87463 35.324955
  vertex 135.56036 -612.87463 37.324955
  vertex 135.63336 -612.0387 37.324955
 endloop
endfacet
facet normal -0.99620885 0.08699371 0
 outer loop
  vertex 135.56036 -612.87463 35.324955
  vertex 135.63336 -612.0387 37.324955
  vertex 135.63336 -612.0387 35.324955
 endloop
endfacet
facet normal -0.9658882 0.25895947 0
 outer loop
  vertex 135.63336 -612.0387 35.324955
  vertex 135.63336 -612.0387 37.324955
  vertex 135.85028 -611.2296 37.324955
 endloop
endfacet
facet normal -0.9658882 0.25895947 0
 outer loop
  vertex 135.63336 -612.0387 35.324955
  vertex 135.85028 -611.2296 37.324955
  vertex 135.85028 -611.2296 35.324955
 endloop
endfacet
facet normal -0.90649486 0.4222168 0
 outer loop
  vertex 135.85028 -611.2296 35.324955
  vertex 135.85028 -611.2296 37.324955
  vertex 136.20427 -610.4696 37.324955
 endloop
endfacet
facet normal -0.90649486 0.4222168 0
 outer loop
  vertex 135.85028 -611.2296 35.324955
  vertex 136.20427 -610.4696 37.324955
  vertex 136.20427 -610.4696 35.324955
 endloop
endfacet
facet normal -0.81908834 0.5736675 0
 outer loop
  vertex 136.20427 -610.4696 35.324955
  vertex 136.20427 -610.4696 37.324955
  vertex 136.68535 -609.7827 37.324955
 endloop
endfacet
facet normal -0.81908834 0.5736675 0
 outer loop
  vertex 136.20427 -610.4696 35.324955
  vertex 136.68535 -609.7827 37.324955
  vertex 136.68535 -609.7827 35.324955
 endloop
endfacet
facet normal -0.70717955 0.707034 0
 outer loop
  vertex 136.68535 -609.7827 35.324955
  vertex 136.68535 -609.7827 37.324955
  vertex 137.27824 -609.1897 37.324955
 endloop
endfacet
facet normal -0.70717955 0.707034 0
 outer loop
  vertex 136.68535 -609.7827 35.324955
  vertex 137.27824 -609.1897 37.324955
  vertex 137.27824 -609.1897 35.324955
 endloop
endfacet
facet normal -0.5735991 0.8191362 0
 outer loop
  vertex 137.27824 -609.1897 35.324955
  vertex 137.27824 -609.1897 37.324955
  vertex 137.96526 -608.7086 37.324955
 endloop
endfacet
facet normal -0.5735991 0.8191362 0
 outer loop
  vertex 137.27824 -609.1897 35.324955
  vertex 137.96526 -608.7086 37.324955
  vertex 137.96526 -608.7086 35.324955
 endloop
endfacet
facet normal -0.42223176 0.90648794 0
 outer loop
  vertex 137.96526 -608.7086 35.324955
  vertex 137.96526 -608.7086 37.324955
  vertex 138.72527 -608.3546 37.324955
 endloop
endfacet
facet normal -0.42223176 0.90648794 0
 outer loop
  vertex 137.96526 -608.7086 35.324955
  vertex 138.72527 -608.3546 37.324955
  vertex 138.72527 -608.3546 35.324955
 endloop
endfacet
facet normal -0.25866818 0.9659663 0
 outer loop
  vertex 138.72527 -608.3546 35.324955
  vertex 138.72527 -608.3546 37.324955
  vertex 139.53532 -608.1377 37.324955
 endloop
endfacet
facet normal -0.25866818 0.9659663 0
 outer loop
  vertex 138.72527 -608.3546 35.324955
  vertex 139.53532 -608.1377 37.324955
  vertex 139.53532 -608.1377 35.324955
 endloop
endfacet
facet normal -0.08709468 0.9962 0
 outer loop
  vertex 139.53532 -608.1377 35.324955
  vertex 139.53532 -608.1377 37.324955
  vertex 140.37029 -608.0647 37.324955
 endloop
endfacet
facet normal -0.08709468 0.9962 0
 outer loop
  vertex 139.53532 -608.1377 35.324955
  vertex 140.37029 -608.0647 37.324955
  vertex 140.37029 -608.0647 35.324955
 endloop
endfacet
facet normal 0.08709468 0.9962 0
 outer loop
  vertex 140.37029 -608.0647 35.324955
  vertex 140.37029 -608.0647 37.324955
  vertex 141.20525 -608.1377 37.324955
 endloop
endfacet
facet normal 0.08709468 0.9962 -0
 outer loop
  vertex 140.37029 -608.0647 35.324955
  vertex 141.20525 -608.1377 37.324955
  vertex 141.20525 -608.1377 35.324955
 endloop
endfacet
facet normal 0.25866818 0.9659663 0
 outer loop
  vertex 141.20525 -608.1377 35.324955
  vertex 141.20525 -608.1377 37.324955
  vertex 142.0153 -608.3546 37.324955
 endloop
endfacet
facet normal 0.25866818 0.9659663 -0
 outer loop
  vertex 141.20525 -608.1377 35.324955
  vertex 142.0153 -608.3546 37.324955
  vertex 142.0153 -608.3546 35.324955
 endloop
endfacet
facet normal 0.42223176 0.90648794 0
 outer loop
  vertex 142.0153 -608.3546 35.324955
  vertex 142.0153 -608.3546 37.324955
  vertex 142.77531 -608.7086 37.324955
 endloop
endfacet
facet normal 0.42223176 0.90648794 -0
 outer loop
  vertex 142.0153 -608.3546 35.324955
  vertex 142.77531 -608.7086 37.324955
  vertex 142.77531 -608.7086 35.324955
 endloop
endfacet
facet normal 0.5735991 0.8191362 0
 outer loop
  vertex 142.77531 -608.7086 35.324955
  vertex 142.77531 -608.7086 37.324955
  vertex 143.46233 -609.1897 37.324955
 endloop
endfacet
facet normal 0.5735991 0.8191362 -0
 outer loop
  vertex 142.77531 -608.7086 35.324955
  vertex 143.46233 -609.1897 37.324955
  vertex 143.46233 -609.1897 35.324955
 endloop
endfacet
facet normal 0.70710677 0.70710677 0
 outer loop
  vertex 143.46233 -609.1897 35.324955
  vertex 143.46233 -609.1897 37.324955
  vertex 144.05534 -609.7827 37.324955
 endloop
endfacet
facet normal 0.70710677 0.70710677 -0
 outer loop
  vertex 143.46233 -609.1897 35.324955
  vertex 144.05534 -609.7827 37.324955
  vertex 144.05534 -609.7827 35.324955
 endloop
endfacet
facet normal 0.8191567 0.57356983 0
 outer loop
  vertex 144.05534 -609.7827 35.324955
  vertex 144.05534 -609.7827 37.324955
  vertex 144.5363 -610.4696 37.324955
 endloop
endfacet
facet normal 0.8191567 0.57356983 -0
 outer loop
  vertex 144.05534 -609.7827 35.324955
  vertex 144.5363 -610.4696 37.324955
  vertex 144.5363 -610.4696 35.324955
 endloop
endfacet
facet normal 0.90648097 0.42224672 0
 outer loop
  vertex 144.5363 -610.4696 35.324955
  vertex 144.5363 -610.4696 37.324955
  vertex 144.89032 -611.2296 37.324955
 endloop
endfacet
facet normal 0.90648097 0.42224672 -0
 outer loop
  vertex 144.5363 -610.4696 35.324955
  vertex 144.89032 -611.2296 37.324955
  vertex 144.89032 -611.2296 35.324955
 endloop
endfacet
facet normal 0.9658517 0.2590954 0
 outer loop
  vertex 144.89032 -611.2296 35.324955
  vertex 144.89032 -611.2296 37.324955
  vertex 145.10736 -612.0387 37.324955
 endloop
endfacet
facet normal 0.9658517 0.2590954 -0
 outer loop
  vertex 144.89032 -611.2296 35.324955
  vertex 145.10736 -612.0387 37.324955
  vertex 145.10736 -612.0387 35.324955
 endloop
endfacet
facet normal 0.99620885 0.08699371 0
 outer loop
  vertex 145.10736 -612.0387 35.324955
  vertex 145.10736 -612.0387 37.324955
  vertex 145.18036 -612.87463 37.324955
 endloop
endfacet
facet normal 0.99620885 0.08699371 -0
 outer loop
  vertex 145.10736 -612.0387 35.324955
  vertex 145.18036 -612.87463 37.324955
  vertex 145.18036 -612.87463 35.324955
 endloop
endfacet
facet normal 0.99620116 -0.08708205 0
 outer loop
  vertex 145.18036 -612.87463 35.324955
  vertex 145.18036 -612.87463 37.324955
  vertex 145.10736 -613.7097 37.324955
 endloop
endfacet
facet normal 0.99620116 -0.08708205 0
 outer loop
  vertex 145.18036 -612.87463 35.324955
  vertex 145.10736 -613.7097 37.324955
  vertex 145.10736 -613.7097 35.324955
 endloop
endfacet
facet normal 0.9659201 -0.25884038 0
 outer loop
  vertex 145.10736 -613.7097 35.324955
  vertex 145.10736 -613.7097 37.324955
  vertex 144.89032 -614.51965 37.324955
 endloop
endfacet
facet normal 0.9659201 -0.25884038 0
 outer loop
  vertex 145.10736 -613.7097 35.324955
  vertex 144.89032 -614.51965 37.324955
  vertex 144.89032 -614.51965 35.324955
 endloop
endfacet
facet normal 0.90648794 -0.42223176 0
 outer loop
  vertex 144.89032 -614.51965 35.324955
  vertex 144.89032 -614.51965 37.324955
  vertex 144.53632 -615.27966 37.324955
 endloop
endfacet
facet normal 0.90648794 -0.42223176 0
 outer loop
  vertex 144.89032 -614.51965 35.324955
  vertex 144.53632 -615.27966 37.324955
  vertex 144.53632 -615.27966 35.324955
 endloop
endfacet
facet normal 0.81920457 -0.5735014 0
 outer loop
  vertex 144.53632 -615.27966 35.324955
  vertex 144.53632 -615.27966 37.324955
  vertex 144.05536 -615.9667 37.324955
 endloop
endfacet
facet normal 0.81920457 -0.5735014 0
 outer loop
  vertex 144.53632 -615.27966 35.324955
  vertex 144.05536 -615.9667 37.324955
  vertex 144.05536 -615.9667 35.324955
 endloop
endfacet
facet normal 0.70652384 -0.7076893 0
 outer loop
  vertex 144.05536 -615.9667 35.324955
  vertex 144.05536 -615.9667 37.324955
  vertex 143.46234 -616.5587 37.324955
 endloop
endfacet
facet normal 0.70652384 -0.7076893 0
 outer loop
  vertex 144.05536 -615.9667 35.324955
  vertex 143.46234 -616.5587 37.324955
  vertex 143.46234 -616.5587 35.324955
 endloop
endfacet
facet normal 0.5735014 -0.81920457 0
 outer loop
  vertex 143.46234 -616.5587 35.324955
  vertex 143.46234 -616.5587 37.324955
  vertex 142.77533 -617.0397 37.324955
 endloop
endfacet
facet normal 0.5735014 -0.81920457 0
 outer loop
  vertex 143.46234 -616.5587 35.324955
  vertex 142.77533 -617.0397 37.324955
  vertex 142.77533 -617.0397 35.324955
 endloop
endfacet
facet normal 0.42318818 -0.9060418 0
 outer loop
  vertex 142.77533 -617.0397 35.324955
  vertex 142.77533 -617.0397 37.324955
  vertex 142.01532 -617.39465 37.324955
 endloop
endfacet
facet normal 0.42318818 -0.9060418 0
 outer loop
  vertex 142.77533 -617.0397 35.324955
  vertex 142.01532 -617.39465 37.324955
  vertex 142.01532 -617.39465 35.324955
 endloop
endfacet
facet normal 0.258804 -0.96592987 0
 outer loop
  vertex 142.01532 -617.39465 35.324955
  vertex 142.01532 -617.39465 37.324955
  vertex 141.20526 -617.6117 37.324955
 endloop
endfacet
facet normal 0.258804 -0.96592987 0
 outer loop
  vertex 142.01532 -617.39465 35.324955
  vertex 141.20526 -617.6117 37.324955
  vertex 141.20526 -617.6117 35.324955
 endloop
endfacet
facet normal 0.08709468 -0.9962 0
 outer loop
  vertex 141.20526 -617.6117 35.324955
  vertex 141.20526 -617.6117 37.324955
  vertex 140.3703 -617.6847 37.324955
 endloop
endfacet
facet normal 0.08709468 -0.9962 0
 outer loop
  vertex 141.20526 -617.6117 35.324955
  vertex 140.3703 -617.6847 37.324955
  vertex 140.3703 -617.6847 35.324955
 endloop
endfacet
facet normal -0.08709468 -0.9962 -0
 outer loop
  vertex 140.3703 -617.6847 35.324955
  vertex 140.3703 -617.6847 37.324955
  vertex 139.53534 -617.6117 37.324955
 endloop
endfacet
facet normal -0.08709468 -0.9962 0
 outer loop
  vertex 140.37029 -604.0847 35.324955
  vertex 139.53532 -604.0117 37.324955
  vertex 139.53532 -604.0117 35.324955
 endloop
endfacet
facet normal -0.258804 -0.96592987 -0
 outer loop
  vertex 139.53532 -604.0117 35.324955
  vertex 139.53532 -604.0117 37.324955
  vertex 138.72527 -603.7947 37.324955
 endloop
endfacet
facet normal -0.258804 -0.96592987 0
 outer loop
  vertex 139.53532 -604.0117 35.324955
  vertex 138.72527 -603.7947 37.324955
  vertex 138.72527 -603.7947 35.324955
 endloop
endfacet
facet normal -0.42318818 -0.9060418 -0
 outer loop
  vertex 138.72527 -603.7947 35.324955
  vertex 138.72527 -603.7947 37.324955
  vertex 137.96526 -603.4397 37.324955
 endloop
endfacet
facet normal -0.42318818 -0.9060418 0
 outer loop
  vertex 138.72527 -603.7947 35.324955
  vertex 137.96526 -603.4397 37.324955
  vertex 137.96526 -603.4397 35.324955
 endloop
endfacet
facet normal -0.5735991 -0.8191362 -0
 outer loop
  vertex 137.96526 -603.4397 35.324955
  vertex 137.96526 -603.4397 37.324955
  vertex 137.27824 -602.9586 37.324955
 endloop
endfacet
facet normal -0.5735991 -0.8191362 0
 outer loop
  vertex 137.96526 -603.4397 35.324955
  vertex 137.27824 -602.9586 37.324955
  vertex 137.27824 -602.9586 35.324955
 endloop
endfacet
facet normal -0.7065237 -0.70768934 -0
 outer loop
  vertex 137.27824 -602.9586 35.324955
  vertex 137.27824 -602.9586 37.324955
  vertex 136.68535 -602.3667 37.324955
 endloop
endfacet
facet normal -0.7065237 -0.70768934 0
 outer loop
  vertex 137.27824 -602.9586 35.324955
  vertex 136.68535 -602.3667 37.324955
  vertex 136.68535 -602.3667 35.324955
 endloop
endfacet
facet normal -0.8191362 -0.5735991 -0
 outer loop
  vertex 136.68535 -602.3667 35.324955
  vertex 136.68535 -602.3667 37.324955
  vertex 136.20427 -601.6797 37.324955
 endloop
endfacet
facet normal -0.8191362 -0.5735991 0
 outer loop
  vertex 136.68535 -602.3667 35.324955
  vertex 136.20427 -601.6797 37.324955
  vertex 136.20427 -601.6797 35.324955
 endloop
endfacet
facet normal -0.90648794 -0.42223176 -0
 outer loop
  vertex 136.20427 -601.6797 35.324955
  vertex 136.20427 -601.6797 37.324955
  vertex 135.85027 -600.9197 37.324955
 endloop
endfacet
facet normal -0.90648794 -0.42223176 0
 outer loop
  vertex 136.20427 -601.6797 35.324955
  vertex 135.85027 -600.9197 37.324955
  vertex 135.85027 -600.9197 35.324955
 endloop
endfacet
facet normal -0.9659663 -0.25866818 -0
 outer loop
  vertex 135.85027 -600.9197 35.324955
  vertex 135.85027 -600.9197 37.324955
  vertex 135.63335 -600.1096 37.324955
 endloop
endfacet
facet normal -0.9659663 -0.25866818 0
 outer loop
  vertex 135.85027 -600.9197 35.324955
  vertex 135.63335 -600.1096 37.324955
  vertex 135.63335 -600.1096 35.324955
 endloop
endfacet
facet normal -0.9962 -0.08709468 -0
 outer loop
  vertex 135.63335 -600.1096 35.324955
  vertex 135.63335 -600.1096 37.324955
  vertex 135.56035 -599.27466 37.324955
 endloop
endfacet
facet normal -0.9962 -0.08709468 0
 outer loop
  vertex 135.63335 -600.1096 35.324955
  vertex 135.56035 -599.27466 37.324955
  vertex 135.56035 -599.27466 35.324955
 endloop
endfacet
facet normal -0.99620885 0.08699371 0
 outer loop
  vertex 135.56035 -599.27466 35.324955
  vertex 135.56035 -599.27466 37.324955
  vertex 135.63335 -598.4387 37.324955
 endloop
endfacet
facet normal -0.99620885 0.08699371 0
 outer loop
  vertex 135.56035 -599.27466 35.324955
  vertex 135.63335 -598.4387 37.324955
  vertex 135.63335 -598.4387 35.324955
 endloop
endfacet
facet normal -0.9658882 0.25895947 0
 outer loop
  vertex 135.63335 -598.4387 35.324955
  vertex 135.63335 -598.4387 37.324955
  vertex 135.85027 -597.62964 37.324955
 endloop
endfacet
facet normal -0.9658882 0.25895947 0
 outer loop
  vertex 135.63335 -598.4387 35.324955
  vertex 135.85027 -597.62964 37.324955
  vertex 135.85027 -597.62964 35.324955
 endloop
endfacet
facet normal -0.90648794 0.42223176 0
 outer loop
  vertex 135.85027 -597.62964 35.324955
  vertex 135.85027 -597.62964 37.324955
  vertex 136.20427 -596.8696 37.324955
 endloop
endfacet
facet normal -0.90648794 0.42223176 0
 outer loop
  vertex 135.85027 -597.62964 35.324955
  vertex 136.20427 -596.8696 37.324955
  vertex 136.20427 -596.8696 35.324955
 endloop
endfacet
facet normal -0.8191362 0.5735991 0
 outer loop
  vertex 136.20427 -596.8696 35.324955
  vertex 136.20427 -596.8696 37.324955
  vertex 136.68535 -596.1826 37.324955
 endloop
endfacet
facet normal -0.8191362 0.5735991 0
 outer loop
  vertex 136.20427 -596.8696 35.324955
  vertex 136.68535 -596.1826 37.324955
  vertex 136.68535 -596.1826 35.324955
 endloop
endfacet
facet normal -0.7071068 0.7071068 0
 outer loop
  vertex 136.68535 -596.1826 35.324955
  vertex 136.68535 -596.1826 37.324955
  vertex 137.27824 -595.5897 37.324955
 endloop
endfacet
facet normal -0.7071068 0.7071068 0
 outer loop
  vertex 136.68535 -596.1826 35.324955
  vertex 137.27824 -595.5897 37.324955
  vertex 137.27824 -595.5897 35.324955
 endloop
endfacet
facet normal -0.5735991 0.8191362 0
 outer loop
  vertex 137.27824 -595.5897 35.324955
  vertex 137.27824 -595.5897 37.324955
  vertex 137.96526 -595.10864 37.324955
 endloop
endfacet
facet normal -0.5735991 0.8191362 0
 outer loop
  vertex 137.27824 -595.5897 35.324955
  vertex 137.96526 -595.10864 37.324955
  vertex 137.96526 -595.10864 35.324955
 endloop
endfacet
facet normal -0.42223176 0.90648794 0
 outer loop
  vertex 137.96526 -595.10864 35.324955
  vertex 137.96526 -595.10864 37.324955
  vertex 138.72527 -594.75464 37.324955
 endloop
endfacet
facet normal -0.42223176 0.90648794 0
 outer loop
  vertex 137.96526 -595.10864 35.324955
  vertex 138.72527 -594.75464 37.324955
  vertex 138.72527 -594.75464 35.324955
 endloop
endfacet
facet normal -0.25866818 0.9659663 0
 outer loop
  vertex 138.72527 -594.75464 35.324955
  vertex 138.72527 -594.75464 37.324955
  vertex 139.53532 -594.5377 37.324955
 endloop
endfacet
facet normal -0.25866818 0.9659663 0
 outer loop
  vertex 138.72527 -594.75464 35.324955
  vertex 139.53532 -594.5377 37.324955
  vertex 139.53532 -594.5377 35.324955
 endloop
endfacet
facet normal -0.08709468 0.9962 0
 outer loop
  vertex 139.53532 -594.5377 35.324955
  vertex 139.53532 -594.5377 37.324955
  vertex 140.37029 -594.4647 37.324955
 endloop
endfacet
facet normal -0.08709468 0.9962 0
 outer loop
  vertex 139.53532 -594.5377 35.324955
  vertex 140.37029 -594.4647 37.324955
  vertex 140.37029 -594.4647 35.324955
 endloop
endfacet
facet normal 0.08709468 0.9962 0
 outer loop
  vertex 140.37029 -594.4647 35.324955
  vertex 140.37029 -594.4647 37.324955
  vertex 141.20525 -594.5377 37.324955
 endloop
endfacet
facet normal 0.08709468 0.9962 -0
 outer loop
  vertex 140.37029 -594.4647 35.324955
  vertex 141.20525 -594.5377 37.324955
  vertex 141.20525 -594.5377 35.324955
 endloop
endfacet
facet normal 0.25866818 0.9659663 0
 outer loop
  vertex 141.20525 -594.5377 35.324955
  vertex 141.20525 -594.5377 37.324955
  vertex 142.0153 -594.75464 37.324955
 endloop
endfacet
facet normal 0.25866818 0.9659663 -0
 outer loop
  vertex 141.20525 -594.5377 35.324955
  vertex 142.0153 -594.75464 37.324955
  vertex 142.0153 -594.75464 35.324955
 endloop
endfacet
facet normal 0.42223176 0.90648794 0
 outer loop
  vertex 142.0153 -594.75464 35.324955
  vertex 142.0153 -594.75464 37.324955
  vertex 142.77531 -595.10864 37.324955
 endloop
endfacet
facet normal 0.42223176 0.90648794 -0
 outer loop
  vertex 142.0153 -594.75464 35.324955
  vertex 142.77531 -595.10864 37.324955
  vertex 142.77531 -595.10864 35.324955
 endloop
endfacet
facet normal 0.5735991 0.8191362 0
 outer loop
  vertex 142.77531 -595.10864 35.324955
  vertex 142.77531 -595.10864 37.324955
  vertex 143.46233 -595.5897 37.324955
 endloop
endfacet
facet normal 0.5735991 0.8191362 -0
 outer loop
  vertex 142.77531 -595.10864 35.324955
  vertex 143.46233 -595.5897 37.324955
  vertex 143.46233 -595.5897 35.324955
 endloop
endfacet
facet normal 0.707034 0.70717955 0
 outer loop
  vertex 143.46233 -595.5897 35.324955
  vertex 143.46233 -595.5897 37.324955
  vertex 144.05534 -596.1826 37.324955
 endloop
endfacet
facet normal 0.707034 0.70717955 -0
 outer loop
  vertex 143.46233 -595.5897 35.324955
  vertex 144.05534 -596.1826 37.324955
  vertex 144.05534 -596.1826 35.324955
 endloop
endfacet
facet normal 0.81920457 0.5735014 0
 outer loop
  vertex 144.05534 -596.1826 35.324955
  vertex 144.05534 -596.1826 37.324955
  vertex 144.5363 -596.8696 37.324955
 endloop
endfacet
facet normal 0.81920457 0.5735014 -0
 outer loop
  vertex 144.05534 -596.1826 35.324955
  vertex 144.5363 -596.8696 37.324955
  vertex 144.5363 -596.8696 35.324955
 endloop
endfacet
facet normal 0.90648794 0.42223176 0
 outer loop
  vertex 144.5363 -596.8696 35.324955
  vertex 144.5363 -596.8696 37.324955
  vertex 144.8903 -597.62964 37.324955
 endloop
endfacet
facet normal 0.90648794 0.42223176 -0
 outer loop
  vertex 144.5363 -596.8696 35.324955
  vertex 144.8903 -597.62964 37.324955
  vertex 144.8903 -597.62964 35.324955
 endloop
endfacet
facet normal 0.9658517 0.2590954 0
 outer loop
  vertex 144.8903 -597.62964 35.324955
  vertex 144.8903 -597.62964 37.324955
  vertex 145.10735 -598.4387 37.324955
 endloop
endfacet
facet normal 0.9658517 0.2590954 -0
 outer loop
  vertex 144.8903 -597.62964 35.324955
  vertex 145.10735 -598.4387 37.324955
  vertex 145.10735 -598.4387 35.324955
 endloop
endfacet
facet normal 0.99620885 0.08699371 0
 outer loop
  vertex 145.10735 -598.4387 35.324955
  vertex 145.10735 -598.4387 37.324955
  vertex 145.18034 -599.27466 37.324955
 endloop
endfacet
facet normal 0.99620885 0.08699371 -0
 outer loop
  vertex 145.10735 -598.4387 35.324955
  vertex 145.18034 -599.27466 37.324955
  vertex 145.18034 -599.27466 35.324955
 endloop
endfacet
facet normal 0.9962 -0.08709468 0
 outer loop
  vertex 145.18034 -599.27466 35.324955
  vertex 145.18034 -599.27466 37.324955
  vertex 145.10735 -600.1096 37.324955
 endloop
endfacet
facet normal 0.9962 -0.08709468 0
 outer loop
  vertex 145.18034 -599.27466 35.324955
  vertex 145.10735 -600.1096 37.324955
  vertex 145.10735 -600.1096 35.324955
 endloop
endfacet
facet normal 0.96592987 -0.258804 0
 outer loop
  vertex 145.10735 -600.1096 35.324955
  vertex 145.10735 -600.1096 37.324955
  vertex 144.8903 -600.9197 37.324955
 endloop
endfacet
facet normal 0.96592987 -0.258804 0
 outer loop
  vertex 145.10735 -600.1096 35.324955
  vertex 144.8903 -600.9197 37.324955
  vertex 144.8903 -600.9197 35.324955
 endloop
endfacet
facet normal 0.90648794 -0.42223176 0
 outer loop
  vertex 144.8903 -600.9197 35.324955
  vertex 144.8903 -600.9197 37.324955
  vertex 144.5363 -601.6797 37.324955
 endloop
endfacet
facet normal 0.90648794 -0.42223176 0
 outer loop
  vertex 144.8903 -600.9197 35.324955
  vertex 144.5363 -601.6797 37.324955
  vertex 144.5363 -601.6797 35.324955
 endloop
endfacet
facet normal 0.81920457 -0.5735014 0
 outer loop
  vertex 144.5363 -601.6797 35.324955
  vertex 144.5363 -601.6797 37.324955
  vertex 144.05534 -602.3667 37.324955
 endloop
endfacet
facet normal 0.81920457 -0.5735014 0
 outer loop
  vertex 144.5363 -601.6797 35.324955
  vertex 144.05534 -602.3667 37.324955
  vertex 144.05534 -602.3667 35.324955
 endloop
endfacet
facet normal 0.7064509 -0.7077621 0
 outer loop
  vertex 144.05534 -602.3667 35.324955
  vertex 144.05534 -602.3667 37.324955
  vertex 143.46233 -602.9586 37.324955
 endloop
endfacet
facet normal 0.7064509 -0.7077621 0
 outer loop
  vertex 144.05534 -602.3667 35.324955
  vertex 143.46233 -602.9586 37.324955
  vertex 143.46233 -602.9586 35.324955
 endloop
endfacet
facet normal 0.5735991 -0.8191362 0
 outer loop
  vertex 143.46233 -602.9586 35.324955
  vertex 143.46233 -602.9586 37.324955
  vertex 142.77531 -603.4397 37.324955
 endloop
endfacet
facet normal 0.5735991 -0.8191362 0
 outer loop
  vertex 143.46233 -602.9586 35.324955
  vertex 142.77531 -603.4397 37.324955
  vertex 142.77531 -603.4397 35.324955
 endloop
endfacet
facet normal 0.42318818 -0.9060418 0
 outer loop
  vertex 142.77531 -603.4397 35.324955
  vertex 142.77531 -603.4397 37.324955
  vertex 142.0153 -603.7947 37.324955
 endloop
endfacet
facet normal 0.42318818 -0.9060418 0
 outer loop
  vertex 142.77531 -603.4397 35.324955
  vertex 142.0153 -603.7947 37.324955
  vertex 142.0153 -603.7947 35.324955
 endloop
endfacet
facet normal 0.258804 -0.96592987 0
 outer loop
  vertex 142.0153 -603.7947 35.324955
  vertex 142.0153 -603.7947 37.324955
  vertex 141.20525 -604.0117 37.324955
 endloop
endfacet
facet normal 0.258804 -0.96592987 0
 outer loop
  vertex 142.0153 -603.7947 35.324955
  vertex 141.20525 -604.0117 37.324955
  vertex 141.20525 -604.0117 35.324955
 endloop
endfacet
facet normal 0.08709468 -0.9962 0
 outer loop
  vertex 141.20525 -604.0117 35.324955
  vertex 141.20525 -604.0117 37.324955
  vertex 140.37029 -604.0847 37.324955
 endloop
endfacet
facet normal 0.08709468 -0.9962 0
 outer loop
  vertex 141.20525 -604.0117 35.324955
  vertex 140.37029 -604.0847 37.324955
  vertex 140.37029 -604.0847 35.324955
 endloop
endfacet
facet normal -0.08709468 -0.9962 -0
 outer loop
  vertex 140.37029 -604.0847 35.324955
  vertex 140.37029 -604.0847 37.324955
  vertex 139.53532 -604.0117 37.324955
 endloop
endfacet
facet normal -0.08709468 -0.9962 0
 outer loop
  vertex 140.37029 -576.88464 35.324955
  vertex 139.53532 -576.81165 37.324955
  vertex 139.53532 -576.81165 35.324955
 endloop
endfacet
facet normal -0.258804 -0.96592987 -0
 outer loop
  vertex 139.53532 -576.81165 35.324955
  vertex 139.53532 -576.81165 37.324955
  vertex 138.72527 -576.5946 37.324955
 endloop
endfacet
facet normal -0.258804 -0.96592987 0
 outer loop
  vertex 139.53532 -576.81165 35.324955
  vertex 138.72527 -576.5946 37.324955
  vertex 138.72527 -576.5946 35.324955
 endloop
endfacet
facet normal -0.42318818 -0.9060418 -0
 outer loop
  vertex 138.72527 -576.5946 35.324955
  vertex 138.72527 -576.5946 37.324955
  vertex 137.96526 -576.2396 37.324955
 endloop
endfacet
facet normal -0.42318818 -0.9060418 0
 outer loop
  vertex 138.72527 -576.5946 35.324955
  vertex 137.96526 -576.2396 37.324955
  vertex 137.96526 -576.2396 35.324955
 endloop
endfacet
facet normal -0.5735014 -0.81920457 -0
 outer loop
  vertex 137.96526 -576.2396 35.324955
  vertex 137.96526 -576.2396 37.324955
  vertex 137.27824 -575.75867 37.324955
 endloop
endfacet
facet normal -0.5735014 -0.81920457 0
 outer loop
  vertex 137.96526 -576.2396 35.324955
  vertex 137.27824 -575.75867 37.324955
  vertex 137.27824 -575.75867 35.324955
 endloop
endfacet
facet normal -0.7065967 -0.7076165 -0
 outer loop
  vertex 137.27824 -575.75867 35.324955
  vertex 137.27824 -575.75867 37.324955
  vertex 136.68535 -575.1666 37.324955
 endloop
endfacet
facet normal -0.7065967 -0.7076165 0
 outer loop
  vertex 137.27824 -575.75867 35.324955
  vertex 136.68535 -575.1666 37.324955
  vertex 136.68535 -575.1666 35.324955
 endloop
endfacet
facet normal -0.8191362 -0.5735991 -0
 outer loop
  vertex 136.68535 -575.1666 35.324955
  vertex 136.68535 -575.1666 37.324955
  vertex 136.20427 -574.4796 37.324955
 endloop
endfacet
facet normal -0.8191362 -0.5735991 0
 outer loop
  vertex 136.68535 -575.1666 35.324955
  vertex 136.20427 -574.4796 37.324955
  vertex 136.20427 -574.4796 35.324955
 endloop
endfacet
facet normal -0.90648794 -0.42223176 -0
 outer loop
  vertex 136.20427 -574.4796 35.324955
  vertex 136.20427 -574.4796 37.324955
  vertex 135.85027 -573.7196 37.324955
 endloop
endfacet
facet normal -0.90648794 -0.42223176 0
 outer loop
  vertex 136.20427 -574.4796 35.324955
  vertex 135.85027 -573.7196 37.324955
  vertex 135.85027 -573.7196 35.324955
 endloop
endfacet
facet normal -0.9659565 -0.25870454 -0
 outer loop
  vertex 135.85027 -573.7196 35.324955
  vertex 135.85027 -573.7196 37.324955
  vertex 135.63335 -572.90967 37.324955
 endloop
endfacet
facet normal -0.9659565 -0.25870454 0
 outer loop
  vertex 135.85027 -573.7196 35.324955
  vertex 135.63335 -572.90967 37.324955
  vertex 135.63335 -572.90967 35.324955
 endloop
endfacet
facet normal -0.9962 -0.08709468 -0
 outer loop
  vertex 135.63335 -572.90967 35.324955
  vertex 135.63335 -572.90967 37.324955
  vertex 135.56035 -572.0747 37.324955
 endloop
endfacet
facet normal -0.9962 -0.08709468 0
 outer loop
  vertex 135.63335 -572.90967 35.324955
  vertex 135.56035 -572.0747 37.324955
  vertex 135.56035 -572.0747 35.324955
 endloop
endfacet
facet normal -0.99621 0.0869811 0
 outer loop
  vertex 135.56035 -572.0747 35.324955
  vertex 135.56035 -572.0747 37.324955
  vertex 135.63335 -571.23865 37.324955
 endloop
endfacet
facet normal -0.99621 0.0869811 0
 outer loop
  vertex 135.56035 -572.0747 35.324955
  vertex 135.63335 -571.23865 37.324955
  vertex 135.63335 -571.23865 35.324955
 endloop
endfacet
facet normal -0.9658784 0.25899592 0
 outer loop
  vertex 135.63335 -571.23865 35.324955
  vertex 135.63335 -571.23865 37.324955
  vertex 135.85027 -570.4297 37.324955
 endloop
endfacet
facet normal -0.9658784 0.25899592 0
 outer loop
  vertex 135.63335 -571.23865 35.324955
  vertex 135.85027 -570.4297 37.324955
  vertex 135.85027 -570.4297 35.324955
 endloop
endfacet
facet normal -0.90648794 0.42223176 0
 outer loop
  vertex 135.85027 -570.4297 35.324955
  vertex 135.85027 -570.4297 37.324955
  vertex 136.20427 -569.6697 37.324955
 endloop
endfacet
facet normal -0.90648794 0.42223176 0
 outer loop
  vertex 135.85027 -570.4297 35.324955
  vertex 136.20427 -569.6697 37.324955
  vertex 136.20427 -569.6697 35.324955
 endloop
endfacet
facet normal -0.8191362 0.5735991 0
 outer loop
  vertex 136.20427 -569.6697 35.324955
  vertex 136.20427 -569.6697 37.324955
  vertex 136.68535 -568.98267 37.324955
 endloop
endfacet
facet normal -0.8191362 0.5735991 0
 outer loop
  vertex 136.20427 -569.6697 35.324955
  vertex 136.68535 -568.98267 37.324955
  vertex 136.68535 -568.98267 35.324955
 endloop
endfacet
facet normal -0.70717955 0.707034 0
 outer loop
  vertex 136.68535 -568.98267 35.324955
  vertex 136.68535 -568.98267 37.324955
  vertex 137.27824 -568.38965 37.324955
 endloop
endfacet
facet normal -0.70717955 0.707034 0
 outer loop
  vertex 136.68535 -568.98267 35.324955
  vertex 137.27824 -568.38965 37.324955
  vertex 137.27824 -568.38965 35.324955
 endloop
endfacet
facet normal -0.5735014 0.81920457 0
 outer loop
  vertex 137.27824 -568.38965 35.324955
  vertex 137.27824 -568.38965 37.324955
  vertex 137.96526 -567.9087 37.324955
 endloop
endfacet
facet normal -0.5735014 0.81920457 0
 outer loop
  vertex 137.27824 -568.38965 35.324955
  vertex 137.96526 -567.9087 37.324955
  vertex 137.96526 -567.9087 35.324955
 endloop
endfacet
facet normal -0.42223176 0.90648794 0
 outer loop
  vertex 137.96526 -567.9087 35.324955
  vertex 137.96526 -567.9087 37.324955
  vertex 138.72527 -567.5547 37.324955
 endloop
endfacet
facet normal -0.42223176 0.90648794 0
 outer loop
  vertex 137.96526 -567.9087 35.324955
  vertex 138.72527 -567.5547 37.324955
  vertex 138.72527 -567.5547 35.324955
 endloop
endfacet
facet normal -0.258804 0.96592987 0
 outer loop
  vertex 138.72527 -567.5547 35.324955
  vertex 138.72527 -567.5547 37.324955
  vertex 139.53532 -567.33765 37.324955
 endloop
endfacet
facet normal -0.258804 0.96592987 0
 outer loop
  vertex 138.72527 -567.5547 35.324955
  vertex 139.53532 -567.33765 37.324955
  vertex 139.53532 -567.33765 35.324955
 endloop
endfacet
facet normal -0.08709468 0.9962 0
 outer loop
  vertex 139.53532 -567.33765 35.324955
  vertex 139.53532 -567.33765 37.324955
  vertex 140.37029 -567.26465 37.324955
 endloop
endfacet
facet normal -0.08709468 0.9962 0
 outer loop
  vertex 139.53532 -567.33765 35.324955
  vertex 140.37029 -567.26465 37.324955
  vertex 140.37029 -567.26465 35.324955
 endloop
endfacet
facet normal 0.08709468 0.9962 0
 outer loop
  vertex 140.37029 -567.26465 35.324955
  vertex 140.37029 -567.26465 37.324955
  vertex 141.20525 -567.33765 37.324955
 endloop
endfacet
facet normal 0.08709468 0.9962 -0
 outer loop
  vertex 140.37029 -567.26465 35.324955
  vertex 141.20525 -567.33765 37.324955
  vertex 141.20525 -567.33765 35.324955
 endloop
endfacet
facet normal 0.258804 0.96592987 0
 outer loop
  vertex 141.20525 -567.33765 35.324955
  vertex 141.20525 -567.33765 37.324955
  vertex 142.0153 -567.5547 37.324955
 endloop
endfacet
facet normal 0.258804 0.96592987 -0
 outer loop
  vertex 141.20525 -567.33765 35.324955
  vertex 142.0153 -567.5547 37.324955
  vertex 142.0153 -567.5547 35.324955
 endloop
endfacet
facet normal 0.42223176 0.90648794 0
 outer loop
  vertex 142.0153 -567.5547 35.324955
  vertex 142.0153 -567.5547 37.324955
  vertex 142.77531 -567.9087 37.324955
 endloop
endfacet
facet normal 0.42223176 0.90648794 -0
 outer loop
  vertex 142.0153 -567.5547 35.324955
  vertex 142.77531 -567.9087 37.324955
  vertex 142.77531 -567.9087 35.324955
 endloop
endfacet
facet normal 0.5735014 0.81920457 0
 outer loop
  vertex 142.77531 -567.9087 35.324955
  vertex 142.77531 -567.9087 37.324955
  vertex 143.46233 -568.38965 37.324955
 endloop
endfacet
facet normal 0.5735014 0.81920457 -0
 outer loop
  vertex 142.77531 -567.9087 35.324955
  vertex 143.46233 -568.38965 37.324955
  vertex 143.46233 -568.38965 35.324955
 endloop
endfacet
facet normal 0.70710677 0.70710677 0
 outer loop
  vertex 143.46233 -568.38965 35.324955
  vertex 143.46233 -568.38965 37.324955
  vertex 144.05534 -568.98267 37.324955
 endloop
endfacet
facet normal 0.70710677 0.70710677 -0
 outer loop
  vertex 143.46233 -568.38965 35.324955
  vertex 144.05534 -568.98267 37.324955
  vertex 144.05534 -568.98267 35.324955
 endloop
endfacet
facet normal 0.81920457 0.5735014 0
 outer loop
  vertex 144.05534 -568.98267 35.324955
  vertex 144.05534 -568.98267 37.324955
  vertex 144.5363 -569.6697 37.324955
 endloop
endfacet
facet normal 0.81920457 0.5735014 -0
 outer loop
  vertex 144.05534 -568.98267 35.324955
  vertex 144.5363 -569.6697 37.324955
  vertex 144.5363 -569.6697 35.324955
 endloop
endfacet
facet normal 0.90648794 0.42223176 0
 outer loop
  vertex 144.5363 -569.6697 35.324955
  vertex 144.5363 -569.6697 37.324955
  vertex 144.8903 -570.4297 37.324955
 endloop
endfacet
facet normal 0.90648794 0.42223176 -0
 outer loop
  vertex 144.5363 -569.6697 35.324955
  vertex 144.8903 -570.4297 37.324955
  vertex 144.8903 -570.4297 35.324955
 endloop
endfacet
facet normal 0.96584195 0.25913188 0
 outer loop
  vertex 144.8903 -570.4297 35.324955
  vertex 144.8903 -570.4297 37.324955
  vertex 145.10735 -571.23865 37.324955
 endloop
endfacet
facet normal 0.96584195 0.25913188 -0
 outer loop
  vertex 144.8903 -570.4297 35.324955
  vertex 145.10735 -571.23865 37.324955
  vertex 145.10735 -571.23865 35.324955
 endloop
endfacet
facet normal 0.99621 0.0869811 0
 outer loop
  vertex 145.10735 -571.23865 35.324955
  vertex 145.10735 -571.23865 37.324955
  vertex 145.18034 -572.0747 37.324955
 endloop
endfacet
facet normal 0.99621 0.0869811 -0
 outer loop
  vertex 145.10735 -571.23865 35.324955
  vertex 145.18034 -572.0747 37.324955
  vertex 145.18034 -572.0747 35.324955
 endloop
endfacet
facet normal 0.9962 -0.08709468 0
 outer loop
  vertex 145.18034 -572.0747 35.324955
  vertex 145.18034 -572.0747 37.324955
  vertex 145.10735 -572.90967 37.324955
 endloop
endfacet
facet normal 0.9962 -0.08709468 0
 outer loop
  vertex 145.18034 -572.0747 35.324955
  vertex 145.10735 -572.90967 37.324955
  vertex 145.10735 -572.90967 35.324955
 endloop
endfacet
facet normal 0.9659201 -0.25884038 0
 outer loop
  vertex 145.10735 -572.90967 35.324955
  vertex 145.10735 -572.90967 37.324955
  vertex 144.8903 -573.7196 37.324955
 endloop
endfacet
facet normal 0.9659201 -0.25884038 0
 outer loop
  vertex 145.10735 -572.90967 35.324955
  vertex 144.8903 -573.7196 37.324955
  vertex 144.8903 -573.7196 35.324955
 endloop
endfacet
facet normal 0.90648794 -0.42223176 0
 outer loop
  vertex 144.8903 -573.7196 35.324955
  vertex 144.8903 -573.7196 37.324955
  vertex 144.5363 -574.4796 37.324955
 endloop
endfacet
facet normal 0.90648794 -0.42223176 0
 outer loop
  vertex 144.8903 -573.7196 35.324955
  vertex 144.5363 -574.4796 37.324955
  vertex 144.5363 -574.4796 35.324955
 endloop
endfacet
facet normal 0.81920457 -0.5735014 0
 outer loop
  vertex 144.5363 -574.4796 35.324955
  vertex 144.5363 -574.4796 37.324955
  vertex 144.05534 -575.1666 37.324955
 endloop
endfacet
facet normal 0.81920457 -0.5735014 0
 outer loop
  vertex 144.5363 -574.4796 35.324955
  vertex 144.05534 -575.1666 37.324955
  vertex 144.05534 -575.1666 35.324955
 endloop
endfacet
facet normal 0.70652384 -0.7076893 0
 outer loop
  vertex 144.05534 -575.1666 35.324955
  vertex 144.05534 -575.1666 37.324955
  vertex 143.46233 -575.75867 37.324955
 endloop
endfacet
facet normal 0.70652384 -0.7076893 0
 outer loop
  vertex 144.05534 -575.1666 35.324955
  vertex 143.46233 -575.75867 37.324955
  vertex 143.46233 -575.75867 35.324955
 endloop
endfacet
facet normal 0.5735014 -0.81920457 0
 outer loop
  vertex 143.46233 -575.75867 35.324955
  vertex 143.46233 -575.75867 37.324955
  vertex 142.77531 -576.2396 37.324955
 endloop
endfacet
facet normal 0.5735014 -0.81920457 0
 outer loop
  vertex 143.46233 -575.75867 35.324955
  vertex 142.77531 -576.2396 37.324955
  vertex 142.77531 -576.2396 35.324955
 endloop
endfacet
facet normal 0.42318818 -0.9060418 0
 outer loop
  vertex 142.77531 -576.2396 35.324955
  vertex 142.77531 -576.2396 37.324955
  vertex 142.0153 -576.5946 37.324955
 endloop
endfacet
facet normal 0.42318818 -0.9060418 0
 outer loop
  vertex 142.77531 -576.2396 35.324955
  vertex 142.0153 -576.5946 37.324955
  vertex 142.0153 -576.5946 35.324955
 endloop
endfacet
facet normal 0.258804 -0.96592987 0
 outer loop
  vertex 142.0153 -576.5946 35.324955
  vertex 142.0153 -576.5946 37.324955
  vertex 141.20525 -576.81165 37.324955
 endloop
endfacet
facet normal 0.258804 -0.96592987 0
 outer loop
  vertex 142.0153 -576.5946 35.324955
  vertex 141.20525 -576.81165 37.324955
  vertex 141.20525 -576.81165 35.324955
 endloop
endfacet
facet normal 0.08709468 -0.9962 0
 outer loop
  vertex 141.20525 -576.81165 35.324955
  vertex 141.20525 -576.81165 37.324955
  vertex 140.37029 -576.88464 37.324955
 endloop
endfacet
facet normal 0.08709468 -0.9962 0
 outer loop
  vertex 141.20525 -576.81165 35.324955
  vertex 140.37029 -576.88464 37.324955
  vertex 140.37029 -576.88464 35.324955
 endloop
endfacet
facet normal -0.08709468 -0.9962 -0
 outer loop
  vertex 140.37029 -576.88464 35.324955
  vertex 140.37029 -576.88464 37.324955
  vertex 139.53532 -576.81165 37.324955
 endloop
endfacet
facet normal -0.08709468 -0.9962 0
 outer loop
  vertex 140.37029 -590.4846 35.324955
  vertex 139.53532 -590.4116 37.324955
  vertex 139.53532 -590.4116 35.324955
 endloop
endfacet
facet normal -0.25866818 -0.9659663 -0
 outer loop
  vertex 139.53532 -590.4116 35.324955
  vertex 139.53532 -590.4116 37.324955
  vertex 138.72527 -590.1947 37.324955
 endloop
endfacet
facet normal -0.25866818 -0.9659663 0
 outer loop
  vertex 139.53532 -590.4116 35.324955
  vertex 138.72527 -590.1947 37.324955
  vertex 138.72527 -590.1947 35.324955
 endloop
endfacet
facet normal -0.42318818 -0.9060418 -0
 outer loop
  vertex 138.72527 -590.1947 35.324955
  vertex 138.72527 -590.1947 37.324955
  vertex 137.96526 -589.8397 37.324955
 endloop
endfacet
facet normal -0.42318818 -0.9060418 0
 outer loop
  vertex 138.72527 -590.1947 35.324955
  vertex 137.96526 -589.8397 37.324955
  vertex 137.96526 -589.8397 35.324955
 endloop
endfacet
facet normal -0.5735991 -0.8191362 -0
 outer loop
  vertex 137.96526 -589.8397 35.324955
  vertex 137.96526 -589.8397 37.324955
  vertex 137.27824 -589.35864 37.324955
 endloop
endfacet
facet normal -0.5735991 -0.8191362 0
 outer loop
  vertex 137.96526 -589.8397 35.324955
  vertex 137.27824 -589.35864 37.324955
  vertex 137.27824 -589.35864 35.324955
 endloop
endfacet
facet normal -0.7065237 -0.70768934 -0
 outer loop
  vertex 137.27824 -589.35864 35.324955
  vertex 137.27824 -589.35864 37.324955
  vertex 136.68535 -588.7667 37.324955
 endloop
endfacet
facet normal -0.7065237 -0.70768934 0
 outer loop
  vertex 137.27824 -589.35864 35.324955
  vertex 136.68535 -588.7667 37.324955
  vertex 136.68535 -588.7667 35.324955
 endloop
endfacet
facet normal -0.8191362 -0.5735991 -0
 outer loop
  vertex 136.68535 -588.7667 35.324955
  vertex 136.68535 -588.7667 37.324955
  vertex 136.20427 -588.0797 37.324955
 endloop
endfacet
facet normal -0.8191362 -0.5735991 0
 outer loop
  vertex 136.68535 -588.7667 35.324955
  vertex 136.20427 -588.0797 37.324955
  vertex 136.20427 -588.0797 35.324955
 endloop
endfacet
facet normal -0.90648794 -0.42223176 -0
 outer loop
  vertex 136.20427 -588.0797 35.324955
  vertex 136.20427 -588.0797 37.324955
  vertex 135.85027 -587.3197 37.324955
 endloop
endfacet
facet normal -0.90648794 -0.42223176 0
 outer loop
  vertex 136.20427 -588.0797 35.324955
  vertex 135.85027 -587.3197 37.324955
  vertex 135.85027 -587.3197 35.324955
 endloop
endfacet
facet normal -0.9659663 -0.25866818 -0
 outer loop
  vertex 135.85027 -587.3197 35.324955
  vertex 135.85027 -587.3197 37.324955
  vertex 135.63335 -586.50964 37.324955
 endloop
endfacet
facet normal -0.9659663 -0.25866818 0
 outer loop
  vertex 135.85027 -587.3197 35.324955
  vertex 135.63335 -586.50964 37.324955
  vertex 135.63335 -586.50964 35.324955
 endloop
endfacet
facet normal -0.9962 -0.08709468 -0
 outer loop
  vertex 135.63335 -586.50964 35.324955
  vertex 135.63335 -586.50964 37.324955
  vertex 135.56035 -585.6747 37.324955
 endloop
endfacet
facet normal -0.9962 -0.08709468 0
 outer loop
  vertex 135.63335 -586.50964 35.324955
  vertex 135.56035 -585.6747 37.324955
  vertex 135.56035 -585.6747 35.324955
 endloop
endfacet
facet normal -0.99621 0.0869811 0
 outer loop
  vertex 135.56035 -585.6747 35.324955
  vertex 135.56035 -585.6747 37.324955
  vertex 135.63335 -584.8386 37.324955
 endloop
endfacet
facet normal -0.99621 0.0869811 0
 outer loop
  vertex 135.56035 -585.6747 35.324955
  vertex 135.63335 -584.8386 37.324955
  vertex 135.63335 -584.8386 35.324955
 endloop
endfacet
facet normal -0.9658784 0.25899592 0
 outer loop
  vertex 135.63335 -584.8386 35.324955
  vertex 135.63335 -584.8386 37.324955
  vertex 135.85027 -584.02966 37.324955
 endloop
endfacet
facet normal -0.9658784 0.25899592 0
 outer loop
  vertex 135.63335 -584.8386 35.324955
  vertex 135.85027 -584.02966 37.324955
  vertex 135.85027 -584.02966 35.324955
 endloop
endfacet
facet normal -0.90648794 0.42223176 0
 outer loop
  vertex 135.85027 -584.02966 35.324955
  vertex 135.85027 -584.02966 37.324955
  vertex 136.20427 -583.26965 37.324955
 endloop
endfacet
facet normal -0.90648794 0.42223176 0
 outer loop
  vertex 135.85027 -584.02966 35.324955
  vertex 136.20427 -583.26965 37.324955
  vertex 136.20427 -583.26965 35.324955
 endloop
endfacet
facet normal -0.8191362 0.5735991 0
 outer loop
  vertex 136.20427 -583.26965 35.324955
  vertex 136.20427 -583.26965 37.324955
  vertex 136.68535 -582.58264 37.324955
 endloop
endfacet
facet normal -0.8191362 0.5735991 0
 outer loop
  vertex 136.20427 -583.26965 35.324955
  vertex 136.68535 -582.58264 37.324955
  vertex 136.68535 -582.58264 35.324955
 endloop
endfacet
facet normal -0.70717955 0.707034 0
 outer loop
  vertex 136.68535 -582.58264 35.324955
  vertex 136.68535 -582.58264 37.324955
  vertex 137.27824 -581.9896 37.324955
 endloop
endfacet
facet normal -0.70717955 0.707034 0
 outer loop
  vertex 136.68535 -582.58264 35.324955
  vertex 137.27824 -581.9896 37.324955
  vertex 137.27824 -581.9896 35.324955
 endloop
endfacet
facet normal -0.5735014 0.81920457 0
 outer loop
  vertex 137.27824 -581.9896 35.324955
  vertex 137.27824 -581.9896 37.324955
  vertex 137.96526 -581.50867 37.324955
 endloop
endfacet
facet normal -0.5735014 0.81920457 0
 outer loop
  vertex 137.27824 -581.9896 35.324955
  vertex 137.96526 -581.50867 37.324955
  vertex 137.96526 -581.50867 35.324955
 endloop
endfacet
facet normal -0.42223176 0.90648794 0
 outer loop
  vertex 137.96526 -581.50867 35.324955
  vertex 137.96526 -581.50867 37.324955
  vertex 138.72527 -581.15466 37.324955
 endloop
endfacet
facet normal -0.42223176 0.90648794 0
 outer loop
  vertex 137.96526 -581.50867 35.324955
  vertex 138.72527 -581.15466 37.324955
  vertex 138.72527 -581.15466 35.324955
 endloop
endfacet
facet normal -0.258804 0.96592987 0
 outer loop
  vertex 138.72527 -581.15466 35.324955
  vertex 138.72527 -581.15466 37.324955
  vertex 139.53532 -580.9376 37.324955
 endloop
endfacet
facet normal -0.258804 0.96592987 0
 outer loop
  vertex 138.72527 -581.15466 35.324955
  vertex 139.53532 -580.9376 37.324955
  vertex 139.53532 -580.9376 35.324955
 endloop
endfacet
facet normal -0.08709468 0.9962 0
 outer loop
  vertex 139.53532 -580.9376 35.324955
  vertex 139.53532 -580.9376 37.324955
  vertex 140.37029 -580.8646 37.324955
 endloop
endfacet
facet normal -0.08709468 0.9962 0
 outer loop
  vertex 139.53532 -580.9376 35.324955
  vertex 140.37029 -580.8646 37.324955
  vertex 140.37029 -580.8646 35.324955
 endloop
endfacet
facet normal 0.08709468 0.9962 0
 outer loop
  vertex 140.37029 -580.8646 35.324955
  vertex 140.37029 -580.8646 37.324955
  vertex 141.20525 -580.9376 37.324955
 endloop
endfacet
facet normal 0.08709468 0.9962 -0
 outer loop
  vertex 140.37029 -580.8646 35.324955
  vertex 141.20525 -580.9376 37.324955
  vertex 141.20525 -580.9376 35.324955
 endloop
endfacet
facet normal 0.258804 0.96592987 0
 outer loop
  vertex 141.20525 -580.9376 35.324955
  vertex 141.20525 -580.9376 37.324955
  vertex 142.0153 -581.15466 37.324955
 endloop
endfacet
facet normal 0.258804 0.96592987 -0
 outer loop
  vertex 141.20525 -580.9376 35.324955
  vertex 142.0153 -581.15466 37.324955
  vertex 142.0153 -581.15466 35.324955
 endloop
endfacet
facet normal 0.42223176 0.90648794 0
 outer loop
  vertex 142.0153 -581.15466 35.324955
  vertex 142.0153 -581.15466 37.324955
  vertex 142.77531 -581.50867 37.324955
 endloop
endfacet
facet normal 0.42223176 0.90648794 -0
 outer loop
  vertex 142.0153 -581.15466 35.324955
  vertex 142.77531 -581.50867 37.324955
  vertex 142.77531 -581.50867 35.324955
 endloop
endfacet
facet normal 0.5735014 0.81920457 0
 outer loop
  vertex 142.77531 -581.50867 35.324955
  vertex 142.77531 -581.50867 37.324955
  vertex 143.46233 -581.9896 37.324955
 endloop
endfacet
facet normal 0.5735014 0.81920457 -0
 outer loop
  vertex 142.77531 -581.50867 35.324955
  vertex 143.46233 -581.9896 37.324955
  vertex 143.46233 -581.9896 35.324955
 endloop
endfacet
facet normal 0.70710677 0.70710677 0
 outer loop
  vertex 143.46233 -581.9896 35.324955
  vertex 143.46233 -581.9896 37.324955
  vertex 144.05534 -582.58264 37.324955
 endloop
endfacet
facet normal 0.70710677 0.70710677 -0
 outer loop
  vertex 143.46233 -581.9896 35.324955
  vertex 144.05534 -582.58264 37.324955
  vertex 144.05534 -582.58264 35.324955
 endloop
endfacet
facet normal 0.81920457 0.5735014 0
 outer loop
  vertex 144.05534 -582.58264 35.324955
  vertex 144.05534 -582.58264 37.324955
  vertex 144.5363 -583.26965 37.324955
 endloop
endfacet
facet normal 0.81920457 0.5735014 -0
 outer loop
  vertex 144.05534 -582.58264 35.324955
  vertex 144.5363 -583.26965 37.324955
  vertex 144.5363 -583.26965 35.324955
 endloop
endfacet
facet normal 0.90648794 0.42223176 0
 outer loop
  vertex 144.5363 -583.26965 35.324955
  vertex 144.5363 -583.26965 37.324955
  vertex 144.8903 -584.02966 37.324955
 endloop
endfacet
facet normal 0.90648794 0.42223176 -0
 outer loop
  vertex 144.5363 -583.26965 35.324955
  vertex 144.8903 -584.02966 37.324955
  vertex 144.8903 -584.02966 35.324955
 endloop
endfacet
facet normal 0.96584195 0.25913188 0
 outer loop
  vertex 144.8903 -584.02966 35.324955
  vertex 144.8903 -584.02966 37.324955
  vertex 145.10735 -584.8386 37.324955
 endloop
endfacet
facet normal 0.96584195 0.25913188 -0
 outer loop
  vertex 144.8903 -584.02966 35.324955
  vertex 145.10735 -584.8386 37.324955
  vertex 145.10735 -584.8386 35.324955
 endloop
endfacet
facet normal 0.99621 0.0869811 0
 outer loop
  vertex 145.10735 -584.8386 35.324955
  vertex 145.10735 -584.8386 37.324955
  vertex 145.18034 -585.6747 37.324955
 endloop
endfacet
facet normal 0.99621 0.0869811 -0
 outer loop
  vertex 145.10735 -584.8386 35.324955
  vertex 145.18034 -585.6747 37.324955
  vertex 145.18034 -585.6747 35.324955
 endloop
endfacet
facet normal 0.9962 -0.08709468 0
 outer loop
  vertex 145.18034 -585.6747 35.324955
  vertex 145.18034 -585.6747 37.324955
  vertex 145.10735 -586.50964 37.324955
 endloop
endfacet
facet normal 0.9962 -0.08709468 0
 outer loop
  vertex 145.18034 -585.6747 35.324955
  vertex 145.10735 -586.50964 37.324955
  vertex 145.10735 -586.50964 35.324955
 endloop
endfacet
facet normal 0.96592987 -0.258804 0
 outer loop
  vertex 145.10735 -586.50964 35.324955
  vertex 145.10735 -586.50964 37.324955
  vertex 144.8903 -587.3197 37.324955
 endloop
endfacet
facet normal 0.96592987 -0.258804 0
 outer loop
  vertex 145.10735 -586.50964 35.324955
  vertex 144.8903 -587.3197 37.324955
  vertex 144.8903 -587.3197 35.324955
 endloop
endfacet
facet normal 0.90648794 -0.42223176 0
 outer loop
  vertex 144.8903 -587.3197 35.324955
  vertex 144.8903 -587.3197 37.324955
  vertex 144.5363 -588.0797 37.324955
 endloop
endfacet
facet normal 0.90648794 -0.42223176 0
 outer loop
  vertex 144.8903 -587.3197 35.324955
  vertex 144.5363 -588.0797 37.324955
  vertex 144.5363 -588.0797 35.324955
 endloop
endfacet
facet normal 0.81920457 -0.5735014 0
 outer loop
  vertex 144.5363 -588.0797 35.324955
  vertex 144.5363 -588.0797 37.324955
  vertex 144.05534 -588.7667 37.324955
 endloop
endfacet
facet normal 0.81920457 -0.5735014 0
 outer loop
  vertex 144.5363 -588.0797 35.324955
  vertex 144.05534 -588.7667 37.324955
  vertex 144.05534 -588.7667 35.324955
 endloop
endfacet
facet normal 0.7064509 -0.7077621 0
 outer loop
  vertex 144.05534 -588.7667 35.324955
  vertex 144.05534 -588.7667 37.324955
  vertex 143.46233 -589.35864 37.324955
 endloop
endfacet
facet normal 0.7064509 -0.7077621 0
 outer loop
  vertex 144.05534 -588.7667 35.324955
  vertex 143.46233 -589.35864 37.324955
  vertex 143.46233 -589.35864 35.324955
 endloop
endfacet
facet normal 0.5735991 -0.8191362 0
 outer loop
  vertex 143.46233 -589.35864 35.324955
  vertex 143.46233 -589.35864 37.324955
  vertex 142.77531 -589.8397 37.324955
 endloop
endfacet
facet normal 0.5735991 -0.8191362 0
 outer loop
  vertex 143.46233 -589.35864 35.324955
  vertex 142.77531 -589.8397 37.324955
  vertex 142.77531 -589.8397 35.324955
 endloop
endfacet
facet normal 0.42318818 -0.9060418 0
 outer loop
  vertex 142.77531 -589.8397 35.324955
  vertex 142.77531 -589.8397 37.324955
  vertex 142.0153 -590.1947 37.324955
 endloop
endfacet
facet normal 0.42318818 -0.9060418 0
 outer loop
  vertex 142.77531 -589.8397 35.324955
  vertex 142.0153 -590.1947 37.324955
  vertex 142.0153 -590.1947 35.324955
 endloop
endfacet
facet normal 0.25866818 -0.9659663 0
 outer loop
  vertex 142.0153 -590.1947 35.324955
  vertex 142.0153 -590.1947 37.324955
  vertex 141.20525 -590.4116 37.324955
 endloop
endfacet
facet normal 0.25866818 -0.9659663 0
 outer loop
  vertex 142.0153 -590.1947 35.324955
  vertex 141.20525 -590.4116 37.324955
  vertex 141.20525 -590.4116 35.324955
 endloop
endfacet
facet normal 0.08709468 -0.9962 0
 outer loop
  vertex 141.20525 -590.4116 35.324955
  vertex 141.20525 -590.4116 37.324955
  vertex 140.37029 -590.4846 37.324955
 endloop
endfacet
facet normal 0.08709468 -0.9962 0
 outer loop
  vertex 141.20525 -590.4116 35.324955
  vertex 140.37029 -590.4846 37.324955
  vertex 140.37029 -590.4846 35.324955
 endloop
endfacet
facet normal -0.08709468 -0.9962 -0
 outer loop
  vertex 140.37029 -590.4846 35.324955
  vertex 140.37029 -590.4846 37.324955
  vertex 139.53532 -590.4116 37.324955
 endloop
endfacet
facet normal 0 4.6748756e-08 1
 outer loop
  vertex 119.620285 -565.27466 32.32495
  vertex 119.62029 -646.87463 32.324955
  vertex 120.120285 -565.27466 32.32495
 endloop
endfacet
facet normal 0 4.6748756e-08 1
 outer loop
  vertex 120.120285 -565.27466 32.32495
  vertex 119.62029 -646.87463 32.324955
  vertex 120.12029 -646.87463 32.324955
 endloop
endfacet
facet normal 0 5.609849e-08 1
 outer loop
  vertex 147.6203 -633.27466 32.324955
  vertex 147.62029 -565.27466 32.32495
  vertex 147.1203 -633.27466 32.324955
 endloop
endfacet
facet normal -0 5.609849e-08 1
 outer loop
  vertex 147.1203 -633.27466 32.324955
  vertex 147.62029 -565.27466 32.32495
  vertex 147.12029 -565.27466 32.32495
 endloop
endfacet
endsolid 
