solid 
facet normal 0 -0 1
 outer loop
  vertex 172.02638 -1062.9557 25.324959
  vertex 152.7267 -1062.9557 25.324959
  vertex 172.02638 -1120.9557 25.324959
 endloop
endfacet
facet normal -0 0 1
 outer loop
  vertex 172.02638 -1120.9557 25.324959
  vertex 152.7267 -1062.9557 25.324959
  vertex 152.7267 -1072.3556 25.324959
 endloop
endfacet
facet normal -1.9073487e-07 0 1
 outer loop
  vertex 142.7267 -1087.1556 25.324957
  vertex 142.7267 -1101.1556 25.324957
  vertex 152.7267 -1072.3556 25.324959
 endloop
endfacet
facet normal -1.4024647e-07 -1.7530661e-08 1
 outer loop
  vertex 152.7267 -1072.3556 25.324959
  vertex 142.7267 -1101.1556 25.324957
  vertex 156.32668 -1101.1556 25.324959
 endloop
endfacet
facet normal 0 0 1
 outer loop
  vertex 152.7267 -1072.3556 25.324959
  vertex 156.32668 -1101.1556 25.324959
  vertex 172.02638 -1120.9557 25.324959
 endloop
endfacet
facet normal -0 0 1
 outer loop
  vertex 172.02638 -1120.9557 25.324959
  vertex 156.32668 -1101.1556 25.324959
  vertex 156.32668 -1115.1556 25.324959
 endloop
endfacet
facet normal -3.6330572e-08 -9.834044e-08 1
 outer loop
  vertex 172.02638 -1120.9557 25.324959
  vertex 156.32668 -1115.1556 25.324959
  vertex 67.02674 -1120.9557 25.324955
 endloop
endfacet
facet normal -4.6748752e-08 6.2062085e-08 1
 outer loop
  vertex 67.02674 -1120.9557 25.324955
  vertex 156.32668 -1115.1556 25.324959
  vertex 74.72669 -1115.1556 25.324955
 endloop
endfacet
facet normal 0 0 1
 outer loop
  vertex 67.02674 -1120.9557 25.324955
  vertex 74.72669 -1115.1556 25.324955
  vertex 67.02675 -1072.3556 25.324955
 endloop
endfacet
facet normal 0 0 1
 outer loop
  vertex 67.02675 -1072.3556 25.324955
  vertex 74.72669 -1115.1556 25.324955
  vertex 74.7267 -1087.1556 25.324955
 endloop
endfacet
facet normal -4.4512245e-08 -2.3158174e-08 1
 outer loop
  vertex 67.02675 -1072.3556 25.324955
  vertex 74.7267 -1087.1556 25.324955
  vertex 152.7267 -1072.3556 25.324959
 endloop
endfacet
facet normal -2.8049245e-08 -1.09922354e-07 1
 outer loop
  vertex 152.7267 -1072.3556 25.324959
  vertex 74.7267 -1087.1556 25.324955
  vertex 142.7267 -1087.1556 25.324957
 endloop
endfacet
facet normal 0 1 -0
 outer loop
  vertex 129.12672 -1087.6556 35.32495
  vertex 142.7267 -1087.6556 35.324955
  vertex 142.7267 -1087.6556 32.324955
 endloop
endfacet
facet normal 0 1 0
 outer loop
  vertex 74.7267 -1087.6556 32.32495
  vertex 74.7267 -1087.6556 35.32495
  vertex 75.721695 -1087.6556 35.32495
 endloop
endfacet
facet normal 0 1 -0
 outer loop
  vertex 75.721695 -1087.6556 35.32495
  vertex 88.326675 -1087.6556 35.32495
  vertex 74.7267 -1087.6556 32.32495
 endloop
endfacet
facet normal 0 1 0
 outer loop
  vertex 74.7267 -1087.6556 32.32495
  vertex 88.326675 -1087.6556 35.32495
  vertex 101.92665 -1087.6556 35.32495
 endloop
endfacet
facet normal 0 1 0
 outer loop
  vertex 74.7267 -1087.6556 32.32495
  vertex 101.92665 -1087.6556 35.32495
  vertex 142.7267 -1087.6556 32.324955
 endloop
endfacet
facet normal 0 1 0
 outer loop
  vertex 142.7267 -1087.6556 32.324955
  vertex 101.92665 -1087.6556 35.32495
  vertex 115.52675 -1087.6556 35.32495
 endloop
endfacet
facet normal 0 1 0
 outer loop
  vertex 142.7267 -1087.6556 32.324955
  vertex 115.52675 -1087.6556 35.32495
  vertex 129.12672 -1087.6556 35.32495
 endloop
endfacet
facet normal 0 -1 0
 outer loop
  vertex 156.32668 -1114.6556 32.324955
  vertex 156.32668 -1114.6556 35.324955
  vertex 142.7267 -1114.6556 35.324955
 endloop
endfacet
facet normal -0 -1 0
 outer loop
  vertex 101.92664 -1114.6556 35.32495
  vertex 74.72669 -1114.6556 32.32495
  vertex 115.52674 -1114.6556 35.32495
 endloop
endfacet
facet normal -0 -1 0
 outer loop
  vertex 115.52674 -1114.6556 35.32495
  vertex 74.72669 -1114.6556 32.32495
  vertex 156.32668 -1114.6556 32.324955
 endloop
endfacet
facet normal -0 -1 -0
 outer loop
  vertex 115.52674 -1114.6556 35.32495
  vertex 156.32668 -1114.6556 32.324955
  vertex 129.12672 -1114.6556 35.32495
 endloop
endfacet
facet normal -0 -1 -0
 outer loop
  vertex 129.12672 -1114.6556 35.32495
  vertex 156.32668 -1114.6556 32.324955
  vertex 142.7267 -1114.6556 35.324955
 endloop
endfacet
facet normal 0 -1 0
 outer loop
  vertex 101.92664 -1114.6556 35.32495
  vertex 88.32667 -1114.6556 35.32495
  vertex 74.72669 -1114.6556 32.32495
 endloop
endfacet
facet normal 0 -1 -0
 outer loop
  vertex 74.72669 -1114.6556 32.32495
  vertex 88.32667 -1114.6556 35.32495
  vertex 75.72169 -1114.6556 35.32495
 endloop
endfacet
facet normal 0 -1 -0
 outer loop
  vertex 74.72669 -1114.6556 32.32495
  vertex 75.72169 -1114.6556 35.32495
  vertex 74.72669 -1114.6556 35.32495
 endloop
endfacet
facet normal 0 1 -0
 outer loop
  vertex 152.7267 -1062.9557 25.324959
  vertex 172.02638 -1062.9557 25.324959
  vertex 152.7267 -1062.9557 12.324955
 endloop
endfacet
facet normal 0 1 -0
 outer loop
  vertex 152.7267 -1062.9557 12.324955
  vertex 172.02638 -1062.9557 25.324959
  vertex 172.02638 -1062.9557 0.3249573
 endloop
endfacet
facet normal -0 1 -0
 outer loop
  vertex 152.7267 -1062.9557 12.324955
  vertex 172.02638 -1062.9557 0.3249573
  vertex 76.52675 -1062.9557 12.324952
 endloop
endfacet
facet normal 0 1 -0
 outer loop
  vertex 76.52675 -1062.9557 12.324952
  vertex 172.02638 -1062.9557 0.3249573
  vertex 76.52675 -1062.9557 0.32495314
 endloop
endfacet
facet normal -1 0 0
 outer loop
  vertex 76.52675 -1062.9557 12.324952
  vertex 76.52675 -1062.9557 0.32495314
  vertex 76.52675 -1072.3556 12.324952
 endloop
endfacet
facet normal -1 0 0
 outer loop
  vertex 76.52675 -1072.3556 12.324952
  vertex 76.52675 -1062.9557 0.32495314
  vertex 76.52675 -1072.3556 0.32495314
 endloop
endfacet
facet normal -0 1 0
 outer loop
  vertex 76.52675 -1072.3556 0.32495314
  vertex 67.02675 -1072.3556 0.32495272
  vertex 76.52675 -1072.3556 12.324952
 endloop
endfacet
facet normal -0 1 0
 outer loop
  vertex 76.52675 -1072.3556 12.324952
  vertex 67.02675 -1072.3556 0.32495272
  vertex 67.02675 -1072.3556 25.324955
 endloop
endfacet
facet normal 0 1 0
 outer loop
  vertex 76.52675 -1072.3556 12.324952
  vertex 67.02675 -1072.3556 25.324955
  vertex 152.7267 -1072.3556 12.324955
 endloop
endfacet
facet normal 0 1 0
 outer loop
  vertex 152.7267 -1072.3556 12.324955
  vertex 67.02675 -1072.3556 25.324955
  vertex 152.7267 -1072.3556 25.324959
 endloop
endfacet
facet normal -1 1.569831e-07 -3.0517575e-07
 outer loop
  vertex 67.02674 -1120.9557 25.324955
  vertex 67.02675 -1072.3556 25.324955
  vertex 67.02675 -1120.9557 0.32495272
 endloop
endfacet
facet normal -1 -0 0
 outer loop
  vertex 67.02675 -1120.9557 0.32495272
  vertex 67.02675 -1072.3556 25.324955
  vertex 67.02675 -1072.3556 0.32495272
 endloop
endfacet
facet normal 0 -1 0
 outer loop
  vertex 172.02638 -1120.9557 25.324959
  vertex 67.02674 -1120.9557 25.324955
  vertex 172.02638 -1120.9557 0.3249573
 endloop
endfacet
facet normal 0 -1 0
 outer loop
  vertex 172.02638 -1120.9557 0.3249573
  vertex 67.02674 -1120.9557 25.324955
  vertex 67.02675 -1120.9557 0.32495272
 endloop
endfacet
facet normal 1 0 -0
 outer loop
  vertex 172.02638 -1062.9557 25.324959
  vertex 172.02638 -1120.9557 25.324959
  vertex 172.02638 -1062.9557 0.3249573
 endloop
endfacet
facet normal 1 -0 0
 outer loop
  vertex 172.02638 -1062.9557 0.3249573
  vertex 172.02638 -1120.9557 25.324959
  vertex 172.02638 -1120.9557 0.3249573
 endloop
endfacet
facet normal 4.3689436e-08 0 -1
 outer loop
  vertex 76.52675 -1062.9557 0.32495314
  vertex 172.02638 -1062.9557 0.3249573
  vertex 76.52675 -1072.3556 0.32495314
 endloop
endfacet
facet normal 4.368944e-08 0 -1
 outer loop
  vertex 76.52675 -1072.3556 0.32495314
  vertex 172.02638 -1062.9557 0.3249573
  vertex 172.02638 -1120.9557 0.3249573
 endloop
endfacet
facet normal 4.391919e-08 4.514644e-10 -1
 outer loop
  vertex 76.52675 -1072.3556 0.32495314
  vertex 172.02638 -1120.9557 0.3249573
  vertex 67.02675 -1072.3556 0.32495272
 endloop
endfacet
facet normal 4.3710223e-08 0 -1
 outer loop
  vertex 67.02675 -1072.3556 0.32495272
  vertex 172.02638 -1120.9557 0.3249573
  vertex 67.02675 -1120.9557 0.32495272
 endloop
endfacet
facet normal -1 -0 -0
 outer loop
  vertex 74.72669 -1115.1556 25.324955
  vertex 74.72669 -1115.1556 32.32495
  vertex 74.72669 -1114.6556 32.32495
 endloop
endfacet
facet normal -1 0 0
 outer loop
  vertex 74.7267 -1088.6256 35.32495
  vertex 74.7267 -1087.6556 35.32495
  vertex 74.7267 -1087.6556 32.32495
 endloop
endfacet
facet normal -1 2.724784e-07 -1.9462751e-08
 outer loop
  vertex 74.72669 -1115.1556 25.324955
  vertex 74.72669 -1114.6556 32.32495
  vertex 74.7267 -1087.1556 25.324955
 endloop
endfacet
facet normal -1 2.8257017e-07 2.0183595e-08
 outer loop
  vertex 74.7267 -1087.1556 25.324955
  vertex 74.72669 -1114.6556 32.32495
  vertex 74.7267 -1087.6556 32.32495
 endloop
endfacet
facet normal -1 -0 -0
 outer loop
  vertex 74.7267 -1087.1556 25.324955
  vertex 74.7267 -1087.6556 32.32495
  vertex 74.7267 -1087.1556 32.32495
 endloop
endfacet
facet normal -1 6.088888e-07 1.968681e-07
 outer loop
  vertex 74.7267 -1088.6256 35.32495
  vertex 74.7267 -1087.6556 32.32495
  vertex 74.72669 -1101.1556 35.32495
 endloop
endfacet
facet normal -1 2.8257017e-07 -1.2715658e-06
 outer loop
  vertex 74.72669 -1101.1556 35.32495
  vertex 74.7267 -1087.6556 32.32495
  vertex 74.72669 -1114.6556 32.32495
 endloop
endfacet
facet normal -1 0 0
 outer loop
  vertex 74.72669 -1101.1556 35.32495
  vertex 74.72669 -1114.6556 32.32495
  vertex 74.72669 -1114.6556 35.32495
 endloop
endfacet
facet normal 1 0 -0
 outer loop
  vertex 156.32668 -1115.1556 32.324955
  vertex 156.32668 -1115.1556 25.324959
  vertex 156.32668 -1114.6556 32.324955
 endloop
endfacet
facet normal 1 0 -0
 outer loop
  vertex 156.32668 -1114.6556 32.324955
  vertex 156.32668 -1115.1556 25.324959
  vertex 156.32668 -1101.1556 25.324959
 endloop
endfacet
facet normal 1 0 0
 outer loop
  vertex 156.32668 -1114.6556 32.324955
  vertex 156.32668 -1101.1556 25.324959
  vertex 156.32668 -1114.6556 35.324955
 endloop
endfacet
facet normal 1 0 0
 outer loop
  vertex 156.32668 -1114.6556 35.324955
  vertex 156.32668 -1101.1556 25.324959
  vertex 156.32668 -1101.1556 35.324955
 endloop
endfacet
facet normal 0 1 -0
 outer loop
  vertex 142.7267 -1101.1556 35.324955
  vertex 156.32668 -1101.1556 35.324955
  vertex 142.7267 -1101.1556 25.324957
 endloop
endfacet
facet normal 0 1 -0
 outer loop
  vertex 142.7267 -1101.1556 25.324957
  vertex 156.32668 -1101.1556 35.324955
  vertex 156.32668 -1101.1556 25.324959
 endloop
endfacet
facet normal 1 0 0
 outer loop
  vertex 142.7267 -1088.6256 35.324955
  vertex 142.7267 -1101.1556 35.324955
  vertex 142.7267 -1101.1556 25.324957
 endloop
endfacet
facet normal 1 0 -0
 outer loop
  vertex 142.7267 -1087.6556 35.324955
  vertex 142.7267 -1088.6256 35.324955
  vertex 142.7267 -1087.6556 32.324955
 endloop
endfacet
facet normal 1 -0 0
 outer loop
  vertex 142.7267 -1087.6556 32.324955
  vertex 142.7267 -1088.6256 35.324955
  vertex 142.7267 -1101.1556 25.324957
 endloop
endfacet
facet normal 1 0 -0
 outer loop
  vertex 142.7267 -1087.6556 32.324955
  vertex 142.7267 -1101.1556 25.324957
  vertex 142.7267 -1087.1556 32.324955
 endloop
endfacet
facet normal 1 0 -0
 outer loop
  vertex 142.7267 -1087.1556 32.324955
  vertex 142.7267 -1101.1556 25.324957
  vertex 142.7267 -1087.1556 25.324957
 endloop
endfacet
facet normal 0 0 1
 outer loop
  vertex 75.721695 -1087.6556 35.32495
  vertex 74.7267 -1087.6556 35.32495
  vertex 74.7267 -1088.6256 35.32495
 endloop
endfacet
facet normal 0 -0 1
 outer loop
  vertex 75.721695 -1087.6556 35.32495
  vertex 75.721695 -1088.6256 35.32495
  vertex 88.326675 -1087.6556 35.32495
 endloop
endfacet
facet normal 0 -0 1
 outer loop
  vertex 88.326675 -1087.6556 35.32495
  vertex 75.721695 -1088.6256 35.32495
  vertex 88.326675 -1088.6256 35.32495
 endloop
endfacet
facet normal 0 -0 1
 outer loop
  vertex 88.326675 -1087.6556 35.32495
  vertex 88.326675 -1088.6256 35.32495
  vertex 101.92665 -1087.6556 35.32495
 endloop
endfacet
facet normal 0 -0 1
 outer loop
  vertex 101.92665 -1087.6556 35.32495
  vertex 88.326675 -1088.6256 35.32495
  vertex 101.92665 -1088.6256 35.32495
 endloop
endfacet
facet normal 0 -0 1
 outer loop
  vertex 101.92665 -1087.6556 35.32495
  vertex 101.92665 -1088.6256 35.32495
  vertex 115.52675 -1087.6556 35.32495
 endloop
endfacet
facet normal 0 -0 1
 outer loop
  vertex 115.52675 -1087.6556 35.32495
  vertex 101.92665 -1088.6256 35.32495
  vertex 115.52675 -1088.6256 35.32495
 endloop
endfacet
facet normal 0 -0 1
 outer loop
  vertex 115.52675 -1087.6556 35.32495
  vertex 115.52675 -1088.6256 35.32495
  vertex 129.12672 -1087.6556 35.32495
 endloop
endfacet
facet normal 0 -0 1
 outer loop
  vertex 129.12672 -1087.6556 35.32495
  vertex 115.52675 -1088.6256 35.32495
  vertex 129.12672 -1088.6256 35.32495
 endloop
endfacet
facet normal -2.8049294e-07 0 1
 outer loop
  vertex 129.12672 -1087.6556 35.32495
  vertex 129.12672 -1088.6256 35.32495
  vertex 142.7267 -1087.6556 35.324955
 endloop
endfacet
facet normal -2.8049294e-07 0 1
 outer loop
  vertex 142.7267 -1087.6556 35.324955
  vertex 129.12672 -1088.6256 35.32495
  vertex 142.7267 -1088.6256 35.324955
 endloop
endfacet
facet normal -4.853218e-07 1.0419357e-06 1
 outer loop
  vertex 133.52174 -1090.2396 35.324955
  vertex 134.28175 -1089.8856 35.324955
  vertex 129.12672 -1088.6256 35.32495
 endloop
endfacet
facet normal 0 -0 1
 outer loop
  vertex 138.33168 -1098.5717 35.324955
  vertex 137.57167 -1098.9257 35.324955
  vertex 142.7267 -1101.1556 35.324955
 endloop
endfacet
facet normal 0 -0 1
 outer loop
  vertex 137.57167 -1098.9257 35.324955
  vertex 136.76173 -1099.1426 35.324955
  vertex 142.7267 -1101.1556 35.324955
 endloop
endfacet
facet normal -0 0 1
 outer loop
  vertex 142.7267 -1101.1556 35.324955
  vertex 136.76173 -1099.1426 35.324955
  vertex 135.92665 -1099.2156 35.324955
 endloop
endfacet
facet normal -2.8049297e-07 -9.83146e-07 1
 outer loop
  vertex 142.7267 -1101.1556 35.324955
  vertex 135.92665 -1099.2156 35.324955
  vertex 129.12672 -1101.1556 35.32495
 endloop
endfacet
facet normal -1.3146615e-07 -1.5054853e-06 1
 outer loop
  vertex 129.12672 -1101.1556 35.32495
  vertex 135.92665 -1099.2156 35.324955
  vertex 135.09071 -1099.1426 35.324955
 endloop
endfacet
facet normal -2.8317137e-07 -1.0560365e-06 1
 outer loop
  vertex 129.12672 -1101.1556 35.32495
  vertex 135.09071 -1099.1426 35.324955
  vertex 134.28175 -1098.9257 35.324955
 endloop
endfacet
facet normal -9.0695056e-07 4.2244724e-07 1
 outer loop
  vertex 131.40675 -1092.7606 35.324955
  vertex 131.76076 -1092.0006 35.324955
  vertex 129.12672 -1088.6256 35.32495
 endloop
endfacet
facet normal -1.478495e-06 -1.2926024e-07 1
 outer loop
  vertex 129.12672 -1101.1556 35.32495
  vertex 131.18971 -1095.2406 35.324955
  vertex 131.11671 -1094.4056 35.324955
 endloop
endfacet
facet normal -7.634322e-07 5.344568e-07 1
 outer loop
  vertex 131.76076 -1092.0006 35.324955
  vertex 132.24171 -1091.3136 35.324955
  vertex 129.12672 -1088.6256 35.32495
 endloop
endfacet
facet normal -6.573688e-07 6.573688e-07 1
 outer loop
  vertex 129.12672 -1088.6256 35.32495
  vertex 132.24171 -1091.3136 35.324955
  vertex 132.83473 -1090.7206 35.324955
 endloop
endfacet
facet normal -5.6931367e-07 8.1322264e-07 1
 outer loop
  vertex 129.12672 -1088.6256 35.32495
  vertex 132.83473 -1090.7206 35.324955
  vertex 133.52174 -1090.2396 35.324955
 endloop
endfacet
facet normal -3.8722527e-07 1.4432743e-06 1
 outer loop
  vertex 134.28175 -1089.8856 35.324955
  vertex 135.09071 -1089.6686 35.324955
  vertex 129.12672 -1088.6256 35.32495
 endloop
endfacet
facet normal -2.130217e-07 2.4394192e-06 1
 outer loop
  vertex 129.12672 -1088.6256 35.32495
  vertex 135.09071 -1089.6686 35.324955
  vertex 135.92665 -1089.5956 35.324955
 endloop
endfacet
facet normal -2.8049294e-07 1.9664158e-06 1
 outer loop
  vertex 129.12672 -1088.6256 35.32495
  vertex 135.92665 -1089.5956 35.324955
  vertex 142.7267 -1088.6256 35.324955
 endloop
endfacet
facet normal 0 -0 1
 outer loop
  vertex 142.7267 -1088.6256 35.324955
  vertex 135.92665 -1089.5956 35.324955
  vertex 136.76173 -1089.6686 35.324955
 endloop
endfacet
facet normal -3.836733e-07 -8.2370684e-07 1
 outer loop
  vertex 134.28175 -1098.9257 35.324955
  vertex 133.52174 -1098.5717 35.324955
  vertex 129.12672 -1101.1556 35.32495
 endloop
endfacet
facet normal -4.7181734e-07 -6.7378534e-07 1
 outer loop
  vertex 129.12672 -1101.1556 35.32495
  vertex 133.52174 -1098.5717 35.324955
  vertex 132.83473 -1098.0906 35.324955
 endloop
endfacet
facet normal -5.631628e-07 -5.632788e-07 1
 outer loop
  vertex 129.12672 -1101.1556 35.32495
  vertex 132.83473 -1098.0906 35.324955
  vertex 132.24171 -1097.4977 35.324955
 endloop
endfacet
facet normal -1.9169427e-06 0 1
 outer loop
  vertex 129.12672 -1101.1556 35.32495
  vertex 131.11671 -1094.4056 35.324955
  vertex 129.12672 -1088.6256 35.32495
 endloop
endfacet
facet normal -1.5287405e-06 1.3365305e-07 1
 outer loop
  vertex 129.12672 -1088.6256 35.32495
  vertex 131.11671 -1094.4056 35.324955
  vertex 131.18971 -1093.5707 35.324955
 endloop
endfacet
facet normal -1.125966e-06 3.016829e-07 1
 outer loop
  vertex 129.12672 -1088.6256 35.32495
  vertex 131.18971 -1093.5707 35.324955
  vertex 131.40675 -1092.7606 35.324955
 endloop
endfacet
facet normal 0 0 1
 outer loop
  vertex 136.76173 -1089.6686 35.324955
  vertex 137.57167 -1089.8856 35.324955
  vertex 142.7267 -1088.6256 35.324955
 endloop
endfacet
facet normal 0 -0 1
 outer loop
  vertex 142.7267 -1088.6256 35.324955
  vertex 137.57167 -1089.8856 35.324955
  vertex 138.33168 -1090.2396 35.324955
 endloop
endfacet
facet normal 0 -0 1
 outer loop
  vertex 142.7267 -1088.6256 35.324955
  vertex 138.33168 -1090.2396 35.324955
  vertex 139.01869 -1090.7206 35.324955
 endloop
endfacet
facet normal 0 -0 1
 outer loop
  vertex 140.44667 -1096.0507 35.324955
  vertex 140.09169 -1096.8107 35.324955
  vertex 142.7267 -1101.1556 35.324955
 endloop
endfacet
facet normal -6.7209606e-07 -4.70515e-07 1
 outer loop
  vertex 132.24171 -1097.4977 35.324955
  vertex 131.76076 -1096.8107 35.324955
  vertex 129.12672 -1101.1556 35.32495
 endloop
endfacet
facet normal -8.1897866e-07 -3.8147095e-07 1
 outer loop
  vertex 129.12672 -1101.1556 35.32495
  vertex 131.76076 -1096.8107 35.324955
  vertex 131.40675 -1096.0507 35.324955
 endloop
endfacet
facet normal -1.0457472e-06 -2.8018968e-07 1
 outer loop
  vertex 129.12672 -1101.1556 35.32495
  vertex 131.40675 -1096.0507 35.324955
  vertex 131.18971 -1095.2406 35.324955
 endloop
endfacet
facet normal 0 -0 1
 outer loop
  vertex 140.09169 -1096.8107 35.324955
  vertex 139.61073 -1097.4977 35.324955
  vertex 142.7267 -1101.1556 35.324955
 endloop
endfacet
facet normal -0 0 1
 outer loop
  vertex 142.7267 -1101.1556 35.324955
  vertex 139.61073 -1097.4977 35.324955
  vertex 139.01869 -1098.0906 35.324955
 endloop
endfacet
facet normal -0 0 1
 outer loop
  vertex 142.7267 -1101.1556 35.324955
  vertex 139.01869 -1098.0906 35.324955
  vertex 138.33168 -1098.5717 35.324955
 endloop
endfacet
facet normal 0 0 1
 outer loop
  vertex 139.01869 -1090.7206 35.324955
  vertex 139.61073 -1091.3136 35.324955
  vertex 142.7267 -1088.6256 35.324955
 endloop
endfacet
facet normal 0 -0 1
 outer loop
  vertex 142.7267 -1088.6256 35.324955
  vertex 139.61073 -1091.3136 35.324955
  vertex 140.09169 -1092.0006 35.324955
 endloop
endfacet
facet normal 0 -0 1
 outer loop
  vertex 142.7267 -1088.6256 35.324955
  vertex 140.09169 -1092.0006 35.324955
  vertex 140.44667 -1092.7606 35.324955
 endloop
endfacet
facet normal 0 0 1
 outer loop
  vertex 140.44667 -1092.7606 35.324955
  vertex 140.66371 -1093.5707 35.324955
  vertex 142.7267 -1088.6256 35.324955
 endloop
endfacet
facet normal 0 -0 1
 outer loop
  vertex 142.7267 -1088.6256 35.324955
  vertex 140.66371 -1093.5707 35.324955
  vertex 140.73671 -1094.4056 35.324955
 endloop
endfacet
facet normal 0 -0 1
 outer loop
  vertex 142.7267 -1088.6256 35.324955
  vertex 140.73671 -1094.4056 35.324955
  vertex 142.7267 -1101.1556 35.324955
 endloop
endfacet
facet normal -0 0 1
 outer loop
  vertex 142.7267 -1101.1556 35.324955
  vertex 140.73671 -1094.4056 35.324955
  vertex 140.66371 -1095.2406 35.324955
 endloop
endfacet
facet normal -0 0 1
 outer loop
  vertex 142.7267 -1101.1556 35.324955
  vertex 140.66371 -1095.2406 35.324955
  vertex 140.44667 -1096.0507 35.324955
 endloop
endfacet
facet normal 0 0 1
 outer loop
  vertex 119.921646 -1090.2396 35.32495
  vertex 120.681656 -1089.8856 35.32495
  vertex 115.52675 -1088.6256 35.32495
 endloop
endfacet
facet normal 0 -0 1
 outer loop
  vertex 124.731705 -1098.5717 35.32495
  vertex 123.971695 -1098.9257 35.32495
  vertex 129.12672 -1101.1556 35.32495
 endloop
endfacet
facet normal 0 -0 1
 outer loop
  vertex 121.49074 -1099.1426 35.32495
  vertex 115.52674 -1101.1556 35.32495
  vertex 122.32667 -1099.2156 35.32495
 endloop
endfacet
facet normal 0 -0 1
 outer loop
  vertex 122.32667 -1099.2156 35.32495
  vertex 115.52674 -1101.1556 35.32495
  vertex 129.12672 -1101.1556 35.32495
 endloop
endfacet
facet normal 0 0 1
 outer loop
  vertex 122.32667 -1099.2156 35.32495
  vertex 129.12672 -1101.1556 35.32495
  vertex 123.16176 -1099.1426 35.32495
 endloop
endfacet
facet normal 0 0 1
 outer loop
  vertex 123.16176 -1099.1426 35.32495
  vertex 129.12672 -1101.1556 35.32495
  vertex 123.971695 -1098.9257 35.32495
 endloop
endfacet
facet normal -0 0 1
 outer loop
  vertex 121.49074 -1099.1426 35.32495
  vertex 120.681656 -1098.9257 35.32495
  vertex 115.52674 -1101.1556 35.32495
 endloop
endfacet
facet normal 0 0 1
 outer loop
  vertex 115.52674 -1101.1556 35.32495
  vertex 120.681656 -1098.9257 35.32495
  vertex 119.921646 -1098.5717 35.32495
 endloop
endfacet
facet normal 0 0 1
 outer loop
  vertex 115.52674 -1101.1556 35.32495
  vertex 119.921646 -1098.5717 35.32495
  vertex 119.23476 -1098.0906 35.32495
 endloop
endfacet
facet normal 0 0 1
 outer loop
  vertex 117.806656 -1092.7606 35.32495
  vertex 118.16066 -1092.0006 35.32495
  vertex 115.52675 -1088.6256 35.32495
 endloop
endfacet
facet normal 0 0 1
 outer loop
  vertex 120.681656 -1089.8856 35.32495
  vertex 121.49074 -1089.6686 35.32495
  vertex 115.52675 -1088.6256 35.32495
 endloop
endfacet
facet normal 0 0 1
 outer loop
  vertex 115.52675 -1088.6256 35.32495
  vertex 121.49074 -1089.6686 35.32495
  vertex 122.326675 -1089.5956 35.32495
 endloop
endfacet
facet normal 0 0 1
 outer loop
  vertex 115.52675 -1088.6256 35.32495
  vertex 122.326675 -1089.5956 35.32495
  vertex 129.12672 -1088.6256 35.32495
 endloop
endfacet
facet normal 0 -0 1
 outer loop
  vertex 129.12672 -1088.6256 35.32495
  vertex 122.326675 -1089.5956 35.32495
  vertex 123.16176 -1089.6686 35.32495
 endloop
endfacet
facet normal 0 0 1
 outer loop
  vertex 118.16066 -1092.0006 35.32495
  vertex 118.64174 -1091.3136 35.32495
  vertex 115.52675 -1088.6256 35.32495
 endloop
endfacet
facet normal 0 0 1
 outer loop
  vertex 115.52675 -1088.6256 35.32495
  vertex 118.64174 -1091.3136 35.32495
  vertex 119.23476 -1090.7206 35.32495
 endloop
endfacet
facet normal 0 0 1
 outer loop
  vertex 115.52675 -1088.6256 35.32495
  vertex 119.23476 -1090.7206 35.32495
  vertex 119.921646 -1090.2396 35.32495
 endloop
endfacet
facet normal 0 0 1
 outer loop
  vertex 123.16176 -1089.6686 35.32495
  vertex 123.971695 -1089.8856 35.32495
  vertex 129.12672 -1088.6256 35.32495
 endloop
endfacet
facet normal 0 -0 1
 outer loop
  vertex 129.12672 -1088.6256 35.32495
  vertex 123.971695 -1089.8856 35.32495
  vertex 124.731705 -1090.2396 35.32495
 endloop
endfacet
facet normal 0 -0 1
 outer loop
  vertex 129.12672 -1088.6256 35.32495
  vertex 124.731705 -1090.2396 35.32495
  vertex 125.41872 -1090.7206 35.32495
 endloop
endfacet
facet normal -0 0 1
 outer loop
  vertex 119.23476 -1098.0906 35.32495
  vertex 118.64174 -1097.4977 35.32495
  vertex 115.52674 -1101.1556 35.32495
 endloop
endfacet
facet normal 0 0 1
 outer loop
  vertex 115.52674 -1101.1556 35.32495
  vertex 118.64174 -1097.4977 35.32495
  vertex 118.16066 -1096.8107 35.32495
 endloop
endfacet
facet normal 0 0 1
 outer loop
  vertex 115.52674 -1101.1556 35.32495
  vertex 118.16066 -1096.8107 35.32495
  vertex 117.806656 -1096.0507 35.32495
 endloop
endfacet
facet normal -0 0 1
 outer loop
  vertex 117.806656 -1096.0507 35.32495
  vertex 117.58974 -1095.2406 35.32495
  vertex 115.52674 -1101.1556 35.32495
 endloop
endfacet
facet normal 0 0 1
 outer loop
  vertex 115.52674 -1101.1556 35.32495
  vertex 117.58974 -1095.2406 35.32495
  vertex 117.51674 -1094.4056 35.32495
 endloop
endfacet
facet normal 0 0 1
 outer loop
  vertex 115.52674 -1101.1556 35.32495
  vertex 117.51674 -1094.4056 35.32495
  vertex 115.52675 -1088.6256 35.32495
 endloop
endfacet
facet normal 0 0 1
 outer loop
  vertex 115.52675 -1088.6256 35.32495
  vertex 117.51674 -1094.4056 35.32495
  vertex 117.58974 -1093.5707 35.32495
 endloop
endfacet
facet normal 0 0 1
 outer loop
  vertex 115.52675 -1088.6256 35.32495
  vertex 117.58974 -1093.5707 35.32495
  vertex 117.806656 -1092.7606 35.32495
 endloop
endfacet
facet normal 0 -0 1
 outer loop
  vertex 126.846695 -1096.0507 35.32495
  vertex 126.491714 -1096.8107 35.32495
  vertex 129.12672 -1101.1556 35.32495
 endloop
endfacet
facet normal 0 -0 1
 outer loop
  vertex 126.491714 -1096.8107 35.32495
  vertex 126.01076 -1097.4977 35.32495
  vertex 129.12672 -1101.1556 35.32495
 endloop
endfacet
facet normal -0 0 1
 outer loop
  vertex 129.12672 -1101.1556 35.32495
  vertex 126.01076 -1097.4977 35.32495
  vertex 125.41872 -1098.0906 35.32495
 endloop
endfacet
facet normal -0 0 1
 outer loop
  vertex 129.12672 -1101.1556 35.32495
  vertex 125.41872 -1098.0906 35.32495
  vertex 124.731705 -1098.5717 35.32495
 endloop
endfacet
facet normal 0 0 1
 outer loop
  vertex 125.41872 -1090.7206 35.32495
  vertex 126.01076 -1091.3136 35.32495
  vertex 129.12672 -1088.6256 35.32495
 endloop
endfacet
facet normal 0 -0 1
 outer loop
  vertex 129.12672 -1088.6256 35.32495
  vertex 126.01076 -1091.3136 35.32495
  vertex 126.491714 -1092.0006 35.32495
 endloop
endfacet
facet normal 0 -0 1
 outer loop
  vertex 129.12672 -1088.6256 35.32495
  vertex 126.491714 -1092.0006 35.32495
  vertex 126.846695 -1092.7606 35.32495
 endloop
endfacet
facet normal 0 0 1
 outer loop
  vertex 126.846695 -1092.7606 35.32495
  vertex 127.063736 -1093.5707 35.32495
  vertex 129.12672 -1088.6256 35.32495
 endloop
endfacet
facet normal 0 -0 1
 outer loop
  vertex 129.12672 -1088.6256 35.32495
  vertex 127.063736 -1093.5707 35.32495
  vertex 127.136734 -1094.4056 35.32495
 endloop
endfacet
facet normal 0 -0 1
 outer loop
  vertex 129.12672 -1088.6256 35.32495
  vertex 127.136734 -1094.4056 35.32495
  vertex 129.12672 -1101.1556 35.32495
 endloop
endfacet
facet normal -0 0 1
 outer loop
  vertex 129.12672 -1101.1556 35.32495
  vertex 127.136734 -1094.4056 35.32495
  vertex 127.063736 -1095.2406 35.32495
 endloop
endfacet
facet normal -0 0 1
 outer loop
  vertex 129.12672 -1101.1556 35.32495
  vertex 127.063736 -1095.2406 35.32495
  vertex 126.846695 -1096.0507 35.32495
 endloop
endfacet
facet normal 0 -0 1
 outer loop
  vertex 111.13173 -1098.5717 35.32495
  vertex 110.37172 -1098.9257 35.32495
  vertex 115.52674 -1101.1556 35.32495
 endloop
endfacet
facet normal 0 -0 1
 outer loop
  vertex 105.63466 -1098.0906 35.32495
  vertex 101.92664 -1101.1556 35.32495
  vertex 106.32167 -1098.5717 35.32495
 endloop
endfacet
facet normal 0 -0 1
 outer loop
  vertex 106.32167 -1098.5717 35.32495
  vertex 101.92664 -1101.1556 35.32495
  vertex 107.08168 -1098.9257 35.32495
 endloop
endfacet
facet normal 0 -0 1
 outer loop
  vertex 110.37172 -1098.9257 35.32495
  vertex 109.56166 -1099.1426 35.32495
  vertex 115.52674 -1101.1556 35.32495
 endloop
endfacet
facet normal -0 0 1
 outer loop
  vertex 115.52674 -1101.1556 35.32495
  vertex 109.56166 -1099.1426 35.32495
  vertex 108.72669 -1099.2156 35.32495
 endloop
endfacet
facet normal -0 0 1
 outer loop
  vertex 115.52674 -1101.1556 35.32495
  vertex 108.72669 -1099.2156 35.32495
  vertex 101.92664 -1101.1556 35.32495
 endloop
endfacet
facet normal 0 0 1
 outer loop
  vertex 101.92664 -1101.1556 35.32495
  vertex 108.72669 -1099.2156 35.32495
  vertex 107.89076 -1099.1426 35.32495
 endloop
endfacet
facet normal 0 0 1
 outer loop
  vertex 101.92664 -1101.1556 35.32495
  vertex 107.89076 -1099.1426 35.32495
  vertex 107.08168 -1098.9257 35.32495
 endloop
endfacet
facet normal 0 0 1
 outer loop
  vertex 104.20668 -1092.7606 35.32495
  vertex 104.560684 -1092.0006 35.32495
  vertex 101.92665 -1088.6256 35.32495
 endloop
endfacet
facet normal 0 0 1
 outer loop
  vertex 101.92665 -1088.6256 35.32495
  vertex 104.560684 -1092.0006 35.32495
  vertex 105.04176 -1091.3136 35.32495
 endloop
endfacet
facet normal 0 0 1
 outer loop
  vertex 105.04176 -1091.3136 35.32495
  vertex 105.63466 -1090.7206 35.32495
  vertex 101.92665 -1088.6256 35.32495
 endloop
endfacet
facet normal 0 0 1
 outer loop
  vertex 101.92665 -1088.6256 35.32495
  vertex 105.63466 -1090.7206 35.32495
  vertex 106.32167 -1090.2396 35.32495
 endloop
endfacet
facet normal 0 0 1
 outer loop
  vertex 101.92665 -1088.6256 35.32495
  vertex 106.32167 -1090.2396 35.32495
  vertex 107.08168 -1089.8856 35.32495
 endloop
endfacet
facet normal -0 0 1
 outer loop
  vertex 111.81874 -1090.7206 35.32495
  vertex 115.52675 -1088.6256 35.32495
  vertex 111.13173 -1090.2396 35.32495
 endloop
endfacet
facet normal -0 0 1
 outer loop
  vertex 111.13173 -1090.2396 35.32495
  vertex 115.52675 -1088.6256 35.32495
  vertex 110.37172 -1089.8856 35.32495
 endloop
endfacet
facet normal -0 0 1
 outer loop
  vertex 105.63466 -1098.0906 35.32495
  vertex 105.04176 -1097.4977 35.32495
  vertex 101.92664 -1101.1556 35.32495
 endloop
endfacet
facet normal 0 0 1
 outer loop
  vertex 101.92664 -1101.1556 35.32495
  vertex 105.04176 -1097.4977 35.32495
  vertex 104.560684 -1096.8107 35.32495
 endloop
endfacet
facet normal 0 0 1
 outer loop
  vertex 101.92664 -1101.1556 35.32495
  vertex 104.560684 -1096.8107 35.32495
  vertex 104.20668 -1096.0507 35.32495
 endloop
endfacet
facet normal -0 0 1
 outer loop
  vertex 104.20668 -1096.0507 35.32495
  vertex 103.98976 -1095.2406 35.32495
  vertex 101.92664 -1101.1556 35.32495
 endloop
endfacet
facet normal 0 0 1
 outer loop
  vertex 101.92664 -1101.1556 35.32495
  vertex 103.98976 -1095.2406 35.32495
  vertex 103.91676 -1094.4056 35.32495
 endloop
endfacet
facet normal 0 0 1
 outer loop
  vertex 101.92664 -1101.1556 35.32495
  vertex 103.91676 -1094.4056 35.32495
  vertex 101.92665 -1088.6256 35.32495
 endloop
endfacet
facet normal 0 0 1
 outer loop
  vertex 101.92665 -1088.6256 35.32495
  vertex 103.91676 -1094.4056 35.32495
  vertex 103.98976 -1093.5707 35.32495
 endloop
endfacet
facet normal 0 0 1
 outer loop
  vertex 101.92665 -1088.6256 35.32495
  vertex 103.98976 -1093.5707 35.32495
  vertex 104.20668 -1092.7606 35.32495
 endloop
endfacet
facet normal 0 0 1
 outer loop
  vertex 107.08168 -1089.8856 35.32495
  vertex 107.89076 -1089.6686 35.32495
  vertex 101.92665 -1088.6256 35.32495
 endloop
endfacet
facet normal 0 0 1
 outer loop
  vertex 101.92665 -1088.6256 35.32495
  vertex 107.89076 -1089.6686 35.32495
  vertex 108.7267 -1089.5956 35.32495
 endloop
endfacet
facet normal 0 0 1
 outer loop
  vertex 101.92665 -1088.6256 35.32495
  vertex 108.7267 -1089.5956 35.32495
  vertex 115.52675 -1088.6256 35.32495
 endloop
endfacet
facet normal 0 -0 1
 outer loop
  vertex 115.52675 -1088.6256 35.32495
  vertex 108.7267 -1089.5956 35.32495
  vertex 109.56166 -1089.6686 35.32495
 endloop
endfacet
facet normal 0 -0 1
 outer loop
  vertex 115.52675 -1088.6256 35.32495
  vertex 109.56166 -1089.6686 35.32495
  vertex 110.37172 -1089.8856 35.32495
 endloop
endfacet
facet normal 0 -0 1
 outer loop
  vertex 113.24672 -1096.0507 35.32495
  vertex 112.89174 -1096.8107 35.32495
  vertex 115.52674 -1101.1556 35.32495
 endloop
endfacet
facet normal 0 -0 1
 outer loop
  vertex 112.89174 -1096.8107 35.32495
  vertex 112.41066 -1097.4977 35.32495
  vertex 115.52674 -1101.1556 35.32495
 endloop
endfacet
facet normal -0 0 1
 outer loop
  vertex 115.52674 -1101.1556 35.32495
  vertex 112.41066 -1097.4977 35.32495
  vertex 111.81874 -1098.0906 35.32495
 endloop
endfacet
facet normal -0 0 1
 outer loop
  vertex 115.52674 -1101.1556 35.32495
  vertex 111.81874 -1098.0906 35.32495
  vertex 111.13173 -1098.5717 35.32495
 endloop
endfacet
facet normal 0 0 1
 outer loop
  vertex 111.81874 -1090.7206 35.32495
  vertex 112.41066 -1091.3136 35.32495
  vertex 115.52675 -1088.6256 35.32495
 endloop
endfacet
facet normal 0 -0 1
 outer loop
  vertex 115.52675 -1088.6256 35.32495
  vertex 112.41066 -1091.3136 35.32495
  vertex 112.89174 -1092.0006 35.32495
 endloop
endfacet
facet normal 0 -0 1
 outer loop
  vertex 115.52675 -1088.6256 35.32495
  vertex 112.89174 -1092.0006 35.32495
  vertex 113.24672 -1092.7606 35.32495
 endloop
endfacet
facet normal 0 0 1
 outer loop
  vertex 113.24672 -1092.7606 35.32495
  vertex 113.46376 -1093.5707 35.32495
  vertex 115.52675 -1088.6256 35.32495
 endloop
endfacet
facet normal 0 -0 1
 outer loop
  vertex 115.52675 -1088.6256 35.32495
  vertex 113.46376 -1093.5707 35.32495
  vertex 113.53676 -1094.4056 35.32495
 endloop
endfacet
facet normal 0 -0 1
 outer loop
  vertex 115.52675 -1088.6256 35.32495
  vertex 113.53676 -1094.4056 35.32495
  vertex 115.52674 -1101.1556 35.32495
 endloop
endfacet
facet normal -0 0 1
 outer loop
  vertex 115.52674 -1101.1556 35.32495
  vertex 113.53676 -1094.4056 35.32495
  vertex 113.46376 -1095.2406 35.32495
 endloop
endfacet
facet normal -0 0 1
 outer loop
  vertex 115.52674 -1101.1556 35.32495
  vertex 113.46376 -1095.2406 35.32495
  vertex 113.24672 -1096.0507 35.32495
 endloop
endfacet
facet normal -0 0 1
 outer loop
  vertex 90.606705 -1096.0507 35.32495
  vertex 90.38966 -1095.2406 35.32495
  vertex 88.32667 -1101.1556 35.32495
 endloop
endfacet
facet normal 0 0 1
 outer loop
  vertex 88.32667 -1101.1556 35.32495
  vertex 90.38966 -1095.2406 35.32495
  vertex 90.316666 -1094.4056 35.32495
 endloop
endfacet
facet normal 0 0 1
 outer loop
  vertex 88.32667 -1101.1556 35.32495
  vertex 90.316666 -1094.4056 35.32495
  vertex 88.326675 -1088.6256 35.32495
 endloop
endfacet
facet normal 0 0 1
 outer loop
  vertex 88.326675 -1088.6256 35.32495
  vertex 90.316666 -1094.4056 35.32495
  vertex 90.38966 -1093.5707 35.32495
 endloop
endfacet
facet normal -0 0 1
 outer loop
  vertex 98.218765 -1090.7206 35.32495
  vertex 101.92665 -1088.6256 35.32495
  vertex 97.53175 -1090.2396 35.32495
 endloop
endfacet
facet normal -0 0 1
 outer loop
  vertex 97.53175 -1090.2396 35.32495
  vertex 101.92665 -1088.6256 35.32495
  vertex 96.77174 -1089.8856 35.32495
 endloop
endfacet
facet normal 0 -0 1
 outer loop
  vertex 92.03468 -1098.0906 35.32495
  vertex 88.32667 -1101.1556 35.32495
  vertex 92.721695 -1098.5717 35.32495
 endloop
endfacet
facet normal 0 -0 1
 outer loop
  vertex 92.721695 -1098.5717 35.32495
  vertex 88.32667 -1101.1556 35.32495
  vertex 93.481705 -1098.9257 35.32495
 endloop
endfacet
facet normal -0 0 1
 outer loop
  vertex 92.03468 -1098.0906 35.32495
  vertex 91.441666 -1097.4977 35.32495
  vertex 88.32667 -1101.1556 35.32495
 endloop
endfacet
facet normal 0 0 1
 outer loop
  vertex 88.32667 -1101.1556 35.32495
  vertex 91.441666 -1097.4977 35.32495
  vertex 90.96071 -1096.8107 35.32495
 endloop
endfacet
facet normal 0 0 1
 outer loop
  vertex 88.32667 -1101.1556 35.32495
  vertex 90.96071 -1096.8107 35.32495
  vertex 90.606705 -1096.0507 35.32495
 endloop
endfacet
facet normal 0 0 1
 outer loop
  vertex 90.38966 -1093.5707 35.32495
  vertex 90.606705 -1092.7606 35.32495
  vertex 88.326675 -1088.6256 35.32495
 endloop
endfacet
facet normal 0 0 1
 outer loop
  vertex 88.326675 -1088.6256 35.32495
  vertex 90.606705 -1092.7606 35.32495
  vertex 90.96071 -1092.0006 35.32495
 endloop
endfacet
facet normal 0 0 1
 outer loop
  vertex 88.326675 -1088.6256 35.32495
  vertex 90.96071 -1092.0006 35.32495
  vertex 91.441666 -1091.3136 35.32495
 endloop
endfacet
facet normal 0 0 1
 outer loop
  vertex 91.441666 -1091.3136 35.32495
  vertex 92.03468 -1090.7206 35.32495
  vertex 88.326675 -1088.6256 35.32495
 endloop
endfacet
facet normal 0 0 1
 outer loop
  vertex 88.326675 -1088.6256 35.32495
  vertex 92.03468 -1090.7206 35.32495
  vertex 92.721695 -1090.2396 35.32495
 endloop
endfacet
facet normal 0 0 1
 outer loop
  vertex 88.326675 -1088.6256 35.32495
  vertex 92.721695 -1090.2396 35.32495
  vertex 93.481705 -1089.8856 35.32495
 endloop
endfacet
facet normal 0 0 1
 outer loop
  vertex 93.481705 -1089.8856 35.32495
  vertex 94.290665 -1089.6686 35.32495
  vertex 88.326675 -1088.6256 35.32495
 endloop
endfacet
facet normal 0 0 1
 outer loop
  vertex 88.326675 -1088.6256 35.32495
  vertex 94.290665 -1089.6686 35.32495
  vertex 95.126724 -1089.5956 35.32495
 endloop
endfacet
facet normal 0 0 1
 outer loop
  vertex 88.326675 -1088.6256 35.32495
  vertex 95.126724 -1089.5956 35.32495
  vertex 101.92665 -1088.6256 35.32495
 endloop
endfacet
facet normal 0 -0 1
 outer loop
  vertex 101.92665 -1088.6256 35.32495
  vertex 95.126724 -1089.5956 35.32495
  vertex 95.961685 -1089.6686 35.32495
 endloop
endfacet
facet normal 0 -0 1
 outer loop
  vertex 101.92665 -1088.6256 35.32495
  vertex 95.961685 -1089.6686 35.32495
  vertex 96.77174 -1089.8856 35.32495
 endloop
endfacet
facet normal 0 0 1
 outer loop
  vertex 98.218765 -1090.7206 35.32495
  vertex 98.810684 -1091.3136 35.32495
  vertex 101.92665 -1088.6256 35.32495
 endloop
endfacet
facet normal 0 -0 1
 outer loop
  vertex 101.92665 -1088.6256 35.32495
  vertex 98.810684 -1091.3136 35.32495
  vertex 99.29176 -1092.0006 35.32495
 endloop
endfacet
facet normal 0 -0 1
 outer loop
  vertex 101.92665 -1088.6256 35.32495
  vertex 99.29176 -1092.0006 35.32495
  vertex 99.64674 -1092.7606 35.32495
 endloop
endfacet
facet normal 0 0 1
 outer loop
  vertex 99.86366 -1095.2406 35.32495
  vertex 101.92664 -1101.1556 35.32495
  vertex 99.93666 -1094.4056 35.32495
 endloop
endfacet
facet normal 0 0 1
 outer loop
  vertex 99.93666 -1094.4056 35.32495
  vertex 101.92664 -1101.1556 35.32495
  vertex 101.92665 -1088.6256 35.32495
 endloop
endfacet
facet normal -0 0 1
 outer loop
  vertex 99.93666 -1094.4056 35.32495
  vertex 101.92665 -1088.6256 35.32495
  vertex 99.86366 -1093.5707 35.32495
 endloop
endfacet
facet normal -0 0 1
 outer loop
  vertex 99.86366 -1093.5707 35.32495
  vertex 101.92665 -1088.6256 35.32495
  vertex 99.64674 -1092.7606 35.32495
 endloop
endfacet
facet normal 0 -0 1
 outer loop
  vertex 99.86366 -1095.2406 35.32495
  vertex 99.64674 -1096.0507 35.32495
  vertex 101.92664 -1101.1556 35.32495
 endloop
endfacet
facet normal -0 0 1
 outer loop
  vertex 101.92664 -1101.1556 35.32495
  vertex 99.64674 -1096.0507 35.32495
  vertex 99.29176 -1096.8107 35.32495
 endloop
endfacet
facet normal -0 0 1
 outer loop
  vertex 101.92664 -1101.1556 35.32495
  vertex 99.29176 -1096.8107 35.32495
  vertex 98.810684 -1097.4977 35.32495
 endloop
endfacet
facet normal 0 -0 1
 outer loop
  vertex 98.810684 -1097.4977 35.32495
  vertex 98.218765 -1098.0906 35.32495
  vertex 101.92664 -1101.1556 35.32495
 endloop
endfacet
facet normal -0 0 1
 outer loop
  vertex 101.92664 -1101.1556 35.32495
  vertex 98.218765 -1098.0906 35.32495
  vertex 97.53175 -1098.5717 35.32495
 endloop
endfacet
facet normal -0 0 1
 outer loop
  vertex 101.92664 -1101.1556 35.32495
  vertex 97.53175 -1098.5717 35.32495
  vertex 96.77174 -1098.9257 35.32495
 endloop
endfacet
facet normal 0 -0 1
 outer loop
  vertex 96.77174 -1098.9257 35.32495
  vertex 95.961685 -1099.1426 35.32495
  vertex 101.92664 -1101.1556 35.32495
 endloop
endfacet
facet normal -0 0 1
 outer loop
  vertex 101.92664 -1101.1556 35.32495
  vertex 95.961685 -1099.1426 35.32495
  vertex 95.12672 -1099.2156 35.32495
 endloop
endfacet
facet normal -0 0 1
 outer loop
  vertex 101.92664 -1101.1556 35.32495
  vertex 95.12672 -1099.2156 35.32495
  vertex 88.32667 -1101.1556 35.32495
 endloop
endfacet
facet normal 0 0 1
 outer loop
  vertex 88.32667 -1101.1556 35.32495
  vertex 95.12672 -1099.2156 35.32495
  vertex 94.290665 -1099.1426 35.32495
 endloop
endfacet
facet normal 0 0 1
 outer loop
  vertex 88.32667 -1101.1556 35.32495
  vertex 94.290665 -1099.1426 35.32495
  vertex 93.481705 -1098.9257 35.32495
 endloop
endfacet
facet normal -0 0 1
 outer loop
  vertex 77.00673 -1096.0507 35.32495
  vertex 76.78969 -1095.2406 35.32495
  vertex 75.72169 -1101.1556 35.32495
 endloop
endfacet
facet normal 0 0 1
 outer loop
  vertex 75.72169 -1101.1556 35.32495
  vertex 76.78969 -1095.2406 35.32495
  vertex 76.71669 -1094.4056 35.32495
 endloop
endfacet
facet normal 0 0 1
 outer loop
  vertex 75.72169 -1101.1556 35.32495
  vertex 76.71669 -1094.4056 35.32495
  vertex 75.721695 -1088.6256 35.32495
 endloop
endfacet
facet normal 0 0 1
 outer loop
  vertex 75.721695 -1088.6256 35.32495
  vertex 76.71669 -1094.4056 35.32495
  vertex 76.78969 -1093.5707 35.32495
 endloop
endfacet
facet normal -0 0 1
 outer loop
  vertex 84.61867 -1090.7206 35.32495
  vertex 88.326675 -1088.6256 35.32495
  vertex 83.931656 -1090.2396 35.32495
 endloop
endfacet
facet normal -0 0 1
 outer loop
  vertex 83.931656 -1090.2396 35.32495
  vertex 88.326675 -1088.6256 35.32495
  vertex 83.171646 -1089.8856 35.32495
 endloop
endfacet
facet normal 0 -0 1
 outer loop
  vertex 78.43471 -1098.0906 35.32495
  vertex 75.72169 -1101.1556 35.32495
  vertex 79.12172 -1098.5717 35.32495
 endloop
endfacet
facet normal 0 -0 1
 outer loop
  vertex 79.12172 -1098.5717 35.32495
  vertex 75.72169 -1101.1556 35.32495
  vertex 79.88173 -1098.9257 35.32495
 endloop
endfacet
facet normal -0 0 1
 outer loop
  vertex 78.43471 -1098.0906 35.32495
  vertex 77.84169 -1097.4977 35.32495
  vertex 75.72169 -1101.1556 35.32495
 endloop
endfacet
facet normal 0 0 1
 outer loop
  vertex 75.72169 -1101.1556 35.32495
  vertex 77.84169 -1097.4977 35.32495
  vertex 77.36073 -1096.8107 35.32495
 endloop
endfacet
facet normal 0 0 1
 outer loop
  vertex 75.72169 -1101.1556 35.32495
  vertex 77.36073 -1096.8107 35.32495
  vertex 77.00673 -1096.0507 35.32495
 endloop
endfacet
facet normal 0 0 1
 outer loop
  vertex 76.78969 -1093.5707 35.32495
  vertex 77.00673 -1092.7606 35.32495
  vertex 75.721695 -1088.6256 35.32495
 endloop
endfacet
facet normal 0 0 1
 outer loop
  vertex 75.721695 -1088.6256 35.32495
  vertex 77.00673 -1092.7606 35.32495
  vertex 77.36073 -1092.0006 35.32495
 endloop
endfacet
facet normal 0 0 1
 outer loop
  vertex 75.721695 -1088.6256 35.32495
  vertex 77.36073 -1092.0006 35.32495
  vertex 77.84169 -1091.3136 35.32495
 endloop
endfacet
facet normal 0 0 1
 outer loop
  vertex 77.84169 -1091.3136 35.32495
  vertex 78.43471 -1090.7206 35.32495
  vertex 75.721695 -1088.6256 35.32495
 endloop
endfacet
facet normal 0 0 1
 outer loop
  vertex 75.721695 -1088.6256 35.32495
  vertex 78.43471 -1090.7206 35.32495
  vertex 79.12172 -1090.2396 35.32495
 endloop
endfacet
facet normal 0 0 1
 outer loop
  vertex 75.721695 -1088.6256 35.32495
  vertex 79.12172 -1090.2396 35.32495
  vertex 79.88173 -1089.8856 35.32495
 endloop
endfacet
facet normal 0 0 1
 outer loop
  vertex 79.88173 -1089.8856 35.32495
  vertex 80.69069 -1089.6686 35.32495
  vertex 75.721695 -1088.6256 35.32495
 endloop
endfacet
facet normal 0 0 1
 outer loop
  vertex 75.721695 -1088.6256 35.32495
  vertex 80.69069 -1089.6686 35.32495
  vertex 81.52675 -1089.5956 35.32495
 endloop
endfacet
facet normal 0 0 1
 outer loop
  vertex 75.721695 -1088.6256 35.32495
  vertex 81.52675 -1089.5956 35.32495
  vertex 88.326675 -1088.6256 35.32495
 endloop
endfacet
facet normal 0 -0 1
 outer loop
  vertex 88.326675 -1088.6256 35.32495
  vertex 81.52675 -1089.5956 35.32495
  vertex 82.36171 -1089.6686 35.32495
 endloop
endfacet
facet normal 0 -0 1
 outer loop
  vertex 88.326675 -1088.6256 35.32495
  vertex 82.36171 -1089.6686 35.32495
  vertex 83.171646 -1089.8856 35.32495
 endloop
endfacet
facet normal 0 0 1
 outer loop
  vertex 84.61867 -1090.7206 35.32495
  vertex 85.21071 -1091.3136 35.32495
  vertex 88.326675 -1088.6256 35.32495
 endloop
endfacet
facet normal 0 -0 1
 outer loop
  vertex 88.326675 -1088.6256 35.32495
  vertex 85.21071 -1091.3136 35.32495
  vertex 85.691666 -1092.0006 35.32495
 endloop
endfacet
facet normal 0 -0 1
 outer loop
  vertex 88.326675 -1088.6256 35.32495
  vertex 85.691666 -1092.0006 35.32495
  vertex 86.046646 -1092.7606 35.32495
 endloop
endfacet
facet normal 0 0 1
 outer loop
  vertex 86.26369 -1095.2406 35.32495
  vertex 88.32667 -1101.1556 35.32495
  vertex 86.336685 -1094.4056 35.32495
 endloop
endfacet
facet normal 0 0 1
 outer loop
  vertex 86.336685 -1094.4056 35.32495
  vertex 88.32667 -1101.1556 35.32495
  vertex 88.326675 -1088.6256 35.32495
 endloop
endfacet
facet normal -0 0 1
 outer loop
  vertex 86.336685 -1094.4056 35.32495
  vertex 88.326675 -1088.6256 35.32495
  vertex 86.26369 -1093.5707 35.32495
 endloop
endfacet
facet normal -0 0 1
 outer loop
  vertex 86.26369 -1093.5707 35.32495
  vertex 88.326675 -1088.6256 35.32495
  vertex 86.046646 -1092.7606 35.32495
 endloop
endfacet
facet normal 0 -0 1
 outer loop
  vertex 86.26369 -1095.2406 35.32495
  vertex 86.046646 -1096.0507 35.32495
  vertex 88.32667 -1101.1556 35.32495
 endloop
endfacet
facet normal -0 0 1
 outer loop
  vertex 88.32667 -1101.1556 35.32495
  vertex 86.046646 -1096.0507 35.32495
  vertex 85.691666 -1096.8107 35.32495
 endloop
endfacet
facet normal -0 0 1
 outer loop
  vertex 88.32667 -1101.1556 35.32495
  vertex 85.691666 -1096.8107 35.32495
  vertex 85.21071 -1097.4977 35.32495
 endloop
endfacet
facet normal 0 -0 1
 outer loop
  vertex 85.21071 -1097.4977 35.32495
  vertex 84.61867 -1098.0906 35.32495
  vertex 88.32667 -1101.1556 35.32495
 endloop
endfacet
facet normal -0 0 1
 outer loop
  vertex 88.32667 -1101.1556 35.32495
  vertex 84.61867 -1098.0906 35.32495
  vertex 83.931656 -1098.5717 35.32495
 endloop
endfacet
facet normal -0 0 1
 outer loop
  vertex 88.32667 -1101.1556 35.32495
  vertex 83.931656 -1098.5717 35.32495
  vertex 83.171646 -1098.9257 35.32495
 endloop
endfacet
facet normal 0 -0 1
 outer loop
  vertex 83.171646 -1098.9257 35.32495
  vertex 82.36171 -1099.1426 35.32495
  vertex 88.32667 -1101.1556 35.32495
 endloop
endfacet
facet normal -0 0 1
 outer loop
  vertex 88.32667 -1101.1556 35.32495
  vertex 82.36171 -1099.1426 35.32495
  vertex 81.52674 -1099.2156 35.32495
 endloop
endfacet
facet normal -0 0 1
 outer loop
  vertex 88.32667 -1101.1556 35.32495
  vertex 81.52674 -1099.2156 35.32495
  vertex 75.72169 -1101.1556 35.32495
 endloop
endfacet
facet normal 0 0 1
 outer loop
  vertex 75.72169 -1101.1556 35.32495
  vertex 81.52674 -1099.2156 35.32495
  vertex 80.69069 -1099.1426 35.32495
 endloop
endfacet
facet normal 0 0 1
 outer loop
  vertex 75.72169 -1101.1556 35.32495
  vertex 80.69069 -1099.1426 35.32495
  vertex 79.88173 -1098.9257 35.32495
 endloop
endfacet
facet normal 0 0 1
 outer loop
  vertex 147.12172 -1103.7396 35.324955
  vertex 147.88173 -1103.3856 35.324955
  vertex 142.7267 -1101.1556 35.324955
 endloop
endfacet
facet normal -0 0 1
 outer loop
  vertex 148.69069 -1112.6426 35.324955
  vertex 147.88173 -1112.4257 35.324955
  vertex 142.7267 -1114.6556 35.324955
 endloop
endfacet
facet normal 0 0 1
 outer loop
  vertex 142.7267 -1114.6556 35.324955
  vertex 147.88173 -1112.4257 35.324955
  vertex 147.12172 -1112.0717 35.324955
 endloop
endfacet
facet normal 0 0 1
 outer loop
  vertex 142.7267 -1114.6556 35.324955
  vertex 147.12172 -1112.0717 35.324955
  vertex 146.43471 -1111.5906 35.324955
 endloop
endfacet
facet normal 0 0 1
 outer loop
  vertex 145.00673 -1106.2606 35.324955
  vertex 145.36073 -1105.5006 35.324955
  vertex 142.7267 -1101.1556 35.324955
 endloop
endfacet
facet normal 0 -0 1
 outer loop
  vertex 148.69069 -1112.6426 35.324955
  vertex 142.7267 -1114.6556 35.324955
  vertex 149.52669 -1112.7156 35.324955
 endloop
endfacet
facet normal 0 -0 1
 outer loop
  vertex 149.52669 -1112.7156 35.324955
  vertex 142.7267 -1114.6556 35.324955
  vertex 156.32668 -1114.6556 35.324955
 endloop
endfacet
facet normal 0 0 1
 outer loop
  vertex 149.52669 -1112.7156 35.324955
  vertex 156.32668 -1114.6556 35.324955
  vertex 150.36171 -1112.6426 35.324955
 endloop
endfacet
facet normal 0 0 1
 outer loop
  vertex 145.36073 -1105.5006 35.324955
  vertex 145.84169 -1104.8136 35.324955
  vertex 142.7267 -1101.1556 35.324955
 endloop
endfacet
facet normal 0 0 1
 outer loop
  vertex 142.7267 -1101.1556 35.324955
  vertex 145.84169 -1104.8136 35.324955
  vertex 146.43471 -1104.2206 35.324955
 endloop
endfacet
facet normal 0 0 1
 outer loop
  vertex 142.7267 -1101.1556 35.324955
  vertex 146.43471 -1104.2206 35.324955
  vertex 147.12172 -1103.7396 35.324955
 endloop
endfacet
facet normal -0 0 1
 outer loop
  vertex 150.36171 -1103.1686 35.324955
  vertex 156.32668 -1101.1556 35.324955
  vertex 149.52669 -1103.0956 35.324955
 endloop
endfacet
facet normal -0 0 1
 outer loop
  vertex 149.52669 -1103.0956 35.324955
  vertex 156.32668 -1101.1556 35.324955
  vertex 142.7267 -1101.1556 35.324955
 endloop
endfacet
facet normal -0 -0 1
 outer loop
  vertex 149.52669 -1103.0956 35.324955
  vertex 142.7267 -1101.1556 35.324955
  vertex 148.69069 -1103.1686 35.324955
 endloop
endfacet
facet normal -0 -0 1
 outer loop
  vertex 148.69069 -1103.1686 35.324955
  vertex 142.7267 -1101.1556 35.324955
  vertex 147.88173 -1103.3856 35.324955
 endloop
endfacet
facet normal -0 0 1
 outer loop
  vertex 146.43471 -1111.5906 35.324955
  vertex 145.84169 -1110.9977 35.324955
  vertex 142.7267 -1114.6556 35.324955
 endloop
endfacet
facet normal 0 0 1
 outer loop
  vertex 142.7267 -1114.6556 35.324955
  vertex 145.84169 -1110.9977 35.324955
  vertex 145.36073 -1110.3107 35.324955
 endloop
endfacet
facet normal 0 0 1
 outer loop
  vertex 142.7267 -1114.6556 35.324955
  vertex 145.36073 -1110.3107 35.324955
  vertex 145.00673 -1109.5507 35.324955
 endloop
endfacet
facet normal -0 0 1
 outer loop
  vertex 145.00673 -1109.5507 35.324955
  vertex 144.78969 -1108.7406 35.324955
  vertex 142.7267 -1114.6556 35.324955
 endloop
endfacet
facet normal 0 0 1
 outer loop
  vertex 142.7267 -1114.6556 35.324955
  vertex 144.78969 -1108.7406 35.324955
  vertex 144.71669 -1107.9056 35.324955
 endloop
endfacet
facet normal 0 0 1
 outer loop
  vertex 142.7267 -1114.6556 35.324955
  vertex 144.71669 -1107.9056 35.324955
  vertex 142.7267 -1101.1556 35.324955
 endloop
endfacet
facet normal 0 0 1
 outer loop
  vertex 142.7267 -1101.1556 35.324955
  vertex 144.71669 -1107.9056 35.324955
  vertex 144.78969 -1107.0707 35.324955
 endloop
endfacet
facet normal 0 0 1
 outer loop
  vertex 142.7267 -1101.1556 35.324955
  vertex 144.78969 -1107.0707 35.324955
  vertex 145.00673 -1106.2606 35.324955
 endloop
endfacet
facet normal 0 0 1
 outer loop
  vertex 150.36171 -1103.1686 35.324955
  vertex 151.1717 -1103.3856 35.324955
  vertex 156.32668 -1101.1556 35.324955
 endloop
endfacet
facet normal 0 -0 1
 outer loop
  vertex 156.32668 -1101.1556 35.324955
  vertex 151.1717 -1103.3856 35.324955
  vertex 151.93172 -1103.7396 35.324955
 endloop
endfacet
facet normal 0 -0 1
 outer loop
  vertex 156.32668 -1101.1556 35.324955
  vertex 151.93172 -1103.7396 35.324955
  vertex 152.61873 -1104.2206 35.324955
 endloop
endfacet
facet normal 0 -0 1
 outer loop
  vertex 154.0467 -1109.5507 35.324955
  vertex 153.69173 -1110.3107 35.324955
  vertex 156.32668 -1114.6556 35.324955
 endloop
endfacet
facet normal -0 0 1
 outer loop
  vertex 156.32668 -1114.6556 35.324955
  vertex 153.69173 -1110.3107 35.324955
  vertex 153.21071 -1110.9977 35.324955
 endloop
endfacet
facet normal -0 0 1
 outer loop
  vertex 156.32668 -1114.6556 35.324955
  vertex 153.21071 -1110.9977 35.324955
  vertex 152.61873 -1111.5906 35.324955
 endloop
endfacet
facet normal 0 -0 1
 outer loop
  vertex 152.61873 -1111.5906 35.324955
  vertex 151.93172 -1112.0717 35.324955
  vertex 156.32668 -1114.6556 35.324955
 endloop
endfacet
facet normal -0 0 1
 outer loop
  vertex 156.32668 -1114.6556 35.324955
  vertex 151.93172 -1112.0717 35.324955
  vertex 151.1717 -1112.4257 35.324955
 endloop
endfacet
facet normal -0 0 1
 outer loop
  vertex 156.32668 -1114.6556 35.324955
  vertex 151.1717 -1112.4257 35.324955
  vertex 150.36171 -1112.6426 35.324955
 endloop
endfacet
facet normal 0 0 1
 outer loop
  vertex 152.61873 -1104.2206 35.324955
  vertex 153.21071 -1104.8136 35.324955
  vertex 156.32668 -1101.1556 35.324955
 endloop
endfacet
facet normal 0 -0 1
 outer loop
  vertex 156.32668 -1101.1556 35.324955
  vertex 153.21071 -1104.8136 35.324955
  vertex 153.69173 -1105.5006 35.324955
 endloop
endfacet
facet normal 0 -0 1
 outer loop
  vertex 156.32668 -1101.1556 35.324955
  vertex 153.69173 -1105.5006 35.324955
  vertex 154.0467 -1106.2606 35.324955
 endloop
endfacet
facet normal 0 0 1
 outer loop
  vertex 154.0467 -1106.2606 35.324955
  vertex 154.26369 -1107.0707 35.324955
  vertex 156.32668 -1101.1556 35.324955
 endloop
endfacet
facet normal 0 -0 1
 outer loop
  vertex 156.32668 -1101.1556 35.324955
  vertex 154.26369 -1107.0707 35.324955
  vertex 154.33669 -1107.9056 35.324955
 endloop
endfacet
facet normal 0 -0 1
 outer loop
  vertex 156.32668 -1101.1556 35.324955
  vertex 154.33669 -1107.9056 35.324955
  vertex 156.32668 -1114.6556 35.324955
 endloop
endfacet
facet normal -0 0 1
 outer loop
  vertex 156.32668 -1114.6556 35.324955
  vertex 154.33669 -1107.9056 35.324955
  vertex 154.26369 -1108.7406 35.324955
 endloop
endfacet
facet normal -0 0 1
 outer loop
  vertex 156.32668 -1114.6556 35.324955
  vertex 154.26369 -1108.7406 35.324955
  vertex 154.0467 -1109.5507 35.324955
 endloop
endfacet
facet normal -3.836733e-07 8.2370684e-07 1
 outer loop
  vertex 133.52174 -1103.7396 35.324955
  vertex 134.28175 -1103.3856 35.324955
  vertex 129.12672 -1101.1556 35.32495
 endloop
endfacet
facet normal 0 -0 1
 outer loop
  vertex 138.33168 -1112.0717 35.324955
  vertex 137.57167 -1112.4257 35.324955
  vertex 142.7267 -1114.6556 35.324955
 endloop
endfacet
facet normal -4.7181732e-07 -6.7378534e-07 1
 outer loop
  vertex 132.83473 -1111.5906 35.324955
  vertex 129.12672 -1114.6556 35.32495
  vertex 133.52174 -1112.0717 35.324955
 endloop
endfacet
facet normal -3.8367338e-07 -8.23707e-07 1
 outer loop
  vertex 133.52174 -1112.0717 35.324955
  vertex 129.12672 -1114.6556 35.32495
  vertex 134.28175 -1112.4257 35.324955
 endloop
endfacet
facet normal -8.1897866e-07 3.8147095e-07 1
 outer loop
  vertex 131.40675 -1106.2606 35.324955
  vertex 131.76076 -1105.5006 35.324955
  vertex 129.12672 -1101.1556 35.32495
 endloop
endfacet
facet normal 0 -0 1
 outer loop
  vertex 137.57167 -1112.4257 35.324955
  vertex 136.76173 -1112.6426 35.324955
  vertex 142.7267 -1114.6556 35.324955
 endloop
endfacet
facet normal -0 0 1
 outer loop
  vertex 142.7267 -1114.6556 35.324955
  vertex 136.76173 -1112.6426 35.324955
  vertex 135.92665 -1112.7156 35.324955
 endloop
endfacet
facet normal -2.8049297e-07 -9.83146e-07 1
 outer loop
  vertex 142.7267 -1114.6556 35.324955
  vertex 135.92665 -1112.7156 35.324955
  vertex 129.12672 -1114.6556 35.32495
 endloop
endfacet
facet normal -1.3146615e-07 -1.5054853e-06 1
 outer loop
  vertex 129.12672 -1114.6556 35.32495
  vertex 135.92665 -1112.7156 35.324955
  vertex 135.09071 -1112.6426 35.324955
 endloop
endfacet
facet normal -2.8317137e-07 -1.0560365e-06 1
 outer loop
  vertex 129.12672 -1114.6556 35.32495
  vertex 135.09071 -1112.6426 35.324955
  vertex 134.28175 -1112.4257 35.324955
 endloop
endfacet
facet normal -6.7209606e-07 4.70515e-07 1
 outer loop
  vertex 131.76076 -1105.5006 35.324955
  vertex 132.24171 -1104.8136 35.324955
  vertex 129.12672 -1101.1556 35.32495
 endloop
endfacet
facet normal -5.632254e-07 5.632254e-07 1
 outer loop
  vertex 129.12672 -1101.1556 35.32495
  vertex 132.24171 -1104.8136 35.324955
  vertex 132.83473 -1104.2206 35.324955
 endloop
endfacet
facet normal -4.717627e-07 6.738783e-07 1
 outer loop
  vertex 129.12672 -1101.1556 35.32495
  vertex 132.83473 -1104.2206 35.324955
  vertex 133.52174 -1103.7396 35.324955
 endloop
endfacet
facet normal -0 0 1
 outer loop
  vertex 136.76173 -1103.1686 35.324955
  vertex 142.7267 -1101.1556 35.324955
  vertex 135.92665 -1103.0956 35.324955
 endloop
endfacet
facet normal -2.8049294e-07 9.832079e-07 1
 outer loop
  vertex 135.92665 -1103.0956 35.324955
  vertex 142.7267 -1101.1556 35.324955
  vertex 129.12672 -1101.1556 35.32495
 endloop
endfacet
facet normal -1.3147252e-07 1.5055582e-06 1
 outer loop
  vertex 135.92665 -1103.0956 35.324955
  vertex 129.12672 -1101.1556 35.32495
  vertex 135.09071 -1103.1686 35.324955
 endloop
endfacet
facet normal -2.8326969e-07 1.0558089e-06 1
 outer loop
  vertex 135.09071 -1103.1686 35.324955
  vertex 129.12672 -1101.1556 35.32495
  vertex 134.28175 -1103.3856 35.324955
 endloop
endfacet
facet normal 0 0 1
 outer loop
  vertex 136.76173 -1103.1686 35.324955
  vertex 137.57167 -1103.3856 35.324955
  vertex 142.7267 -1101.1556 35.324955
 endloop
endfacet
facet normal 0 -0 1
 outer loop
  vertex 142.7267 -1101.1556 35.324955
  vertex 137.57167 -1103.3856 35.324955
  vertex 138.33168 -1103.7396 35.324955
 endloop
endfacet
facet normal 0 -0 1
 outer loop
  vertex 142.7267 -1101.1556 35.324955
  vertex 138.33168 -1103.7396 35.324955
  vertex 139.01869 -1104.2206 35.324955
 endloop
endfacet
facet normal -5.6316276e-07 -5.632787e-07 1
 outer loop
  vertex 132.83473 -1111.5906 35.324955
  vertex 132.24171 -1110.9977 35.324955
  vertex 129.12672 -1114.6556 35.32495
 endloop
endfacet
facet normal -6.7209606e-07 -4.70515e-07 1
 outer loop
  vertex 129.12672 -1114.6556 35.32495
  vertex 132.24171 -1110.9977 35.324955
  vertex 131.76076 -1110.3107 35.324955
 endloop
endfacet
facet normal -8.1897866e-07 -3.8147095e-07 1
 outer loop
  vertex 129.12672 -1114.6556 35.32495
  vertex 131.76076 -1110.3107 35.324955
  vertex 131.40675 -1109.5507 35.324955
 endloop
endfacet
facet normal -1.0457472e-06 -2.8018968e-07 1
 outer loop
  vertex 131.40675 -1109.5507 35.324955
  vertex 131.18971 -1108.7406 35.324955
  vertex 129.12672 -1114.6556 35.32495
 endloop
endfacet
facet normal -1.478495e-06 -1.2926024e-07 1
 outer loop
  vertex 129.12672 -1114.6556 35.32495
  vertex 131.18971 -1108.7406 35.324955
  vertex 131.11671 -1107.9056 35.324955
 endloop
endfacet
facet normal -1.9169427e-06 0 1
 outer loop
  vertex 129.12672 -1114.6556 35.32495
  vertex 131.11671 -1107.9056 35.324955
  vertex 129.12672 -1101.1556 35.32495
 endloop
endfacet
facet normal -1.478495e-06 1.2926024e-07 1
 outer loop
  vertex 129.12672 -1101.1556 35.32495
  vertex 131.11671 -1107.9056 35.324955
  vertex 131.18971 -1107.0707 35.324955
 endloop
endfacet
facet normal -1.0457472e-06 2.8018968e-07 1
 outer loop
  vertex 129.12672 -1101.1556 35.32495
  vertex 131.18971 -1107.0707 35.324955
  vertex 131.40675 -1106.2606 35.324955
 endloop
endfacet
facet normal 0 -0 1
 outer loop
  vertex 140.44667 -1109.5507 35.324955
  vertex 140.09169 -1110.3107 35.324955
  vertex 142.7267 -1114.6556 35.324955
 endloop
endfacet
facet normal 0 -0 1
 outer loop
  vertex 140.09169 -1110.3107 35.324955
  vertex 139.61073 -1110.9977 35.324955
  vertex 142.7267 -1114.6556 35.324955
 endloop
endfacet
facet normal -0 0 1
 outer loop
  vertex 142.7267 -1114.6556 35.324955
  vertex 139.61073 -1110.9977 35.324955
  vertex 139.01869 -1111.5906 35.324955
 endloop
endfacet
facet normal -0 0 1
 outer loop
  vertex 142.7267 -1114.6556 35.324955
  vertex 139.01869 -1111.5906 35.324955
  vertex 138.33168 -1112.0717 35.324955
 endloop
endfacet
facet normal 0 0 1
 outer loop
  vertex 139.01869 -1104.2206 35.324955
  vertex 139.61073 -1104.8136 35.324955
  vertex 142.7267 -1101.1556 35.324955
 endloop
endfacet
facet normal 0 -0 1
 outer loop
  vertex 142.7267 -1101.1556 35.324955
  vertex 139.61073 -1104.8136 35.324955
  vertex 140.09169 -1105.5006 35.324955
 endloop
endfacet
facet normal 0 -0 1
 outer loop
  vertex 142.7267 -1101.1556 35.324955
  vertex 140.09169 -1105.5006 35.324955
  vertex 140.44667 -1106.2606 35.324955
 endloop
endfacet
facet normal 0 0 1
 outer loop
  vertex 140.44667 -1106.2606 35.324955
  vertex 140.66371 -1107.0707 35.324955
  vertex 142.7267 -1101.1556 35.324955
 endloop
endfacet
facet normal 0 -0 1
 outer loop
  vertex 142.7267 -1101.1556 35.324955
  vertex 140.66371 -1107.0707 35.324955
  vertex 140.73671 -1107.9056 35.324955
 endloop
endfacet
facet normal 0 -0 1
 outer loop
  vertex 142.7267 -1101.1556 35.324955
  vertex 140.73671 -1107.9056 35.324955
  vertex 142.7267 -1114.6556 35.324955
 endloop
endfacet
facet normal -0 0 1
 outer loop
  vertex 142.7267 -1114.6556 35.324955
  vertex 140.73671 -1107.9056 35.324955
  vertex 140.66371 -1108.7406 35.324955
 endloop
endfacet
facet normal -0 0 1
 outer loop
  vertex 142.7267 -1114.6556 35.324955
  vertex 140.66371 -1108.7406 35.324955
  vertex 140.44667 -1109.5507 35.324955
 endloop
endfacet
facet normal 0 0 1
 outer loop
  vertex 119.92164 -1103.7396 35.32495
  vertex 120.68165 -1103.3856 35.32495
  vertex 115.52674 -1101.1556 35.32495
 endloop
endfacet
facet normal 0 -0 1
 outer loop
  vertex 124.7317 -1112.0717 35.32495
  vertex 123.97169 -1112.4257 35.32495
  vertex 129.12672 -1114.6556 35.32495
 endloop
endfacet
facet normal 0 -0 1
 outer loop
  vertex 119.23475 -1111.5906 35.32495
  vertex 115.52674 -1114.6556 35.32495
  vertex 119.92164 -1112.0717 35.32495
 endloop
endfacet
facet normal 0 -0 1
 outer loop
  vertex 119.92164 -1112.0717 35.32495
  vertex 115.52674 -1114.6556 35.32495
  vertex 120.68165 -1112.4257 35.32495
 endloop
endfacet
facet normal 0 0 1
 outer loop
  vertex 117.80665 -1106.2606 35.32495
  vertex 118.16065 -1105.5006 35.32495
  vertex 115.52674 -1101.1556 35.32495
 endloop
endfacet
facet normal 0 -0 1
 outer loop
  vertex 123.97169 -1112.4257 35.32495
  vertex 123.16175 -1112.6426 35.32495
  vertex 129.12672 -1114.6556 35.32495
 endloop
endfacet
facet normal -0 0 1
 outer loop
  vertex 129.12672 -1114.6556 35.32495
  vertex 123.16175 -1112.6426 35.32495
  vertex 122.32667 -1112.7156 35.32495
 endloop
endfacet
facet normal -0 0 1
 outer loop
  vertex 129.12672 -1114.6556 35.32495
  vertex 122.32667 -1112.7156 35.32495
  vertex 115.52674 -1114.6556 35.32495
 endloop
endfacet
facet normal 0 0 1
 outer loop
  vertex 115.52674 -1114.6556 35.32495
  vertex 122.32667 -1112.7156 35.32495
  vertex 121.49073 -1112.6426 35.32495
 endloop
endfacet
facet normal 0 0 1
 outer loop
  vertex 115.52674 -1114.6556 35.32495
  vertex 121.49073 -1112.6426 35.32495
  vertex 120.68165 -1112.4257 35.32495
 endloop
endfacet
facet normal 0 0 1
 outer loop
  vertex 118.16065 -1105.5006 35.32495
  vertex 118.64173 -1104.8136 35.32495
  vertex 115.52674 -1101.1556 35.32495
 endloop
endfacet
facet normal 0 0 1
 outer loop
  vertex 115.52674 -1101.1556 35.32495
  vertex 118.64173 -1104.8136 35.32495
  vertex 119.23475 -1104.2206 35.32495
 endloop
endfacet
facet normal 0 0 1
 outer loop
  vertex 115.52674 -1101.1556 35.32495
  vertex 119.23475 -1104.2206 35.32495
  vertex 119.92164 -1103.7396 35.32495
 endloop
endfacet
facet normal -0 0 1
 outer loop
  vertex 123.16175 -1103.1686 35.32495
  vertex 129.12672 -1101.1556 35.32495
  vertex 122.32667 -1103.0956 35.32495
 endloop
endfacet
facet normal -0 0 1
 outer loop
  vertex 122.32667 -1103.0956 35.32495
  vertex 129.12672 -1101.1556 35.32495
  vertex 115.52674 -1101.1556 35.32495
 endloop
endfacet
facet normal -0 -0 1
 outer loop
  vertex 122.32667 -1103.0956 35.32495
  vertex 115.52674 -1101.1556 35.32495
  vertex 121.49073 -1103.1686 35.32495
 endloop
endfacet
facet normal -0 -0 1
 outer loop
  vertex 121.49073 -1103.1686 35.32495
  vertex 115.52674 -1101.1556 35.32495
  vertex 120.68165 -1103.3856 35.32495
 endloop
endfacet
facet normal 0 0 1
 outer loop
  vertex 123.16175 -1103.1686 35.32495
  vertex 123.97169 -1103.3856 35.32495
  vertex 129.12672 -1101.1556 35.32495
 endloop
endfacet
facet normal 0 -0 1
 outer loop
  vertex 129.12672 -1101.1556 35.32495
  vertex 123.97169 -1103.3856 35.32495
  vertex 124.7317 -1103.7396 35.32495
 endloop
endfacet
facet normal 0 -0 1
 outer loop
  vertex 129.12672 -1101.1556 35.32495
  vertex 124.7317 -1103.7396 35.32495
  vertex 125.41871 -1104.2206 35.32495
 endloop
endfacet
facet normal -0 0 1
 outer loop
  vertex 119.23475 -1111.5906 35.32495
  vertex 118.64173 -1110.9977 35.32495
  vertex 115.52674 -1114.6556 35.32495
 endloop
endfacet
facet normal 0 0 1
 outer loop
  vertex 115.52674 -1114.6556 35.32495
  vertex 118.64173 -1110.9977 35.32495
  vertex 118.16065 -1110.3107 35.32495
 endloop
endfacet
facet normal 0 0 1
 outer loop
  vertex 115.52674 -1114.6556 35.32495
  vertex 118.16065 -1110.3107 35.32495
  vertex 117.80665 -1109.5507 35.32495
 endloop
endfacet
facet normal -0 0 1
 outer loop
  vertex 117.80665 -1109.5507 35.32495
  vertex 117.58973 -1108.7406 35.32495
  vertex 115.52674 -1114.6556 35.32495
 endloop
endfacet
facet normal 0 0 1
 outer loop
  vertex 115.52674 -1114.6556 35.32495
  vertex 117.58973 -1108.7406 35.32495
  vertex 117.51673 -1107.9056 35.32495
 endloop
endfacet
facet normal 0 0 1
 outer loop
  vertex 115.52674 -1114.6556 35.32495
  vertex 117.51673 -1107.9056 35.32495
  vertex 115.52674 -1101.1556 35.32495
 endloop
endfacet
facet normal 0 0 1
 outer loop
  vertex 115.52674 -1101.1556 35.32495
  vertex 117.51673 -1107.9056 35.32495
  vertex 117.58973 -1107.0707 35.32495
 endloop
endfacet
facet normal 0 0 1
 outer loop
  vertex 115.52674 -1101.1556 35.32495
  vertex 117.58973 -1107.0707 35.32495
  vertex 117.80665 -1106.2606 35.32495
 endloop
endfacet
facet normal 0 -0 1
 outer loop
  vertex 126.84669 -1109.5507 35.32495
  vertex 126.49171 -1110.3107 35.32495
  vertex 129.12672 -1114.6556 35.32495
 endloop
endfacet
facet normal 0 -0 1
 outer loop
  vertex 126.49171 -1110.3107 35.32495
  vertex 126.01075 -1110.9977 35.32495
  vertex 129.12672 -1114.6556 35.32495
 endloop
endfacet
facet normal -0 0 1
 outer loop
  vertex 129.12672 -1114.6556 35.32495
  vertex 126.01075 -1110.9977 35.32495
  vertex 125.41871 -1111.5906 35.32495
 endloop
endfacet
facet normal -0 0 1
 outer loop
  vertex 129.12672 -1114.6556 35.32495
  vertex 125.41871 -1111.5906 35.32495
  vertex 124.7317 -1112.0717 35.32495
 endloop
endfacet
facet normal 0 0 1
 outer loop
  vertex 125.41871 -1104.2206 35.32495
  vertex 126.01075 -1104.8136 35.32495
  vertex 129.12672 -1101.1556 35.32495
 endloop
endfacet
facet normal 0 -0 1
 outer loop
  vertex 129.12672 -1101.1556 35.32495
  vertex 126.01075 -1104.8136 35.32495
  vertex 126.49171 -1105.5006 35.32495
 endloop
endfacet
facet normal 0 -0 1
 outer loop
  vertex 129.12672 -1101.1556 35.32495
  vertex 126.49171 -1105.5006 35.32495
  vertex 126.84669 -1106.2606 35.32495
 endloop
endfacet
facet normal 0 0 1
 outer loop
  vertex 126.84669 -1106.2606 35.32495
  vertex 127.06373 -1107.0707 35.32495
  vertex 129.12672 -1101.1556 35.32495
 endloop
endfacet
facet normal 0 -0 1
 outer loop
  vertex 129.12672 -1101.1556 35.32495
  vertex 127.06373 -1107.0707 35.32495
  vertex 127.13673 -1107.9056 35.32495
 endloop
endfacet
facet normal 0 -0 1
 outer loop
  vertex 129.12672 -1101.1556 35.32495
  vertex 127.13673 -1107.9056 35.32495
  vertex 129.12672 -1114.6556 35.32495
 endloop
endfacet
facet normal -0 0 1
 outer loop
  vertex 129.12672 -1114.6556 35.32495
  vertex 127.13673 -1107.9056 35.32495
  vertex 127.06373 -1108.7406 35.32495
 endloop
endfacet
facet normal -0 0 1
 outer loop
  vertex 129.12672 -1114.6556 35.32495
  vertex 127.06373 -1108.7406 35.32495
  vertex 126.84669 -1109.5507 35.32495
 endloop
endfacet
facet normal -0 0 1
 outer loop
  vertex 104.20667 -1109.5507 35.32495
  vertex 103.98975 -1108.7406 35.32495
  vertex 101.92664 -1114.6556 35.32495
 endloop
endfacet
facet normal 0 0 1
 outer loop
  vertex 101.92664 -1101.1556 35.32495
  vertex 103.916756 -1107.9056 35.32495
  vertex 103.98975 -1107.0707 35.32495
 endloop
endfacet
facet normal 0 -0 1
 outer loop
  vertex 111.13172 -1112.0717 35.32495
  vertex 110.37171 -1112.4257 35.32495
  vertex 115.52674 -1114.6556 35.32495
 endloop
endfacet
facet normal 0 -0 1
 outer loop
  vertex 105.63465 -1111.5906 35.32495
  vertex 101.92664 -1114.6556 35.32495
  vertex 106.32166 -1112.0717 35.32495
 endloop
endfacet
facet normal 0 -0 1
 outer loop
  vertex 106.32166 -1112.0717 35.32495
  vertex 101.92664 -1114.6556 35.32495
  vertex 107.08167 -1112.4257 35.32495
 endloop
endfacet
facet normal -0 0 1
 outer loop
  vertex 105.63465 -1111.5906 35.32495
  vertex 105.041756 -1110.9977 35.32495
  vertex 101.92664 -1114.6556 35.32495
 endloop
endfacet
facet normal 0 0 1
 outer loop
  vertex 101.92664 -1114.6556 35.32495
  vertex 105.041756 -1110.9977 35.32495
  vertex 104.56068 -1110.3107 35.32495
 endloop
endfacet
facet normal 0 0 1
 outer loop
  vertex 101.92664 -1114.6556 35.32495
  vertex 104.56068 -1110.3107 35.32495
  vertex 104.20667 -1109.5507 35.32495
 endloop
endfacet
facet normal 0 0 1
 outer loop
  vertex 103.98975 -1107.0707 35.32495
  vertex 104.20667 -1106.2606 35.32495
  vertex 101.92664 -1101.1556 35.32495
 endloop
endfacet
facet normal 0 0 1
 outer loop
  vertex 101.92664 -1101.1556 35.32495
  vertex 104.20667 -1106.2606 35.32495
  vertex 104.56068 -1105.5006 35.32495
 endloop
endfacet
facet normal 0 0 1
 outer loop
  vertex 101.92664 -1101.1556 35.32495
  vertex 104.56068 -1105.5006 35.32495
  vertex 105.041756 -1104.8136 35.32495
 endloop
endfacet
facet normal 0 0 1
 outer loop
  vertex 105.041756 -1104.8136 35.32495
  vertex 105.63465 -1104.2206 35.32495
  vertex 101.92664 -1101.1556 35.32495
 endloop
endfacet
facet normal 0 0 1
 outer loop
  vertex 101.92664 -1101.1556 35.32495
  vertex 105.63465 -1104.2206 35.32495
  vertex 106.32166 -1103.7396 35.32495
 endloop
endfacet
facet normal 0 0 1
 outer loop
  vertex 101.92664 -1101.1556 35.32495
  vertex 106.32166 -1103.7396 35.32495
  vertex 107.08167 -1103.3856 35.32495
 endloop
endfacet
facet normal -0 0 1
 outer loop
  vertex 109.56165 -1103.1686 35.32495
  vertex 115.52674 -1101.1556 35.32495
  vertex 108.72669 -1103.0956 35.32495
 endloop
endfacet
facet normal -0 0 1
 outer loop
  vertex 108.72669 -1103.0956 35.32495
  vertex 115.52674 -1101.1556 35.32495
  vertex 101.92664 -1101.1556 35.32495
 endloop
endfacet
facet normal -0 -0 1
 outer loop
  vertex 108.72669 -1103.0956 35.32495
  vertex 101.92664 -1101.1556 35.32495
  vertex 107.890755 -1103.1686 35.32495
 endloop
endfacet
facet normal -0 -0 1
 outer loop
  vertex 107.890755 -1103.1686 35.32495
  vertex 101.92664 -1101.1556 35.32495
  vertex 107.08167 -1103.3856 35.32495
 endloop
endfacet
facet normal 0 0 1
 outer loop
  vertex 109.56165 -1103.1686 35.32495
  vertex 110.37171 -1103.3856 35.32495
  vertex 115.52674 -1101.1556 35.32495
 endloop
endfacet
facet normal 0 -0 1
 outer loop
  vertex 115.52674 -1101.1556 35.32495
  vertex 110.37171 -1103.3856 35.32495
  vertex 111.13172 -1103.7396 35.32495
 endloop
endfacet
facet normal 0 -0 1
 outer loop
  vertex 115.52674 -1101.1556 35.32495
  vertex 111.13172 -1103.7396 35.32495
  vertex 111.81873 -1104.2206 35.32495
 endloop
endfacet
facet normal 0 -0 1
 outer loop
  vertex 110.37171 -1112.4257 35.32495
  vertex 109.56165 -1112.6426 35.32495
  vertex 115.52674 -1114.6556 35.32495
 endloop
endfacet
facet normal -0 0 1
 outer loop
  vertex 115.52674 -1114.6556 35.32495
  vertex 109.56165 -1112.6426 35.32495
  vertex 108.72669 -1112.7156 35.32495
 endloop
endfacet
facet normal -0 0 1
 outer loop
  vertex 115.52674 -1114.6556 35.32495
  vertex 108.72669 -1112.7156 35.32495
  vertex 101.92664 -1114.6556 35.32495
 endloop
endfacet
facet normal 0 0 1
 outer loop
  vertex 101.92664 -1114.6556 35.32495
  vertex 108.72669 -1112.7156 35.32495
  vertex 107.890755 -1112.6426 35.32495
 endloop
endfacet
facet normal 0 0 1
 outer loop
  vertex 101.92664 -1114.6556 35.32495
  vertex 107.890755 -1112.6426 35.32495
  vertex 107.08167 -1112.4257 35.32495
 endloop
endfacet
facet normal 0 -0 1
 outer loop
  vertex 113.24671 -1109.5507 35.32495
  vertex 112.89173 -1110.3107 35.32495
  vertex 115.52674 -1114.6556 35.32495
 endloop
endfacet
facet normal 0 -0 1
 outer loop
  vertex 112.89173 -1110.3107 35.32495
  vertex 112.41065 -1110.9977 35.32495
  vertex 115.52674 -1114.6556 35.32495
 endloop
endfacet
facet normal -0 0 1
 outer loop
  vertex 115.52674 -1114.6556 35.32495
  vertex 112.41065 -1110.9977 35.32495
  vertex 111.81873 -1111.5906 35.32495
 endloop
endfacet
facet normal -0 0 1
 outer loop
  vertex 115.52674 -1114.6556 35.32495
  vertex 111.81873 -1111.5906 35.32495
  vertex 111.13172 -1112.0717 35.32495
 endloop
endfacet
facet normal 0 0 1
 outer loop
  vertex 111.81873 -1104.2206 35.32495
  vertex 112.41065 -1104.8136 35.32495
  vertex 115.52674 -1101.1556 35.32495
 endloop
endfacet
facet normal 0 -0 1
 outer loop
  vertex 115.52674 -1101.1556 35.32495
  vertex 112.41065 -1104.8136 35.32495
  vertex 112.89173 -1105.5006 35.32495
 endloop
endfacet
facet normal 0 -0 1
 outer loop
  vertex 115.52674 -1101.1556 35.32495
  vertex 112.89173 -1105.5006 35.32495
  vertex 113.24671 -1106.2606 35.32495
 endloop
endfacet
facet normal 0 0 1
 outer loop
  vertex 113.24671 -1106.2606 35.32495
  vertex 113.46375 -1107.0707 35.32495
  vertex 115.52674 -1101.1556 35.32495
 endloop
endfacet
facet normal 0 -0 1
 outer loop
  vertex 115.52674 -1101.1556 35.32495
  vertex 113.46375 -1107.0707 35.32495
  vertex 113.53675 -1107.9056 35.32495
 endloop
endfacet
facet normal 0 -0 1
 outer loop
  vertex 115.52674 -1101.1556 35.32495
  vertex 113.53675 -1107.9056 35.32495
  vertex 115.52674 -1114.6556 35.32495
 endloop
endfacet
facet normal -0 0 1
 outer loop
  vertex 115.52674 -1114.6556 35.32495
  vertex 113.53675 -1107.9056 35.32495
  vertex 113.46375 -1108.7406 35.32495
 endloop
endfacet
facet normal -0 0 1
 outer loop
  vertex 115.52674 -1114.6556 35.32495
  vertex 113.46375 -1108.7406 35.32495
  vertex 113.24671 -1109.5507 35.32495
 endloop
endfacet
facet normal -0 0 1
 outer loop
  vertex 90.6067 -1109.5507 35.32495
  vertex 90.389656 -1108.7406 35.32495
  vertex 88.32667 -1114.6556 35.32495
 endloop
endfacet
facet normal 0 0 1
 outer loop
  vertex 88.32667 -1101.1556 35.32495
  vertex 90.31666 -1107.9056 35.32495
  vertex 90.389656 -1107.0707 35.32495
 endloop
endfacet
facet normal 0 -0 1
 outer loop
  vertex 92.034676 -1111.5906 35.32495
  vertex 88.32667 -1114.6556 35.32495
  vertex 92.72169 -1112.0717 35.32495
 endloop
endfacet
facet normal 0 -0 1
 outer loop
  vertex 92.72169 -1112.0717 35.32495
  vertex 88.32667 -1114.6556 35.32495
  vertex 93.4817 -1112.4257 35.32495
 endloop
endfacet
facet normal -0 0 1
 outer loop
  vertex 92.034676 -1111.5906 35.32495
  vertex 91.44166 -1110.9977 35.32495
  vertex 88.32667 -1114.6556 35.32495
 endloop
endfacet
facet normal 0 0 1
 outer loop
  vertex 88.32667 -1114.6556 35.32495
  vertex 91.44166 -1110.9977 35.32495
  vertex 90.9607 -1110.3107 35.32495
 endloop
endfacet
facet normal 0 0 1
 outer loop
  vertex 88.32667 -1114.6556 35.32495
  vertex 90.9607 -1110.3107 35.32495
  vertex 90.6067 -1109.5507 35.32495
 endloop
endfacet
facet normal 0 0 1
 outer loop
  vertex 90.389656 -1107.0707 35.32495
  vertex 90.6067 -1106.2606 35.32495
  vertex 88.32667 -1101.1556 35.32495
 endloop
endfacet
facet normal 0 0 1
 outer loop
  vertex 88.32667 -1101.1556 35.32495
  vertex 90.6067 -1106.2606 35.32495
  vertex 90.9607 -1105.5006 35.32495
 endloop
endfacet
facet normal 0 0 1
 outer loop
  vertex 88.32667 -1101.1556 35.32495
  vertex 90.9607 -1105.5006 35.32495
  vertex 91.44166 -1104.8136 35.32495
 endloop
endfacet
facet normal 0 0 1
 outer loop
  vertex 91.44166 -1104.8136 35.32495
  vertex 92.034676 -1104.2206 35.32495
  vertex 88.32667 -1101.1556 35.32495
 endloop
endfacet
facet normal 0 0 1
 outer loop
  vertex 88.32667 -1101.1556 35.32495
  vertex 92.034676 -1104.2206 35.32495
  vertex 92.72169 -1103.7396 35.32495
 endloop
endfacet
facet normal 0 0 1
 outer loop
  vertex 88.32667 -1101.1556 35.32495
  vertex 92.72169 -1103.7396 35.32495
  vertex 93.4817 -1103.3856 35.32495
 endloop
endfacet
facet normal 0 0 1
 outer loop
  vertex 96.771736 -1103.3856 35.32495
  vertex 97.531746 -1103.7396 35.32495
  vertex 101.92664 -1101.1556 35.32495
 endloop
endfacet
facet normal 0 -0 1
 outer loop
  vertex 101.92664 -1101.1556 35.32495
  vertex 97.531746 -1103.7396 35.32495
  vertex 98.21876 -1104.2206 35.32495
 endloop
endfacet
facet normal 0 -0 1
 outer loop
  vertex 101.92664 -1101.1556 35.32495
  vertex 98.21876 -1104.2206 35.32495
  vertex 98.81068 -1104.8136 35.32495
 endloop
endfacet
facet normal 0 0 1
 outer loop
  vertex 93.4817 -1103.3856 35.32495
  vertex 94.29066 -1103.1686 35.32495
  vertex 88.32667 -1101.1556 35.32495
 endloop
endfacet
facet normal 0 0 1
 outer loop
  vertex 88.32667 -1101.1556 35.32495
  vertex 94.29066 -1103.1686 35.32495
  vertex 95.12672 -1103.0956 35.32495
 endloop
endfacet
facet normal 0 0 1
 outer loop
  vertex 88.32667 -1101.1556 35.32495
  vertex 95.12672 -1103.0956 35.32495
  vertex 101.92664 -1101.1556 35.32495
 endloop
endfacet
facet normal 0 -0 1
 outer loop
  vertex 101.92664 -1101.1556 35.32495
  vertex 95.12672 -1103.0956 35.32495
  vertex 95.96168 -1103.1686 35.32495
 endloop
endfacet
facet normal 0 -0 1
 outer loop
  vertex 101.92664 -1101.1556 35.32495
  vertex 95.96168 -1103.1686 35.32495
  vertex 96.771736 -1103.3856 35.32495
 endloop
endfacet
facet normal 0 0 1
 outer loop
  vertex 98.81068 -1104.8136 35.32495
  vertex 99.291756 -1105.5006 35.32495
  vertex 101.92664 -1101.1556 35.32495
 endloop
endfacet
facet normal 0 -0 1
 outer loop
  vertex 101.92664 -1101.1556 35.32495
  vertex 99.291756 -1105.5006 35.32495
  vertex 99.646736 -1106.2606 35.32495
 endloop
endfacet
facet normal 0 -0 1
 outer loop
  vertex 101.92664 -1101.1556 35.32495
  vertex 99.646736 -1106.2606 35.32495
  vertex 99.863655 -1107.0707 35.32495
 endloop
endfacet
facet normal -0 0 1
 outer loop
  vertex 101.92664 -1114.6556 35.32495
  vertex 99.93665 -1107.9056 35.32495
  vertex 99.863655 -1108.7406 35.32495
 endloop
endfacet
facet normal -0 0 1
 outer loop
  vertex 103.98975 -1108.7406 35.32495
  vertex 103.916756 -1107.9056 35.32495
  vertex 101.92664 -1114.6556 35.32495
 endloop
endfacet
facet normal 0 0 1
 outer loop
  vertex 101.92664 -1114.6556 35.32495
  vertex 103.916756 -1107.9056 35.32495
  vertex 101.92664 -1101.1556 35.32495
 endloop
endfacet
facet normal -0 0 1
 outer loop
  vertex 101.92664 -1114.6556 35.32495
  vertex 101.92664 -1101.1556 35.32495
  vertex 99.93665 -1107.9056 35.32495
 endloop
endfacet
facet normal -0 0 1
 outer loop
  vertex 99.93665 -1107.9056 35.32495
  vertex 101.92664 -1101.1556 35.32495
  vertex 99.863655 -1107.0707 35.32495
 endloop
endfacet
facet normal 0 -0 1
 outer loop
  vertex 99.863655 -1108.7406 35.32495
  vertex 99.646736 -1109.5507 35.32495
  vertex 101.92664 -1114.6556 35.32495
 endloop
endfacet
facet normal -0 0 1
 outer loop
  vertex 101.92664 -1114.6556 35.32495
  vertex 99.646736 -1109.5507 35.32495
  vertex 99.291756 -1110.3107 35.32495
 endloop
endfacet
facet normal -0 0 1
 outer loop
  vertex 101.92664 -1114.6556 35.32495
  vertex 99.291756 -1110.3107 35.32495
  vertex 98.81068 -1110.9977 35.32495
 endloop
endfacet
facet normal 0 -0 1
 outer loop
  vertex 98.81068 -1110.9977 35.32495
  vertex 98.21876 -1111.5906 35.32495
  vertex 101.92664 -1114.6556 35.32495
 endloop
endfacet
facet normal -0 0 1
 outer loop
  vertex 101.92664 -1114.6556 35.32495
  vertex 98.21876 -1111.5906 35.32495
  vertex 97.531746 -1112.0717 35.32495
 endloop
endfacet
facet normal -0 0 1
 outer loop
  vertex 101.92664 -1114.6556 35.32495
  vertex 97.531746 -1112.0717 35.32495
  vertex 96.771736 -1112.4257 35.32495
 endloop
endfacet
facet normal 0 -0 1
 outer loop
  vertex 96.771736 -1112.4257 35.32495
  vertex 95.96168 -1112.6426 35.32495
  vertex 101.92664 -1114.6556 35.32495
 endloop
endfacet
facet normal -0 0 1
 outer loop
  vertex 101.92664 -1114.6556 35.32495
  vertex 95.96168 -1112.6426 35.32495
  vertex 95.12672 -1112.7156 35.32495
 endloop
endfacet
facet normal -0 0 1
 outer loop
  vertex 101.92664 -1114.6556 35.32495
  vertex 95.12672 -1112.7156 35.32495
  vertex 88.32667 -1114.6556 35.32495
 endloop
endfacet
facet normal 0 0 1
 outer loop
  vertex 88.32667 -1114.6556 35.32495
  vertex 95.12672 -1112.7156 35.32495
  vertex 94.29066 -1112.6426 35.32495
 endloop
endfacet
facet normal 0 0 1
 outer loop
  vertex 88.32667 -1114.6556 35.32495
  vertex 94.29066 -1112.6426 35.32495
  vertex 93.4817 -1112.4257 35.32495
 endloop
endfacet
facet normal -0 0 1
 outer loop
  vertex 77.00672 -1109.5507 35.32495
  vertex 76.78968 -1108.7406 35.32495
  vertex 75.72169 -1114.6556 35.32495
 endloop
endfacet
facet normal 0 0 1
 outer loop
  vertex 75.72169 -1114.6556 35.32495
  vertex 76.78968 -1108.7406 35.32495
  vertex 76.71668 -1107.9056 35.32495
 endloop
endfacet
facet normal 0 0 1
 outer loop
  vertex 75.72169 -1114.6556 35.32495
  vertex 76.71668 -1107.9056 35.32495
  vertex 75.72169 -1101.1556 35.32495
 endloop
endfacet
facet normal 0 0 1
 outer loop
  vertex 75.72169 -1101.1556 35.32495
  vertex 76.71668 -1107.9056 35.32495
  vertex 76.78968 -1107.0707 35.32495
 endloop
endfacet
facet normal 0 -0 1
 outer loop
  vertex 78.4347 -1111.5906 35.32495
  vertex 75.72169 -1114.6556 35.32495
  vertex 79.12171 -1112.0717 35.32495
 endloop
endfacet
facet normal 0 -0 1
 outer loop
  vertex 79.12171 -1112.0717 35.32495
  vertex 75.72169 -1114.6556 35.32495
  vertex 79.88172 -1112.4257 35.32495
 endloop
endfacet
facet normal -0 0 1
 outer loop
  vertex 78.4347 -1111.5906 35.32495
  vertex 77.84168 -1110.9977 35.32495
  vertex 75.72169 -1114.6556 35.32495
 endloop
endfacet
facet normal 0 0 1
 outer loop
  vertex 75.72169 -1114.6556 35.32495
  vertex 77.84168 -1110.9977 35.32495
  vertex 77.360725 -1110.3107 35.32495
 endloop
endfacet
facet normal 0 0 1
 outer loop
  vertex 75.72169 -1114.6556 35.32495
  vertex 77.360725 -1110.3107 35.32495
  vertex 77.00672 -1109.5507 35.32495
 endloop
endfacet
facet normal 0 0 1
 outer loop
  vertex 76.78968 -1107.0707 35.32495
  vertex 77.00672 -1106.2606 35.32495
  vertex 75.72169 -1101.1556 35.32495
 endloop
endfacet
facet normal 0 0 1
 outer loop
  vertex 75.72169 -1101.1556 35.32495
  vertex 77.00672 -1106.2606 35.32495
  vertex 77.360725 -1105.5006 35.32495
 endloop
endfacet
facet normal 0 0 1
 outer loop
  vertex 75.72169 -1101.1556 35.32495
  vertex 77.360725 -1105.5006 35.32495
  vertex 77.84168 -1104.8136 35.32495
 endloop
endfacet
facet normal 0 0 1
 outer loop
  vertex 77.84168 -1104.8136 35.32495
  vertex 78.4347 -1104.2206 35.32495
  vertex 75.72169 -1101.1556 35.32495
 endloop
endfacet
facet normal 0 0 1
 outer loop
  vertex 75.72169 -1101.1556 35.32495
  vertex 78.4347 -1104.2206 35.32495
  vertex 79.12171 -1103.7396 35.32495
 endloop
endfacet
facet normal 0 0 1
 outer loop
  vertex 75.72169 -1101.1556 35.32495
  vertex 79.12171 -1103.7396 35.32495
  vertex 79.88172 -1103.3856 35.32495
 endloop
endfacet
facet normal 0 0 1
 outer loop
  vertex 79.88172 -1103.3856 35.32495
  vertex 80.69068 -1103.1686 35.32495
  vertex 75.72169 -1101.1556 35.32495
 endloop
endfacet
facet normal 0 0 1
 outer loop
  vertex 75.72169 -1101.1556 35.32495
  vertex 80.69068 -1103.1686 35.32495
  vertex 81.52674 -1103.0956 35.32495
 endloop
endfacet
facet normal 0 0 1
 outer loop
  vertex 75.72169 -1101.1556 35.32495
  vertex 81.52674 -1103.0956 35.32495
  vertex 88.32667 -1101.1556 35.32495
 endloop
endfacet
facet normal 0 -0 1
 outer loop
  vertex 88.32667 -1101.1556 35.32495
  vertex 81.52674 -1103.0956 35.32495
  vertex 82.3617 -1103.1686 35.32495
 endloop
endfacet
facet normal 0 -0 1
 outer loop
  vertex 88.32667 -1101.1556 35.32495
  vertex 82.3617 -1103.1686 35.32495
  vertex 83.17164 -1103.3856 35.32495
 endloop
endfacet
facet normal 0 0 1
 outer loop
  vertex 83.17164 -1103.3856 35.32495
  vertex 83.93165 -1103.7396 35.32495
  vertex 88.32667 -1101.1556 35.32495
 endloop
endfacet
facet normal 0 -0 1
 outer loop
  vertex 88.32667 -1101.1556 35.32495
  vertex 83.93165 -1103.7396 35.32495
  vertex 84.61866 -1104.2206 35.32495
 endloop
endfacet
facet normal 0 -0 1
 outer loop
  vertex 88.32667 -1101.1556 35.32495
  vertex 84.61866 -1104.2206 35.32495
  vertex 85.2107 -1104.8136 35.32495
 endloop
endfacet
facet normal 0 0 1
 outer loop
  vertex 85.2107 -1104.8136 35.32495
  vertex 85.69166 -1105.5006 35.32495
  vertex 88.32667 -1101.1556 35.32495
 endloop
endfacet
facet normal 0 -0 1
 outer loop
  vertex 88.32667 -1101.1556 35.32495
  vertex 85.69166 -1105.5006 35.32495
  vertex 86.04664 -1106.2606 35.32495
 endloop
endfacet
facet normal 0 -0 1
 outer loop
  vertex 88.32667 -1101.1556 35.32495
  vertex 86.04664 -1106.2606 35.32495
  vertex 86.26368 -1107.0707 35.32495
 endloop
endfacet
facet normal -0 0 1
 outer loop
  vertex 88.32667 -1114.6556 35.32495
  vertex 86.33668 -1107.9056 35.32495
  vertex 86.26368 -1108.7406 35.32495
 endloop
endfacet
facet normal -0 0 1
 outer loop
  vertex 90.389656 -1108.7406 35.32495
  vertex 90.31666 -1107.9056 35.32495
  vertex 88.32667 -1114.6556 35.32495
 endloop
endfacet
facet normal 0 0 1
 outer loop
  vertex 88.32667 -1114.6556 35.32495
  vertex 90.31666 -1107.9056 35.32495
  vertex 88.32667 -1101.1556 35.32495
 endloop
endfacet
facet normal -0 0 1
 outer loop
  vertex 88.32667 -1114.6556 35.32495
  vertex 88.32667 -1101.1556 35.32495
  vertex 86.33668 -1107.9056 35.32495
 endloop
endfacet
facet normal -0 0 1
 outer loop
  vertex 86.33668 -1107.9056 35.32495
  vertex 88.32667 -1101.1556 35.32495
  vertex 86.26368 -1107.0707 35.32495
 endloop
endfacet
facet normal 0 -0 1
 outer loop
  vertex 86.26368 -1108.7406 35.32495
  vertex 86.04664 -1109.5507 35.32495
  vertex 88.32667 -1114.6556 35.32495
 endloop
endfacet
facet normal -0 0 1
 outer loop
  vertex 88.32667 -1114.6556 35.32495
  vertex 86.04664 -1109.5507 35.32495
  vertex 85.69166 -1110.3107 35.32495
 endloop
endfacet
facet normal -0 0 1
 outer loop
  vertex 88.32667 -1114.6556 35.32495
  vertex 85.69166 -1110.3107 35.32495
  vertex 85.2107 -1110.9977 35.32495
 endloop
endfacet
facet normal 0 -0 1
 outer loop
  vertex 85.2107 -1110.9977 35.32495
  vertex 84.61866 -1111.5906 35.32495
  vertex 88.32667 -1114.6556 35.32495
 endloop
endfacet
facet normal -0 0 1
 outer loop
  vertex 88.32667 -1114.6556 35.32495
  vertex 84.61866 -1111.5906 35.32495
  vertex 83.93165 -1112.0717 35.32495
 endloop
endfacet
facet normal -0 0 1
 outer loop
  vertex 88.32667 -1114.6556 35.32495
  vertex 83.93165 -1112.0717 35.32495
  vertex 83.17164 -1112.4257 35.32495
 endloop
endfacet
facet normal 0 -0 1
 outer loop
  vertex 83.17164 -1112.4257 35.32495
  vertex 82.3617 -1112.6426 35.32495
  vertex 88.32667 -1114.6556 35.32495
 endloop
endfacet
facet normal -0 0 1
 outer loop
  vertex 88.32667 -1114.6556 35.32495
  vertex 82.3617 -1112.6426 35.32495
  vertex 81.52674 -1112.7156 35.32495
 endloop
endfacet
facet normal -0 0 1
 outer loop
  vertex 88.32667 -1114.6556 35.32495
  vertex 81.52674 -1112.7156 35.32495
  vertex 75.72169 -1114.6556 35.32495
 endloop
endfacet
facet normal 0 0 1
 outer loop
  vertex 75.72169 -1114.6556 35.32495
  vertex 81.52674 -1112.7156 35.32495
  vertex 80.69068 -1112.6426 35.32495
 endloop
endfacet
facet normal 0 0 1
 outer loop
  vertex 75.72169 -1114.6556 35.32495
  vertex 80.69068 -1112.6426 35.32495
  vertex 79.88172 -1112.4257 35.32495
 endloop
endfacet
facet normal 0 -0 1
 outer loop
  vertex 75.721695 -1087.6556 35.32495
  vertex 74.7267 -1088.6256 35.32495
  vertex 75.721695 -1088.6256 35.32495
 endloop
endfacet
facet normal 0 0 1
 outer loop
  vertex 75.721695 -1088.6256 35.32495
  vertex 74.7267 -1088.6256 35.32495
  vertex 74.72669 -1101.1556 35.32495
 endloop
endfacet
facet normal 0 -0 1
 outer loop
  vertex 75.721695 -1088.6256 35.32495
  vertex 74.72669 -1101.1556 35.32495
  vertex 75.72169 -1101.1556 35.32495
 endloop
endfacet
facet normal 0 0 1
 outer loop
  vertex 75.72169 -1101.1556 35.32495
  vertex 74.72669 -1101.1556 35.32495
  vertex 74.72669 -1114.6556 35.32495
 endloop
endfacet
facet normal 0 -0 1
 outer loop
  vertex 75.72169 -1101.1556 35.32495
  vertex 74.72669 -1114.6556 35.32495
  vertex 75.72169 -1114.6556 35.32495
 endloop
endfacet
facet normal -1 0 -0
 outer loop
  vertex 152.7267 -1062.9557 12.324955
  vertex 152.7267 -1072.3556 12.324955
  vertex 152.7267 -1062.9557 25.324959
 endloop
endfacet
facet normal -1 0 0
 outer loop
  vertex 152.7267 -1062.9557 25.324959
  vertex 152.7267 -1072.3556 12.324955
  vertex 152.7267 -1072.3556 25.324959
 endloop
endfacet
facet normal -3.7546258e-08 0 1
 outer loop
  vertex 76.52675 -1062.9557 12.324952
  vertex 76.52675 -1072.3556 12.324952
  vertex 152.7267 -1062.9557 12.324955
 endloop
endfacet
facet normal -3.7546258e-08 0 1
 outer loop
  vertex 152.7267 -1062.9557 12.324955
  vertex 76.52675 -1072.3556 12.324952
  vertex 152.7267 -1072.3556 12.324955
 endloop
endfacet
facet normal 0.9962 -0.08709468 0
 outer loop
  vertex 86.33668 -1107.9056 35.32495
  vertex 86.26368 -1108.7406 37.32495
  vertex 86.26368 -1108.7406 35.32495
 endloop
endfacet
facet normal 0.96592987 -0.258804 0
 outer loop
  vertex 86.26368 -1108.7406 35.32495
  vertex 86.26368 -1108.7406 37.32495
  vertex 86.04664 -1109.5507 37.32495
 endloop
endfacet
facet normal 0.96592987 -0.258804 0
 outer loop
  vertex 86.26368 -1108.7406 35.32495
  vertex 86.04664 -1109.5507 37.32495
  vertex 86.04664 -1109.5507 35.32495
 endloop
endfacet
facet normal 0.9060418 -0.42318818 0
 outer loop
  vertex 86.04664 -1109.5507 35.32495
  vertex 86.04664 -1109.5507 37.32495
  vertex 85.69166 -1110.3107 37.32495
 endloop
endfacet
facet normal 0.9060418 -0.42318818 0
 outer loop
  vertex 86.04664 -1109.5507 35.32495
  vertex 85.69166 -1110.3107 37.32495
  vertex 85.69166 -1110.3107 35.32495
 endloop
endfacet
facet normal 0.81920457 -0.5735014 0
 outer loop
  vertex 85.69166 -1110.3107 35.32495
  vertex 85.69166 -1110.3107 37.32495
  vertex 85.2107 -1110.9977 37.32495
 endloop
endfacet
facet normal 0.81920457 -0.5735014 0
 outer loop
  vertex 85.69166 -1110.3107 35.32495
  vertex 85.2107 -1110.9977 37.32495
  vertex 85.2107 -1110.9977 35.32495
 endloop
endfacet
facet normal 0.7076165 -0.7065967 0
 outer loop
  vertex 85.2107 -1110.9977 35.32495
  vertex 85.2107 -1110.9977 37.32495
  vertex 84.61866 -1111.5906 37.32495
 endloop
endfacet
facet normal 0.7076165 -0.7065967 0
 outer loop
  vertex 85.2107 -1110.9977 35.32495
  vertex 84.61866 -1111.5906 37.32495
  vertex 84.61866 -1111.5906 35.32495
 endloop
endfacet
facet normal 0.5735991 -0.8191362 0
 outer loop
  vertex 84.61866 -1111.5906 35.32495
  vertex 84.61866 -1111.5906 37.32495
  vertex 83.93165 -1112.0717 37.32495
 endloop
endfacet
facet normal 0.5735991 -0.8191362 0
 outer loop
  vertex 84.61866 -1111.5906 35.32495
  vertex 83.93165 -1112.0717 37.32495
  vertex 83.93165 -1112.0717 35.32495
 endloop
endfacet
facet normal 0.42223176 -0.90648794 0
 outer loop
  vertex 83.93165 -1112.0717 35.32495
  vertex 83.93165 -1112.0717 37.32495
  vertex 83.17164 -1112.4257 37.32495
 endloop
endfacet
facet normal 0.42223176 -0.90648794 0
 outer loop
  vertex 83.93165 -1112.0717 35.32495
  vertex 83.17164 -1112.4257 37.32495
  vertex 83.17164 -1112.4257 35.32495
 endloop
endfacet
facet normal 0.25870454 -0.9659565 0
 outer loop
  vertex 83.17164 -1112.4257 35.32495
  vertex 83.17164 -1112.4257 37.32495
  vertex 82.3617 -1112.6426 37.32495
 endloop
endfacet
facet normal 0.25870454 -0.9659565 0
 outer loop
  vertex 83.17164 -1112.4257 35.32495
  vertex 82.3617 -1112.6426 37.32495
  vertex 82.3617 -1112.6426 35.32495
 endloop
endfacet
facet normal 0.08709468 -0.9962 0
 outer loop
  vertex 82.3617 -1112.6426 35.32495
  vertex 82.3617 -1112.6426 37.32495
  vertex 81.52674 -1112.7156 37.32495
 endloop
endfacet
facet normal 0.08709468 -0.9962 0
 outer loop
  vertex 82.3617 -1112.6426 35.32495
  vertex 81.52674 -1112.7156 37.32495
  vertex 81.52674 -1112.7156 35.32495
 endloop
endfacet
facet normal -0.0869811 -0.99621 -0
 outer loop
  vertex 81.52674 -1112.7156 35.32495
  vertex 81.52674 -1112.7156 37.32495
  vertex 80.69068 -1112.6426 37.32495
 endloop
endfacet
facet normal -0.0869811 -0.99621 0
 outer loop
  vertex 81.52674 -1112.7156 35.32495
  vertex 80.69068 -1112.6426 37.32495
  vertex 80.69068 -1112.6426 35.32495
 endloop
endfacet
facet normal -0.25899592 -0.9658784 -0
 outer loop
  vertex 80.69068 -1112.6426 35.32495
  vertex 80.69068 -1112.6426 37.32495
  vertex 79.88172 -1112.4257 37.32495
 endloop
endfacet
facet normal -0.25899592 -0.9658784 0
 outer loop
  vertex 80.69068 -1112.6426 35.32495
  vertex 79.88172 -1112.4257 37.32495
  vertex 79.88172 -1112.4257 35.32495
 endloop
endfacet
facet normal -0.42223176 -0.90648794 -0
 outer loop
  vertex 79.88172 -1112.4257 35.32495
  vertex 79.88172 -1112.4257 37.32495
  vertex 79.12171 -1112.0717 37.32495
 endloop
endfacet
facet normal -0.42223176 -0.90648794 0
 outer loop
  vertex 79.88172 -1112.4257 35.32495
  vertex 79.12171 -1112.0717 37.32495
  vertex 79.12171 -1112.0717 35.32495
 endloop
endfacet
facet normal -0.5735991 -0.8191362 -0
 outer loop
  vertex 79.12171 -1112.0717 35.32495
  vertex 79.12171 -1112.0717 37.32495
  vertex 78.4347 -1111.5906 37.32495
 endloop
endfacet
facet normal -0.5735991 -0.8191362 0
 outer loop
  vertex 79.12171 -1112.0717 35.32495
  vertex 78.4347 -1111.5906 37.32495
  vertex 78.4347 -1111.5906 35.32495
 endloop
endfacet
facet normal -0.707034 -0.70717955 -0
 outer loop
  vertex 78.4347 -1111.5906 35.32495
  vertex 78.4347 -1111.5906 37.32495
  vertex 77.84168 -1110.9977 37.32495
 endloop
endfacet
facet normal -0.707034 -0.70717955 0
 outer loop
  vertex 78.4347 -1111.5906 35.32495
  vertex 77.84168 -1110.9977 37.32495
  vertex 77.84168 -1110.9977 35.32495
 endloop
endfacet
facet normal -0.81920457 -0.5735014 -0
 outer loop
  vertex 77.84168 -1110.9977 35.32495
  vertex 77.84168 -1110.9977 37.32495
  vertex 77.360725 -1110.3107 37.32495
 endloop
endfacet
facet normal -0.81920457 -0.5735014 0
 outer loop
  vertex 77.84168 -1110.9977 35.32495
  vertex 77.360725 -1110.3107 37.32495
  vertex 77.360725 -1110.3107 35.32495
 endloop
endfacet
facet normal -0.90648794 -0.42223176 -0
 outer loop
  vertex 77.360725 -1110.3107 35.32495
  vertex 77.360725 -1110.3107 37.32495
  vertex 77.00672 -1109.5507 37.32495
 endloop
endfacet
facet normal -0.90648794 -0.42223176 0
 outer loop
  vertex 77.360725 -1110.3107 35.32495
  vertex 77.00672 -1109.5507 37.32495
  vertex 77.00672 -1109.5507 35.32495
 endloop
endfacet
facet normal -0.96592987 -0.258804 -0
 outer loop
  vertex 77.00672 -1109.5507 35.32495
  vertex 77.00672 -1109.5507 37.32495
  vertex 76.78968 -1108.7406 37.32495
 endloop
endfacet
facet normal -0.96592987 -0.258804 0
 outer loop
  vertex 77.00672 -1109.5507 35.32495
  vertex 76.78968 -1108.7406 37.32495
  vertex 76.78968 -1108.7406 35.32495
 endloop
endfacet
facet normal -0.9962 -0.08709468 -0
 outer loop
  vertex 76.78968 -1108.7406 35.32495
  vertex 76.78968 -1108.7406 37.32495
  vertex 76.71668 -1107.9056 37.32495
 endloop
endfacet
facet normal -0.9962 -0.08709468 0
 outer loop
  vertex 76.78968 -1108.7406 35.32495
  vertex 76.71668 -1107.9056 37.32495
  vertex 76.71668 -1107.9056 35.32495
 endloop
endfacet
facet normal -0.9962 0.08709468 0
 outer loop
  vertex 76.71668 -1107.9056 35.32495
  vertex 76.71668 -1107.9056 37.32495
  vertex 76.78968 -1107.0707 37.32495
 endloop
endfacet
facet normal -0.9962 0.08709468 0
 outer loop
  vertex 76.71668 -1107.9056 35.32495
  vertex 76.78968 -1107.0707 37.32495
  vertex 76.78968 -1107.0707 35.32495
 endloop
endfacet
facet normal -0.96592987 0.258804 0
 outer loop
  vertex 76.78968 -1107.0707 35.32495
  vertex 76.78968 -1107.0707 37.32495
  vertex 77.00672 -1106.2606 37.32495
 endloop
endfacet
facet normal -0.96592987 0.258804 0
 outer loop
  vertex 76.78968 -1107.0707 35.32495
  vertex 77.00672 -1106.2606 37.32495
  vertex 77.00672 -1106.2606 35.32495
 endloop
endfacet
facet normal -0.90648794 0.42223176 0
 outer loop
  vertex 77.00672 -1106.2606 35.32495
  vertex 77.00672 -1106.2606 37.32495
  vertex 77.360725 -1105.5006 37.32495
 endloop
endfacet
facet normal -0.90648794 0.42223176 0
 outer loop
  vertex 77.00672 -1106.2606 35.32495
  vertex 77.360725 -1105.5006 37.32495
  vertex 77.360725 -1105.5006 35.32495
 endloop
endfacet
facet normal -0.81920457 0.5735014 0
 outer loop
  vertex 77.360725 -1105.5006 35.32495
  vertex 77.360725 -1105.5006 37.32495
  vertex 77.84168 -1104.8136 37.32495
 endloop
endfacet
facet normal -0.81920457 0.5735014 0
 outer loop
  vertex 77.360725 -1105.5006 35.32495
  vertex 77.84168 -1104.8136 37.32495
  vertex 77.84168 -1104.8136 35.32495
 endloop
endfacet
facet normal -0.70710677 0.70710677 0
 outer loop
  vertex 77.84168 -1104.8136 35.32495
  vertex 77.84168 -1104.8136 37.32495
  vertex 78.4347 -1104.2206 37.32495
 endloop
endfacet
facet normal -0.70710677 0.70710677 0
 outer loop
  vertex 77.84168 -1104.8136 35.32495
  vertex 78.4347 -1104.2206 37.32495
  vertex 78.4347 -1104.2206 35.32495
 endloop
endfacet
facet normal -0.5735014 0.81920457 0
 outer loop
  vertex 78.4347 -1104.2206 35.32495
  vertex 78.4347 -1104.2206 37.32495
  vertex 79.12171 -1103.7396 37.32495
 endloop
endfacet
facet normal -0.5735014 0.81920457 0
 outer loop
  vertex 78.4347 -1104.2206 35.32495
  vertex 79.12171 -1103.7396 37.32495
  vertex 79.12171 -1103.7396 35.32495
 endloop
endfacet
facet normal -0.42223176 0.90648794 0
 outer loop
  vertex 79.12171 -1103.7396 35.32495
  vertex 79.12171 -1103.7396 37.32495
  vertex 79.88172 -1103.3856 37.32495
 endloop
endfacet
facet normal -0.42223176 0.90648794 0
 outer loop
  vertex 79.12171 -1103.7396 35.32495
  vertex 79.88172 -1103.3856 37.32495
  vertex 79.88172 -1103.3856 35.32495
 endloop
endfacet
facet normal -0.25913188 0.96584195 0
 outer loop
  vertex 79.88172 -1103.3856 35.32495
  vertex 79.88172 -1103.3856 37.32495
  vertex 80.69068 -1103.1686 37.32495
 endloop
endfacet
facet normal -0.25913188 0.96584195 0
 outer loop
  vertex 79.88172 -1103.3856 35.32495
  vertex 80.69068 -1103.1686 37.32495
  vertex 80.69068 -1103.1686 35.32495
 endloop
endfacet
facet normal -0.0869811 0.99621 0
 outer loop
  vertex 80.69068 -1103.1686 35.32495
  vertex 80.69068 -1103.1686 37.32495
  vertex 81.52674 -1103.0956 37.32495
 endloop
endfacet
facet normal -0.0869811 0.99621 0
 outer loop
  vertex 80.69068 -1103.1686 35.32495
  vertex 81.52674 -1103.0956 37.32495
  vertex 81.52674 -1103.0956 35.32495
 endloop
endfacet
facet normal 0.08709468 0.9962 0
 outer loop
  vertex 81.52674 -1103.0956 35.32495
  vertex 81.52674 -1103.0956 37.32495
  vertex 82.3617 -1103.1686 37.32495
 endloop
endfacet
facet normal 0.08709468 0.9962 -0
 outer loop
  vertex 81.52674 -1103.0956 35.32495
  vertex 82.3617 -1103.1686 37.32495
  vertex 82.3617 -1103.1686 35.32495
 endloop
endfacet
facet normal 0.25884038 0.9659201 0
 outer loop
  vertex 82.3617 -1103.1686 35.32495
  vertex 82.3617 -1103.1686 37.32495
  vertex 83.17164 -1103.3856 37.32495
 endloop
endfacet
facet normal 0.25884038 0.9659201 -0
 outer loop
  vertex 82.3617 -1103.1686 35.32495
  vertex 83.17164 -1103.3856 37.32495
  vertex 83.17164 -1103.3856 35.32495
 endloop
endfacet
facet normal 0.42223176 0.90648794 0
 outer loop
  vertex 83.17164 -1103.3856 35.32495
  vertex 83.17164 -1103.3856 37.32495
  vertex 83.93165 -1103.7396 37.32495
 endloop
endfacet
facet normal 0.42223176 0.90648794 -0
 outer loop
  vertex 83.17164 -1103.3856 35.32495
  vertex 83.93165 -1103.7396 37.32495
  vertex 83.93165 -1103.7396 35.32495
 endloop
endfacet
facet normal 0.5735014 0.81920457 0
 outer loop
  vertex 83.93165 -1103.7396 35.32495
  vertex 83.93165 -1103.7396 37.32495
  vertex 84.61866 -1104.2206 37.32495
 endloop
endfacet
facet normal 0.5735014 0.81920457 -0
 outer loop
  vertex 83.93165 -1103.7396 35.32495
  vertex 84.61866 -1104.2206 37.32495
  vertex 84.61866 -1104.2206 35.32495
 endloop
endfacet
facet normal 0.7076893 0.70652384 0
 outer loop
  vertex 84.61866 -1104.2206 35.32495
  vertex 84.61866 -1104.2206 37.32495
  vertex 85.2107 -1104.8136 37.32495
 endloop
endfacet
facet normal 0.7076893 0.70652384 -0
 outer loop
  vertex 84.61866 -1104.2206 35.32495
  vertex 85.2107 -1104.8136 37.32495
  vertex 85.2107 -1104.8136 35.32495
 endloop
endfacet
facet normal 0.81920457 0.5735014 0
 outer loop
  vertex 85.2107 -1104.8136 35.32495
  vertex 85.2107 -1104.8136 37.32495
  vertex 85.69166 -1105.5006 37.32495
 endloop
endfacet
facet normal 0.81920457 0.5735014 -0
 outer loop
  vertex 85.2107 -1104.8136 35.32495
  vertex 85.69166 -1105.5006 37.32495
  vertex 85.69166 -1105.5006 35.32495
 endloop
endfacet
facet normal 0.9060418 0.42318818 0
 outer loop
  vertex 85.69166 -1105.5006 35.32495
  vertex 85.69166 -1105.5006 37.32495
  vertex 86.04664 -1106.2606 37.32495
 endloop
endfacet
facet normal 0.9060418 0.42318818 -0
 outer loop
  vertex 85.69166 -1105.5006 35.32495
  vertex 86.04664 -1106.2606 37.32495
  vertex 86.04664 -1106.2606 35.32495
 endloop
endfacet
facet normal 0.96592987 0.258804 0
 outer loop
  vertex 86.04664 -1106.2606 35.32495
  vertex 86.04664 -1106.2606 37.32495
  vertex 86.26368 -1107.0707 37.32495
 endloop
endfacet
facet normal 0.96592987 0.258804 -0
 outer loop
  vertex 86.04664 -1106.2606 35.32495
  vertex 86.26368 -1107.0707 37.32495
  vertex 86.26368 -1107.0707 35.32495
 endloop
endfacet
facet normal 0.9962 0.08709468 0
 outer loop
  vertex 86.26368 -1107.0707 35.32495
  vertex 86.26368 -1107.0707 37.32495
  vertex 86.33668 -1107.9056 37.32495
 endloop
endfacet
facet normal 0.9962 0.08709468 -0
 outer loop
  vertex 86.26368 -1107.0707 35.32495
  vertex 86.33668 -1107.9056 37.32495
  vertex 86.33668 -1107.9056 35.32495
 endloop
endfacet
facet normal 0.9962 -0.08709468 0
 outer loop
  vertex 86.33668 -1107.9056 35.32495
  vertex 86.33668 -1107.9056 37.32495
  vertex 86.26368 -1108.7406 37.32495
 endloop
endfacet
facet normal 0.9962 -0.08709468 0
 outer loop
  vertex 99.93665 -1107.9056 35.32495
  vertex 99.863655 -1108.7406 37.32495
  vertex 99.863655 -1108.7406 35.32495
 endloop
endfacet
facet normal 0.9659663 -0.25866818 0
 outer loop
  vertex 99.863655 -1108.7406 35.32495
  vertex 99.863655 -1108.7406 37.32495
  vertex 99.646736 -1109.5507 37.32495
 endloop
endfacet
facet normal 0.9659663 -0.25866818 0
 outer loop
  vertex 99.863655 -1108.7406 35.32495
  vertex 99.646736 -1109.5507 37.32495
  vertex 99.646736 -1109.5507 35.32495
 endloop
endfacet
facet normal 0.9060418 -0.42318818 0
 outer loop
  vertex 99.646736 -1109.5507 35.32495
  vertex 99.646736 -1109.5507 37.32495
  vertex 99.291756 -1110.3107 37.32495
 endloop
endfacet
facet normal 0.9060418 -0.42318818 0
 outer loop
  vertex 99.646736 -1109.5507 35.32495
  vertex 99.291756 -1110.3107 37.32495
  vertex 99.291756 -1110.3107 35.32495
 endloop
endfacet
facet normal 0.8191362 -0.5735991 0
 outer loop
  vertex 99.291756 -1110.3107 35.32495
  vertex 99.291756 -1110.3107 37.32495
  vertex 98.81068 -1110.9977 37.32495
 endloop
endfacet
facet normal 0.8191362 -0.5735991 0
 outer loop
  vertex 99.291756 -1110.3107 35.32495
  vertex 98.81068 -1110.9977 37.32495
  vertex 98.81068 -1110.9977 35.32495
 endloop
endfacet
facet normal 0.70768934 -0.7065237 0
 outer loop
  vertex 98.81068 -1110.9977 35.32495
  vertex 98.81068 -1110.9977 37.32495
  vertex 98.21876 -1111.5906 37.32495
 endloop
endfacet
facet normal 0.70768934 -0.7065237 0
 outer loop
  vertex 98.81068 -1110.9977 35.32495
  vertex 98.21876 -1111.5906 37.32495
  vertex 98.21876 -1111.5906 35.32495
 endloop
endfacet
facet normal 0.5735991 -0.8191362 0
 outer loop
  vertex 98.21876 -1111.5906 35.32495
  vertex 98.21876 -1111.5906 37.32495
  vertex 97.531746 -1112.0717 37.32495
 endloop
endfacet
facet normal 0.5735991 -0.8191362 0
 outer loop
  vertex 98.21876 -1111.5906 35.32495
  vertex 97.531746 -1112.0717 37.32495
  vertex 97.531746 -1112.0717 35.32495
 endloop
endfacet
facet normal 0.42223176 -0.90648794 0
 outer loop
  vertex 97.531746 -1112.0717 35.32495
  vertex 97.531746 -1112.0717 37.32495
  vertex 96.771736 -1112.4257 37.32495
 endloop
endfacet
facet normal 0.42223176 -0.90648794 0
 outer loop
  vertex 97.531746 -1112.0717 35.32495
  vertex 96.771736 -1112.4257 37.32495
  vertex 96.771736 -1112.4257 35.32495
 endloop
endfacet
facet normal 0.25866818 -0.9659663 0
 outer loop
  vertex 96.771736 -1112.4257 35.32495
  vertex 96.771736 -1112.4257 37.32495
  vertex 95.96168 -1112.6426 37.32495
 endloop
endfacet
facet normal 0.25866818 -0.9659663 0
 outer loop
  vertex 96.771736 -1112.4257 35.32495
  vertex 95.96168 -1112.6426 37.32495
  vertex 95.96168 -1112.6426 35.32495
 endloop
endfacet
facet normal 0.08709468 -0.9962 0
 outer loop
  vertex 95.96168 -1112.6426 35.32495
  vertex 95.96168 -1112.6426 37.32495
  vertex 95.12672 -1112.7156 37.32495
 endloop
endfacet
facet normal 0.08709468 -0.9962 0
 outer loop
  vertex 95.96168 -1112.6426 35.32495
  vertex 95.12672 -1112.7156 37.32495
  vertex 95.12672 -1112.7156 35.32495
 endloop
endfacet
facet normal -0.0869811 -0.99621 -0
 outer loop
  vertex 95.12672 -1112.7156 35.32495
  vertex 95.12672 -1112.7156 37.32495
  vertex 94.29066 -1112.6426 37.32495
 endloop
endfacet
facet normal -0.0869811 -0.99621 0
 outer loop
  vertex 95.12672 -1112.7156 35.32495
  vertex 94.29066 -1112.6426 37.32495
  vertex 94.29066 -1112.6426 35.32495
 endloop
endfacet
facet normal -0.25899592 -0.9658784 -0
 outer loop
  vertex 94.29066 -1112.6426 35.32495
  vertex 94.29066 -1112.6426 37.32495
  vertex 93.4817 -1112.4257 37.32495
 endloop
endfacet
facet normal -0.25899592 -0.9658784 0
 outer loop
  vertex 94.29066 -1112.6426 35.32495
  vertex 93.4817 -1112.4257 37.32495
  vertex 93.4817 -1112.4257 35.32495
 endloop
endfacet
facet normal -0.42223176 -0.90648794 -0
 outer loop
  vertex 93.4817 -1112.4257 35.32495
  vertex 93.4817 -1112.4257 37.32495
  vertex 92.72169 -1112.0717 37.32495
 endloop
endfacet
facet normal -0.42223176 -0.90648794 0
 outer loop
  vertex 93.4817 -1112.4257 35.32495
  vertex 92.72169 -1112.0717 37.32495
  vertex 92.72169 -1112.0717 35.32495
 endloop
endfacet
facet normal -0.5735991 -0.8191362 -0
 outer loop
  vertex 92.72169 -1112.0717 35.32495
  vertex 92.72169 -1112.0717 37.32495
  vertex 92.034676 -1111.5906 37.32495
 endloop
endfacet
facet normal -0.5735991 -0.8191362 0
 outer loop
  vertex 92.72169 -1112.0717 35.32495
  vertex 92.034676 -1111.5906 37.32495
  vertex 92.034676 -1111.5906 35.32495
 endloop
endfacet
facet normal -0.707034 -0.70717955 -0
 outer loop
  vertex 92.034676 -1111.5906 35.32495
  vertex 92.034676 -1111.5906 37.32495
  vertex 91.44166 -1110.9977 37.32495
 endloop
endfacet
facet normal -0.707034 -0.70717955 0
 outer loop
  vertex 92.034676 -1111.5906 35.32495
  vertex 91.44166 -1110.9977 37.32495
  vertex 91.44166 -1110.9977 35.32495
 endloop
endfacet
facet normal -0.81920457 -0.5735014 -0
 outer loop
  vertex 91.44166 -1110.9977 35.32495
  vertex 91.44166 -1110.9977 37.32495
  vertex 90.9607 -1110.3107 37.32495
 endloop
endfacet
facet normal -0.81920457 -0.5735014 0
 outer loop
  vertex 91.44166 -1110.9977 35.32495
  vertex 90.9607 -1110.3107 37.32495
  vertex 90.9607 -1110.3107 35.32495
 endloop
endfacet
facet normal -0.90648794 -0.42223176 -0
 outer loop
  vertex 90.9607 -1110.3107 35.32495
  vertex 90.9607 -1110.3107 37.32495
  vertex 90.6067 -1109.5507 37.32495
 endloop
endfacet
facet normal -0.90648794 -0.42223176 0
 outer loop
  vertex 90.9607 -1110.3107 35.32495
  vertex 90.6067 -1109.5507 37.32495
  vertex 90.6067 -1109.5507 35.32495
 endloop
endfacet
facet normal -0.96592987 -0.258804 -0
 outer loop
  vertex 90.6067 -1109.5507 35.32495
  vertex 90.6067 -1109.5507 37.32495
  vertex 90.389656 -1108.7406 37.32495
 endloop
endfacet
facet normal -0.96592987 -0.258804 0
 outer loop
  vertex 90.6067 -1109.5507 35.32495
  vertex 90.389656 -1108.7406 37.32495
  vertex 90.389656 -1108.7406 35.32495
 endloop
endfacet
facet normal -0.9962 -0.08709468 -0
 outer loop
  vertex 90.389656 -1108.7406 35.32495
  vertex 90.389656 -1108.7406 37.32495
  vertex 90.31666 -1107.9056 37.32495
 endloop
endfacet
facet normal -0.9962 -0.08709468 0
 outer loop
  vertex 90.389656 -1108.7406 35.32495
  vertex 90.31666 -1107.9056 37.32495
  vertex 90.31666 -1107.9056 35.32495
 endloop
endfacet
facet normal -0.9962 0.08709468 0
 outer loop
  vertex 90.31666 -1107.9056 35.32495
  vertex 90.31666 -1107.9056 37.32495
  vertex 90.389656 -1107.0707 37.32495
 endloop
endfacet
facet normal -0.9962 0.08709468 0
 outer loop
  vertex 90.31666 -1107.9056 35.32495
  vertex 90.389656 -1107.0707 37.32495
  vertex 90.389656 -1107.0707 35.32495
 endloop
endfacet
facet normal -0.96592987 0.258804 0
 outer loop
  vertex 90.389656 -1107.0707 35.32495
  vertex 90.389656 -1107.0707 37.32495
  vertex 90.6067 -1106.2606 37.32495
 endloop
endfacet
facet normal -0.96592987 0.258804 0
 outer loop
  vertex 90.389656 -1107.0707 35.32495
  vertex 90.6067 -1106.2606 37.32495
  vertex 90.6067 -1106.2606 35.32495
 endloop
endfacet
facet normal -0.90648794 0.42223176 0
 outer loop
  vertex 90.6067 -1106.2606 35.32495
  vertex 90.6067 -1106.2606 37.32495
  vertex 90.9607 -1105.5006 37.32495
 endloop
endfacet
facet normal -0.90648794 0.42223176 0
 outer loop
  vertex 90.6067 -1106.2606 35.32495
  vertex 90.9607 -1105.5006 37.32495
  vertex 90.9607 -1105.5006 35.32495
 endloop
endfacet
facet normal -0.81920457 0.5735014 0
 outer loop
  vertex 90.9607 -1105.5006 35.32495
  vertex 90.9607 -1105.5006 37.32495
  vertex 91.44166 -1104.8136 37.32495
 endloop
endfacet
facet normal -0.81920457 0.5735014 0
 outer loop
  vertex 90.9607 -1105.5006 35.32495
  vertex 91.44166 -1104.8136 37.32495
  vertex 91.44166 -1104.8136 35.32495
 endloop
endfacet
facet normal -0.70710677 0.70710677 0
 outer loop
  vertex 91.44166 -1104.8136 35.32495
  vertex 91.44166 -1104.8136 37.32495
  vertex 92.034676 -1104.2206 37.32495
 endloop
endfacet
facet normal -0.70710677 0.70710677 0
 outer loop
  vertex 91.44166 -1104.8136 35.32495
  vertex 92.034676 -1104.2206 37.32495
  vertex 92.034676 -1104.2206 35.32495
 endloop
endfacet
facet normal -0.5735014 0.81920457 0
 outer loop
  vertex 92.034676 -1104.2206 35.32495
  vertex 92.034676 -1104.2206 37.32495
  vertex 92.72169 -1103.7396 37.32495
 endloop
endfacet
facet normal -0.5735014 0.81920457 0
 outer loop
  vertex 92.034676 -1104.2206 35.32495
  vertex 92.72169 -1103.7396 37.32495
  vertex 92.72169 -1103.7396 35.32495
 endloop
endfacet
facet normal -0.42223176 0.90648794 0
 outer loop
  vertex 92.72169 -1103.7396 35.32495
  vertex 92.72169 -1103.7396 37.32495
  vertex 93.4817 -1103.3856 37.32495
 endloop
endfacet
facet normal -0.42223176 0.90648794 0
 outer loop
  vertex 92.72169 -1103.7396 35.32495
  vertex 93.4817 -1103.3856 37.32495
  vertex 93.4817 -1103.3856 35.32495
 endloop
endfacet
facet normal -0.25913188 0.96584195 0
 outer loop
  vertex 93.4817 -1103.3856 35.32495
  vertex 93.4817 -1103.3856 37.32495
  vertex 94.29066 -1103.1686 37.32495
 endloop
endfacet
facet normal -0.25913188 0.96584195 0
 outer loop
  vertex 93.4817 -1103.3856 35.32495
  vertex 94.29066 -1103.1686 37.32495
  vertex 94.29066 -1103.1686 35.32495
 endloop
endfacet
facet normal -0.0869811 0.99621 0
 outer loop
  vertex 94.29066 -1103.1686 35.32495
  vertex 94.29066 -1103.1686 37.32495
  vertex 95.12672 -1103.0956 37.32495
 endloop
endfacet
facet normal -0.0869811 0.99621 0
 outer loop
  vertex 94.29066 -1103.1686 35.32495
  vertex 95.12672 -1103.0956 37.32495
  vertex 95.12672 -1103.0956 35.32495
 endloop
endfacet
facet normal 0.08709468 0.9962 0
 outer loop
  vertex 95.12672 -1103.0956 35.32495
  vertex 95.12672 -1103.0956 37.32495
  vertex 95.96168 -1103.1686 37.32495
 endloop
endfacet
facet normal 0.08709468 0.9962 -0
 outer loop
  vertex 95.12672 -1103.0956 35.32495
  vertex 95.96168 -1103.1686 37.32495
  vertex 95.96168 -1103.1686 35.32495
 endloop
endfacet
facet normal 0.258804 0.96592987 0
 outer loop
  vertex 95.96168 -1103.1686 35.32495
  vertex 95.96168 -1103.1686 37.32495
  vertex 96.771736 -1103.3856 37.32495
 endloop
endfacet
facet normal 0.258804 0.96592987 -0
 outer loop
  vertex 95.96168 -1103.1686 35.32495
  vertex 96.771736 -1103.3856 37.32495
  vertex 96.771736 -1103.3856 35.32495
 endloop
endfacet
facet normal 0.42223176 0.90648794 0
 outer loop
  vertex 96.771736 -1103.3856 35.32495
  vertex 96.771736 -1103.3856 37.32495
  vertex 97.531746 -1103.7396 37.32495
 endloop
endfacet
facet normal 0.42223176 0.90648794 -0
 outer loop
  vertex 96.771736 -1103.3856 35.32495
  vertex 97.531746 -1103.7396 37.32495
  vertex 97.531746 -1103.7396 35.32495
 endloop
endfacet
facet normal 0.5735014 0.81920457 0
 outer loop
  vertex 97.531746 -1103.7396 35.32495
  vertex 97.531746 -1103.7396 37.32495
  vertex 98.21876 -1104.2206 37.32495
 endloop
endfacet
facet normal 0.5735014 0.81920457 -0
 outer loop
  vertex 97.531746 -1103.7396 35.32495
  vertex 98.21876 -1104.2206 37.32495
  vertex 98.21876 -1104.2206 35.32495
 endloop
endfacet
facet normal 0.7077621 0.7064509 0
 outer loop
  vertex 98.21876 -1104.2206 35.32495
  vertex 98.21876 -1104.2206 37.32495
  vertex 98.81068 -1104.8136 37.32495
 endloop
endfacet
facet normal 0.7077621 0.7064509 -0
 outer loop
  vertex 98.21876 -1104.2206 35.32495
  vertex 98.81068 -1104.8136 37.32495
  vertex 98.81068 -1104.8136 35.32495
 endloop
endfacet
facet normal 0.8191362 0.5735991 0
 outer loop
  vertex 98.81068 -1104.8136 35.32495
  vertex 98.81068 -1104.8136 37.32495
  vertex 99.291756 -1105.5006 37.32495
 endloop
endfacet
facet normal 0.8191362 0.5735991 -0
 outer loop
  vertex 98.81068 -1104.8136 35.32495
  vertex 99.291756 -1105.5006 37.32495
  vertex 99.291756 -1105.5006 35.32495
 endloop
endfacet
facet normal 0.9060418 0.42318818 0
 outer loop
  vertex 99.291756 -1105.5006 35.32495
  vertex 99.291756 -1105.5006 37.32495
  vertex 99.646736 -1106.2606 37.32495
 endloop
endfacet
facet normal 0.9060418 0.42318818 -0
 outer loop
  vertex 99.291756 -1105.5006 35.32495
  vertex 99.646736 -1106.2606 37.32495
  vertex 99.646736 -1106.2606 35.32495
 endloop
endfacet
facet normal 0.9659663 0.25866818 0
 outer loop
  vertex 99.646736 -1106.2606 35.32495
  vertex 99.646736 -1106.2606 37.32495
  vertex 99.863655 -1107.0707 37.32495
 endloop
endfacet
facet normal 0.9659663 0.25866818 -0
 outer loop
  vertex 99.646736 -1106.2606 35.32495
  vertex 99.863655 -1107.0707 37.32495
  vertex 99.863655 -1107.0707 35.32495
 endloop
endfacet
facet normal 0.9962 0.08709468 0
 outer loop
  vertex 99.863655 -1107.0707 35.32495
  vertex 99.863655 -1107.0707 37.32495
  vertex 99.93665 -1107.9056 37.32495
 endloop
endfacet
facet normal 0.9962 0.08709468 -0
 outer loop
  vertex 99.863655 -1107.0707 35.32495
  vertex 99.93665 -1107.9056 37.32495
  vertex 99.93665 -1107.9056 35.32495
 endloop
endfacet
facet normal 0.9962 -0.08709468 0
 outer loop
  vertex 99.93665 -1107.9056 35.32495
  vertex 99.93665 -1107.9056 37.32495
  vertex 99.863655 -1108.7406 37.32495
 endloop
endfacet
facet normal 0.9962 -0.08709468 0
 outer loop
  vertex 113.53675 -1107.9056 35.32495
  vertex 113.46375 -1108.7406 37.32495
  vertex 113.46375 -1108.7406 35.32495
 endloop
endfacet
facet normal 0.96592987 -0.258804 0
 outer loop
  vertex 113.46375 -1108.7406 35.32495
  vertex 113.46375 -1108.7406 37.32495
  vertex 113.24671 -1109.5507 37.32495
 endloop
endfacet
facet normal 0.96592987 -0.258804 0
 outer loop
  vertex 113.46375 -1108.7406 35.32495
  vertex 113.24671 -1109.5507 37.32495
  vertex 113.24671 -1109.5507 35.32495
 endloop
endfacet
facet normal 0.9060418 -0.42318818 0
 outer loop
  vertex 113.24671 -1109.5507 35.32495
  vertex 113.24671 -1109.5507 37.32495
  vertex 112.89173 -1110.3107 37.32495
 endloop
endfacet
facet normal 0.9060418 -0.42318818 0
 outer loop
  vertex 113.24671 -1109.5507 35.32495
  vertex 112.89173 -1110.3107 37.32495
  vertex 112.89173 -1110.3107 35.32495
 endloop
endfacet
facet normal 0.8191362 -0.5735991 0
 outer loop
  vertex 112.89173 -1110.3107 35.32495
  vertex 112.89173 -1110.3107 37.32495
  vertex 112.41065 -1110.9977 37.32495
 endloop
endfacet
facet normal 0.8191362 -0.5735991 0
 outer loop
  vertex 112.89173 -1110.3107 35.32495
  vertex 112.41065 -1110.9977 37.32495
  vertex 112.41065 -1110.9977 35.32495
 endloop
endfacet
facet normal 0.70768934 -0.7065237 0
 outer loop
  vertex 112.41065 -1110.9977 35.32495
  vertex 112.41065 -1110.9977 37.32495
  vertex 111.81873 -1111.5906 37.32495
 endloop
endfacet
facet normal 0.70768934 -0.7065237 0
 outer loop
  vertex 112.41065 -1110.9977 35.32495
  vertex 111.81873 -1111.5906 37.32495
  vertex 111.81873 -1111.5906 35.32495
 endloop
endfacet
facet normal 0.5735991 -0.8191362 0
 outer loop
  vertex 111.81873 -1111.5906 35.32495
  vertex 111.81873 -1111.5906 37.32495
  vertex 111.13172 -1112.0717 37.32495
 endloop
endfacet
facet normal 0.5735991 -0.8191362 0
 outer loop
  vertex 111.81873 -1111.5906 35.32495
  vertex 111.13172 -1112.0717 37.32495
  vertex 111.13172 -1112.0717 35.32495
 endloop
endfacet
facet normal 0.42223176 -0.90648794 0
 outer loop
  vertex 111.13172 -1112.0717 35.32495
  vertex 111.13172 -1112.0717 37.32495
  vertex 110.37171 -1112.4257 37.32495
 endloop
endfacet
facet normal 0.42223176 -0.90648794 0
 outer loop
  vertex 111.13172 -1112.0717 35.32495
  vertex 110.37171 -1112.4257 37.32495
  vertex 110.37171 -1112.4257 35.32495
 endloop
endfacet
facet normal 0.25866818 -0.9659663 0
 outer loop
  vertex 110.37171 -1112.4257 35.32495
  vertex 110.37171 -1112.4257 37.32495
  vertex 109.56165 -1112.6426 37.32495
 endloop
endfacet
facet normal 0.25866818 -0.9659663 0
 outer loop
  vertex 110.37171 -1112.4257 35.32495
  vertex 109.56165 -1112.6426 37.32495
  vertex 109.56165 -1112.6426 35.32495
 endloop
endfacet
facet normal 0.08709468 -0.9962 0
 outer loop
  vertex 109.56165 -1112.6426 35.32495
  vertex 109.56165 -1112.6426 37.32495
  vertex 108.72669 -1112.7156 37.32495
 endloop
endfacet
facet normal 0.08709468 -0.9962 0
 outer loop
  vertex 109.56165 -1112.6426 35.32495
  vertex 108.72669 -1112.7156 37.32495
  vertex 108.72669 -1112.7156 35.32495
 endloop
endfacet
facet normal -0.08699371 -0.99620885 -0
 outer loop
  vertex 108.72669 -1112.7156 35.32495
  vertex 108.72669 -1112.7156 37.32495
  vertex 107.890755 -1112.6426 37.32495
 endloop
endfacet
facet normal -0.08699371 -0.99620885 0
 outer loop
  vertex 108.72669 -1112.7156 35.32495
  vertex 107.890755 -1112.6426 37.32495
  vertex 107.890755 -1112.6426 35.32495
 endloop
endfacet
facet normal -0.25895947 -0.9658882 -0
 outer loop
  vertex 107.890755 -1112.6426 35.32495
  vertex 107.890755 -1112.6426 37.32495
  vertex 107.08167 -1112.4257 37.32495
 endloop
endfacet
facet normal -0.25895947 -0.9658882 0
 outer loop
  vertex 107.890755 -1112.6426 35.32495
  vertex 107.08167 -1112.4257 37.32495
  vertex 107.08167 -1112.4257 35.32495
 endloop
endfacet
facet normal -0.42223176 -0.90648794 -0
 outer loop
  vertex 107.08167 -1112.4257 35.32495
  vertex 107.08167 -1112.4257 37.32495
  vertex 106.32166 -1112.0717 37.32495
 endloop
endfacet
facet normal -0.42223176 -0.90648794 0
 outer loop
  vertex 107.08167 -1112.4257 35.32495
  vertex 106.32166 -1112.0717 37.32495
  vertex 106.32166 -1112.0717 35.32495
 endloop
endfacet
facet normal -0.5735991 -0.8191362 -0
 outer loop
  vertex 106.32166 -1112.0717 35.32495
  vertex 106.32166 -1112.0717 37.32495
  vertex 105.63465 -1111.5906 37.32495
 endloop
endfacet
facet normal -0.5735991 -0.8191362 0
 outer loop
  vertex 106.32166 -1112.0717 35.32495
  vertex 105.63465 -1111.5906 37.32495
  vertex 105.63465 -1111.5906 35.32495
 endloop
endfacet
facet normal -0.7071068 -0.7071068 -0
 outer loop
  vertex 105.63465 -1111.5906 35.32495
  vertex 105.63465 -1111.5906 37.32495
  vertex 105.041756 -1110.9977 37.32495
 endloop
endfacet
facet normal -0.7071068 -0.7071068 0
 outer loop
  vertex 105.63465 -1111.5906 35.32495
  vertex 105.041756 -1110.9977 37.32495
  vertex 105.041756 -1110.9977 35.32495
 endloop
endfacet
facet normal -0.8191362 -0.5735991 -0
 outer loop
  vertex 105.041756 -1110.9977 35.32495
  vertex 105.041756 -1110.9977 37.32495
  vertex 104.56068 -1110.3107 37.32495
 endloop
endfacet
facet normal -0.8191362 -0.5735991 0
 outer loop
  vertex 105.041756 -1110.9977 35.32495
  vertex 104.56068 -1110.3107 37.32495
  vertex 104.56068 -1110.3107 35.32495
 endloop
endfacet
facet normal -0.90648794 -0.42223176 -0
 outer loop
  vertex 104.56068 -1110.3107 35.32495
  vertex 104.56068 -1110.3107 37.32495
  vertex 104.20667 -1109.5507 37.32495
 endloop
endfacet
facet normal -0.90648794 -0.42223176 0
 outer loop
  vertex 104.56068 -1110.3107 35.32495
  vertex 104.20667 -1109.5507 37.32495
  vertex 104.20667 -1109.5507 35.32495
 endloop
endfacet
facet normal -0.9659663 -0.25866818 -0
 outer loop
  vertex 104.20667 -1109.5507 35.32495
  vertex 104.20667 -1109.5507 37.32495
  vertex 103.98975 -1108.7406 37.32495
 endloop
endfacet
facet normal -0.9659663 -0.25866818 0
 outer loop
  vertex 104.20667 -1109.5507 35.32495
  vertex 103.98975 -1108.7406 37.32495
  vertex 103.98975 -1108.7406 35.32495
 endloop
endfacet
facet normal -0.9962 -0.08709468 -0
 outer loop
  vertex 103.98975 -1108.7406 35.32495
  vertex 103.98975 -1108.7406 37.32495
  vertex 103.916756 -1107.9056 37.32495
 endloop
endfacet
facet normal -0.9962 -0.08709468 0
 outer loop
  vertex 103.98975 -1108.7406 35.32495
  vertex 103.916756 -1107.9056 37.32495
  vertex 103.916756 -1107.9056 35.32495
 endloop
endfacet
facet normal -0.9962 0.08709468 0
 outer loop
  vertex 103.916756 -1107.9056 35.32495
  vertex 103.916756 -1107.9056 37.32495
  vertex 103.98975 -1107.0707 37.32495
 endloop
endfacet
facet normal -0.9962 0.08709468 0
 outer loop
  vertex 103.916756 -1107.9056 35.32495
  vertex 103.98975 -1107.0707 37.32495
  vertex 103.98975 -1107.0707 35.32495
 endloop
endfacet
facet normal -0.9659663 0.25866818 0
 outer loop
  vertex 103.98975 -1107.0707 35.32495
  vertex 103.98975 -1107.0707 37.32495
  vertex 104.20667 -1106.2606 37.32495
 endloop
endfacet
facet normal -0.9659663 0.25866818 0
 outer loop
  vertex 103.98975 -1107.0707 35.32495
  vertex 104.20667 -1106.2606 37.32495
  vertex 104.20667 -1106.2606 35.32495
 endloop
endfacet
facet normal -0.90648794 0.42223176 0
 outer loop
  vertex 104.20667 -1106.2606 35.32495
  vertex 104.20667 -1106.2606 37.32495
  vertex 104.56068 -1105.5006 37.32495
 endloop
endfacet
facet normal -0.90648794 0.42223176 0
 outer loop
  vertex 104.20667 -1106.2606 35.32495
  vertex 104.56068 -1105.5006 37.32495
  vertex 104.56068 -1105.5006 35.32495
 endloop
endfacet
facet normal -0.8191362 0.5735991 0
 outer loop
  vertex 104.56068 -1105.5006 35.32495
  vertex 104.56068 -1105.5006 37.32495
  vertex 105.041756 -1104.8136 37.32495
 endloop
endfacet
facet normal -0.8191362 0.5735991 0
 outer loop
  vertex 104.56068 -1105.5006 35.32495
  vertex 105.041756 -1104.8136 37.32495
  vertex 105.041756 -1104.8136 35.32495
 endloop
endfacet
facet normal -0.70717955 0.707034 0
 outer loop
  vertex 105.041756 -1104.8136 35.32495
  vertex 105.041756 -1104.8136 37.32495
  vertex 105.63465 -1104.2206 37.32495
 endloop
endfacet
facet normal -0.70717955 0.707034 0
 outer loop
  vertex 105.041756 -1104.8136 35.32495
  vertex 105.63465 -1104.2206 37.32495
  vertex 105.63465 -1104.2206 35.32495
 endloop
endfacet
facet normal -0.5735014 0.81920457 0
 outer loop
  vertex 105.63465 -1104.2206 35.32495
  vertex 105.63465 -1104.2206 37.32495
  vertex 106.32166 -1103.7396 37.32495
 endloop
endfacet
facet normal -0.5735014 0.81920457 0
 outer loop
  vertex 105.63465 -1104.2206 35.32495
  vertex 106.32166 -1103.7396 37.32495
  vertex 106.32166 -1103.7396 35.32495
 endloop
endfacet
facet normal -0.42223176 0.90648794 0
 outer loop
  vertex 106.32166 -1103.7396 35.32495
  vertex 106.32166 -1103.7396 37.32495
  vertex 107.08167 -1103.3856 37.32495
 endloop
endfacet
facet normal -0.42223176 0.90648794 0
 outer loop
  vertex 106.32166 -1103.7396 35.32495
  vertex 107.08167 -1103.3856 37.32495
  vertex 107.08167 -1103.3856 35.32495
 endloop
endfacet
facet normal -0.2590954 0.9658517 0
 outer loop
  vertex 107.08167 -1103.3856 35.32495
  vertex 107.08167 -1103.3856 37.32495
  vertex 107.890755 -1103.1686 37.32495
 endloop
endfacet
facet normal -0.2590954 0.9658517 0
 outer loop
  vertex 107.08167 -1103.3856 35.32495
  vertex 107.890755 -1103.1686 37.32495
  vertex 107.890755 -1103.1686 35.32495
 endloop
endfacet
facet normal -0.08699371 0.99620885 0
 outer loop
  vertex 107.890755 -1103.1686 35.32495
  vertex 107.890755 -1103.1686 37.32495
  vertex 108.72669 -1103.0956 37.32495
 endloop
endfacet
facet normal -0.08699371 0.99620885 0
 outer loop
  vertex 107.890755 -1103.1686 35.32495
  vertex 108.72669 -1103.0956 37.32495
  vertex 108.72669 -1103.0956 35.32495
 endloop
endfacet
facet normal 0.08709468 0.9962 0
 outer loop
  vertex 108.72669 -1103.0956 35.32495
  vertex 108.72669 -1103.0956 37.32495
  vertex 109.56165 -1103.1686 37.32495
 endloop
endfacet
facet normal 0.08709468 0.9962 -0
 outer loop
  vertex 108.72669 -1103.0956 35.32495
  vertex 109.56165 -1103.1686 37.32495
  vertex 109.56165 -1103.1686 35.32495
 endloop
endfacet
facet normal 0.258804 0.96592987 0
 outer loop
  vertex 109.56165 -1103.1686 35.32495
  vertex 109.56165 -1103.1686 37.32495
  vertex 110.37171 -1103.3856 37.32495
 endloop
endfacet
facet normal 0.258804 0.96592987 -0
 outer loop
  vertex 109.56165 -1103.1686 35.32495
  vertex 110.37171 -1103.3856 37.32495
  vertex 110.37171 -1103.3856 35.32495
 endloop
endfacet
facet normal 0.42223176 0.90648794 0
 outer loop
  vertex 110.37171 -1103.3856 35.32495
  vertex 110.37171 -1103.3856 37.32495
  vertex 111.13172 -1103.7396 37.32495
 endloop
endfacet
facet normal 0.42223176 0.90648794 -0
 outer loop
  vertex 110.37171 -1103.3856 35.32495
  vertex 111.13172 -1103.7396 37.32495
  vertex 111.13172 -1103.7396 35.32495
 endloop
endfacet
facet normal 0.5735014 0.81920457 0
 outer loop
  vertex 111.13172 -1103.7396 35.32495
  vertex 111.13172 -1103.7396 37.32495
  vertex 111.81873 -1104.2206 37.32495
 endloop
endfacet
facet normal 0.5735014 0.81920457 -0
 outer loop
  vertex 111.13172 -1103.7396 35.32495
  vertex 111.81873 -1104.2206 37.32495
  vertex 111.81873 -1104.2206 35.32495
 endloop
endfacet
facet normal 0.7077621 0.7064509 0
 outer loop
  vertex 111.81873 -1104.2206 35.32495
  vertex 111.81873 -1104.2206 37.32495
  vertex 112.41065 -1104.8136 37.32495
 endloop
endfacet
facet normal 0.7077621 0.7064509 -0
 outer loop
  vertex 111.81873 -1104.2206 35.32495
  vertex 112.41065 -1104.8136 37.32495
  vertex 112.41065 -1104.8136 35.32495
 endloop
endfacet
facet normal 0.8191362 0.5735991 0
 outer loop
  vertex 112.41065 -1104.8136 35.32495
  vertex 112.41065 -1104.8136 37.32495
  vertex 112.89173 -1105.5006 37.32495
 endloop
endfacet
facet normal 0.8191362 0.5735991 -0
 outer loop
  vertex 112.41065 -1104.8136 35.32495
  vertex 112.89173 -1105.5006 37.32495
  vertex 112.89173 -1105.5006 35.32495
 endloop
endfacet
facet normal 0.9060418 0.42318818 0
 outer loop
  vertex 112.89173 -1105.5006 35.32495
  vertex 112.89173 -1105.5006 37.32495
  vertex 113.24671 -1106.2606 37.32495
 endloop
endfacet
facet normal 0.9060418 0.42318818 -0
 outer loop
  vertex 112.89173 -1105.5006 35.32495
  vertex 113.24671 -1106.2606 37.32495
  vertex 113.24671 -1106.2606 35.32495
 endloop
endfacet
facet normal 0.96592987 0.258804 0
 outer loop
  vertex 113.24671 -1106.2606 35.32495
  vertex 113.24671 -1106.2606 37.32495
  vertex 113.46375 -1107.0707 37.32495
 endloop
endfacet
facet normal 0.96592987 0.258804 -0
 outer loop
  vertex 113.24671 -1106.2606 35.32495
  vertex 113.46375 -1107.0707 37.32495
  vertex 113.46375 -1107.0707 35.32495
 endloop
endfacet
facet normal 0.9962 0.08709468 0
 outer loop
  vertex 113.46375 -1107.0707 35.32495
  vertex 113.46375 -1107.0707 37.32495
  vertex 113.53675 -1107.9056 37.32495
 endloop
endfacet
facet normal 0.9962 0.08709468 -0
 outer loop
  vertex 113.46375 -1107.0707 35.32495
  vertex 113.53675 -1107.9056 37.32495
  vertex 113.53675 -1107.9056 35.32495
 endloop
endfacet
facet normal 0.9962 -0.08709468 0
 outer loop
  vertex 113.53675 -1107.9056 35.32495
  vertex 113.53675 -1107.9056 37.32495
  vertex 113.46375 -1108.7406 37.32495
 endloop
endfacet
facet normal 0.9962 -0.08709468 0
 outer loop
  vertex 127.13673 -1107.9056 35.32495
  vertex 127.06373 -1108.7406 37.32495
  vertex 127.06373 -1108.7406 35.32495
 endloop
endfacet
facet normal 0.96592987 -0.258804 0
 outer loop
  vertex 127.06373 -1108.7406 35.32495
  vertex 127.06373 -1108.7406 37.32495
  vertex 126.84669 -1109.5507 37.32495
 endloop
endfacet
facet normal 0.96592987 -0.258804 0
 outer loop
  vertex 127.06373 -1108.7406 35.32495
  vertex 126.84669 -1109.5507 37.32495
  vertex 126.84669 -1109.5507 35.32495
 endloop
endfacet
facet normal 0.9060418 -0.42318818 0
 outer loop
  vertex 126.84669 -1109.5507 35.32495
  vertex 126.84669 -1109.5507 37.32495
  vertex 126.49171 -1110.3107 37.32495
 endloop
endfacet
facet normal 0.9060418 -0.42318818 0
 outer loop
  vertex 126.84669 -1109.5507 35.32495
  vertex 126.49171 -1110.3107 37.32495
  vertex 126.49171 -1110.3107 35.32495
 endloop
endfacet
facet normal 0.81920457 -0.5735014 0
 outer loop
  vertex 126.49171 -1110.3107 35.32495
  vertex 126.49171 -1110.3107 37.32495
  vertex 126.01075 -1110.9977 37.32495
 endloop
endfacet
facet normal 0.81920457 -0.5735014 0
 outer loop
  vertex 126.49171 -1110.3107 35.32495
  vertex 126.01075 -1110.9977 37.32495
  vertex 126.01075 -1110.9977 35.32495
 endloop
endfacet
facet normal 0.7076165 -0.7065967 0
 outer loop
  vertex 126.01075 -1110.9977 35.32495
  vertex 126.01075 -1110.9977 37.32495
  vertex 125.41871 -1111.5906 37.32495
 endloop
endfacet
facet normal 0.7076165 -0.7065967 0
 outer loop
  vertex 126.01075 -1110.9977 35.32495
  vertex 125.41871 -1111.5906 37.32495
  vertex 125.41871 -1111.5906 35.32495
 endloop
endfacet
facet normal 0.5735991 -0.8191362 0
 outer loop
  vertex 125.41871 -1111.5906 35.32495
  vertex 125.41871 -1111.5906 37.32495
  vertex 124.7317 -1112.0717 37.32495
 endloop
endfacet
facet normal 0.5735991 -0.8191362 0
 outer loop
  vertex 125.41871 -1111.5906 35.32495
  vertex 124.7317 -1112.0717 37.32495
  vertex 124.7317 -1112.0717 35.32495
 endloop
endfacet
facet normal 0.42223176 -0.90648794 0
 outer loop
  vertex 124.7317 -1112.0717 35.32495
  vertex 124.7317 -1112.0717 37.32495
  vertex 123.97169 -1112.4257 37.32495
 endloop
endfacet
facet normal 0.42223176 -0.90648794 0
 outer loop
  vertex 124.7317 -1112.0717 35.32495
  vertex 123.97169 -1112.4257 37.32495
  vertex 123.97169 -1112.4257 35.32495
 endloop
endfacet
facet normal 0.25870454 -0.9659565 0
 outer loop
  vertex 123.97169 -1112.4257 35.32495
  vertex 123.97169 -1112.4257 37.32495
  vertex 123.16175 -1112.6426 37.32495
 endloop
endfacet
facet normal 0.25870454 -0.9659565 0
 outer loop
  vertex 123.97169 -1112.4257 35.32495
  vertex 123.16175 -1112.6426 37.32495
  vertex 123.16175 -1112.6426 35.32495
 endloop
endfacet
facet normal 0.08708205 -0.99620116 0
 outer loop
  vertex 123.16175 -1112.6426 35.32495
  vertex 123.16175 -1112.6426 37.32495
  vertex 122.32667 -1112.7156 37.32495
 endloop
endfacet
facet normal 0.08708205 -0.99620116 0
 outer loop
  vertex 123.16175 -1112.6426 35.32495
  vertex 122.32667 -1112.7156 37.32495
  vertex 122.32667 -1112.7156 35.32495
 endloop
endfacet
facet normal -0.08699371 -0.99620885 -0
 outer loop
  vertex 122.32667 -1112.7156 35.32495
  vertex 122.32667 -1112.7156 37.32495
  vertex 121.49073 -1112.6426 37.32495
 endloop
endfacet
facet normal -0.08699371 -0.99620885 0
 outer loop
  vertex 122.32667 -1112.7156 35.32495
  vertex 121.49073 -1112.6426 37.32495
  vertex 121.49073 -1112.6426 35.32495
 endloop
endfacet
facet normal -0.25895947 -0.9658882 -0
 outer loop
  vertex 121.49073 -1112.6426 35.32495
  vertex 121.49073 -1112.6426 37.32495
  vertex 120.68165 -1112.4257 37.32495
 endloop
endfacet
facet normal -0.25895947 -0.9658882 0
 outer loop
  vertex 121.49073 -1112.6426 35.32495
  vertex 120.68165 -1112.4257 37.32495
  vertex 120.68165 -1112.4257 35.32495
 endloop
endfacet
facet normal -0.42223176 -0.90648794 -0
 outer loop
  vertex 120.68165 -1112.4257 35.32495
  vertex 120.68165 -1112.4257 37.32495
  vertex 119.92164 -1112.0717 37.32495
 endloop
endfacet
facet normal -0.42223176 -0.90648794 0
 outer loop
  vertex 120.68165 -1112.4257 35.32495
  vertex 119.92164 -1112.0717 37.32495
  vertex 119.92164 -1112.0717 35.32495
 endloop
endfacet
facet normal -0.5736675 -0.81908834 -0
 outer loop
  vertex 119.92164 -1112.0717 35.32495
  vertex 119.92164 -1112.0717 37.32495
  vertex 119.23475 -1111.5906 37.32495
 endloop
endfacet
facet normal -0.5736675 -0.81908834 0
 outer loop
  vertex 119.92164 -1112.0717 35.32495
  vertex 119.23475 -1111.5906 37.32495
  vertex 119.23475 -1111.5906 35.32495
 endloop
endfacet
facet normal -0.707034 -0.70717955 -0
 outer loop
  vertex 119.23475 -1111.5906 35.32495
  vertex 119.23475 -1111.5906 37.32495
  vertex 118.64173 -1110.9977 37.32495
 endloop
endfacet
facet normal -0.707034 -0.70717955 0
 outer loop
  vertex 119.23475 -1111.5906 35.32495
  vertex 118.64173 -1110.9977 37.32495
  vertex 118.64173 -1110.9977 35.32495
 endloop
endfacet
facet normal -0.8191362 -0.5735991 -0
 outer loop
  vertex 118.64173 -1110.9977 35.32495
  vertex 118.64173 -1110.9977 37.32495
  vertex 118.16065 -1110.3107 37.32495
 endloop
endfacet
facet normal -0.8191362 -0.5735991 0
 outer loop
  vertex 118.64173 -1110.9977 35.32495
  vertex 118.16065 -1110.3107 37.32495
  vertex 118.16065 -1110.3107 35.32495
 endloop
endfacet
facet normal -0.90648794 -0.42223176 -0
 outer loop
  vertex 118.16065 -1110.3107 35.32495
  vertex 118.16065 -1110.3107 37.32495
  vertex 117.80665 -1109.5507 37.32495
 endloop
endfacet
facet normal -0.90648794 -0.42223176 0
 outer loop
  vertex 118.16065 -1110.3107 35.32495
  vertex 117.80665 -1109.5507 37.32495
  vertex 117.80665 -1109.5507 35.32495
 endloop
endfacet
facet normal -0.9659663 -0.25866818 -0
 outer loop
  vertex 117.80665 -1109.5507 35.32495
  vertex 117.80665 -1109.5507 37.32495
  vertex 117.58973 -1108.7406 37.32495
 endloop
endfacet
facet normal -0.9659663 -0.25866818 0
 outer loop
  vertex 117.80665 -1109.5507 35.32495
  vertex 117.58973 -1108.7406 37.32495
  vertex 117.58973 -1108.7406 35.32495
 endloop
endfacet
facet normal -0.9962 -0.08709468 -0
 outer loop
  vertex 117.58973 -1108.7406 35.32495
  vertex 117.58973 -1108.7406 37.32495
  vertex 117.51673 -1107.9056 37.32495
 endloop
endfacet
facet normal -0.9962 -0.08709468 0
 outer loop
  vertex 117.58973 -1108.7406 35.32495
  vertex 117.51673 -1107.9056 37.32495
  vertex 117.51673 -1107.9056 35.32495
 endloop
endfacet
facet normal -0.9962 0.08709468 0
 outer loop
  vertex 117.51673 -1107.9056 35.32495
  vertex 117.51673 -1107.9056 37.32495
  vertex 117.58973 -1107.0707 37.32495
 endloop
endfacet
facet normal -0.9962 0.08709468 0
 outer loop
  vertex 117.51673 -1107.9056 35.32495
  vertex 117.58973 -1107.0707 37.32495
  vertex 117.58973 -1107.0707 35.32495
 endloop
endfacet
facet normal -0.9659663 0.25866818 0
 outer loop
  vertex 117.58973 -1107.0707 35.32495
  vertex 117.58973 -1107.0707 37.32495
  vertex 117.80665 -1106.2606 37.32495
 endloop
endfacet
facet normal -0.9659663 0.25866818 0
 outer loop
  vertex 117.58973 -1107.0707 35.32495
  vertex 117.80665 -1106.2606 37.32495
  vertex 117.80665 -1106.2606 35.32495
 endloop
endfacet
facet normal -0.90648794 0.42223176 0
 outer loop
  vertex 117.80665 -1106.2606 35.32495
  vertex 117.80665 -1106.2606 37.32495
  vertex 118.16065 -1105.5006 37.32495
 endloop
endfacet
facet normal -0.90648794 0.42223176 0
 outer loop
  vertex 117.80665 -1106.2606 35.32495
  vertex 118.16065 -1105.5006 37.32495
  vertex 118.16065 -1105.5006 35.32495
 endloop
endfacet
facet normal -0.8191362 0.5735991 0
 outer loop
  vertex 118.16065 -1105.5006 35.32495
  vertex 118.16065 -1105.5006 37.32495
  vertex 118.64173 -1104.8136 37.32495
 endloop
endfacet
facet normal -0.8191362 0.5735991 0
 outer loop
  vertex 118.16065 -1105.5006 35.32495
  vertex 118.64173 -1104.8136 37.32495
  vertex 118.64173 -1104.8136 35.32495
 endloop
endfacet
facet normal -0.70710677 0.70710677 0
 outer loop
  vertex 118.64173 -1104.8136 35.32495
  vertex 118.64173 -1104.8136 37.32495
  vertex 119.23475 -1104.2206 37.32495
 endloop
endfacet
facet normal -0.70710677 0.70710677 0
 outer loop
  vertex 118.64173 -1104.8136 35.32495
  vertex 119.23475 -1104.2206 37.32495
  vertex 119.23475 -1104.2206 35.32495
 endloop
endfacet
facet normal -0.57356983 0.8191567 0
 outer loop
  vertex 119.23475 -1104.2206 35.32495
  vertex 119.23475 -1104.2206 37.32495
  vertex 119.92164 -1103.7396 37.32495
 endloop
endfacet
facet normal -0.57356983 0.8191567 0
 outer loop
  vertex 119.23475 -1104.2206 35.32495
  vertex 119.92164 -1103.7396 37.32495
  vertex 119.92164 -1103.7396 35.32495
 endloop
endfacet
facet normal -0.42223176 0.90648794 0
 outer loop
  vertex 119.92164 -1103.7396 35.32495
  vertex 119.92164 -1103.7396 37.32495
  vertex 120.68165 -1103.3856 37.32495
 endloop
endfacet
facet normal -0.42223176 0.90648794 0
 outer loop
  vertex 119.92164 -1103.7396 35.32495
  vertex 120.68165 -1103.3856 37.32495
  vertex 120.68165 -1103.3856 35.32495
 endloop
endfacet
facet normal -0.2590954 0.9658517 0
 outer loop
  vertex 120.68165 -1103.3856 35.32495
  vertex 120.68165 -1103.3856 37.32495
  vertex 121.49073 -1103.1686 37.32495
 endloop
endfacet
facet normal -0.2590954 0.9658517 0
 outer loop
  vertex 120.68165 -1103.3856 35.32495
  vertex 121.49073 -1103.1686 37.32495
  vertex 121.49073 -1103.1686 35.32495
 endloop
endfacet
facet normal -0.08699371 0.99620885 0
 outer loop
  vertex 121.49073 -1103.1686 35.32495
  vertex 121.49073 -1103.1686 37.32495
  vertex 122.32667 -1103.0956 37.32495
 endloop
endfacet
facet normal -0.08699371 0.99620885 0
 outer loop
  vertex 121.49073 -1103.1686 35.32495
  vertex 122.32667 -1103.0956 37.32495
  vertex 122.32667 -1103.0956 35.32495
 endloop
endfacet
facet normal 0.08708205 0.99620116 0
 outer loop
  vertex 122.32667 -1103.0956 35.32495
  vertex 122.32667 -1103.0956 37.32495
  vertex 123.16175 -1103.1686 37.32495
 endloop
endfacet
facet normal 0.08708205 0.99620116 -0
 outer loop
  vertex 122.32667 -1103.0956 35.32495
  vertex 123.16175 -1103.1686 37.32495
  vertex 123.16175 -1103.1686 35.32495
 endloop
endfacet
facet normal 0.25884038 0.9659201 0
 outer loop
  vertex 123.16175 -1103.1686 35.32495
  vertex 123.16175 -1103.1686 37.32495
  vertex 123.97169 -1103.3856 37.32495
 endloop
endfacet
facet normal 0.25884038 0.9659201 -0
 outer loop
  vertex 123.16175 -1103.1686 35.32495
  vertex 123.97169 -1103.3856 37.32495
  vertex 123.97169 -1103.3856 35.32495
 endloop
endfacet
facet normal 0.42223176 0.90648794 0
 outer loop
  vertex 123.97169 -1103.3856 35.32495
  vertex 123.97169 -1103.3856 37.32495
  vertex 124.7317 -1103.7396 37.32495
 endloop
endfacet
facet normal 0.42223176 0.90648794 -0
 outer loop
  vertex 123.97169 -1103.3856 35.32495
  vertex 124.7317 -1103.7396 37.32495
  vertex 124.7317 -1103.7396 35.32495
 endloop
endfacet
facet normal 0.5735014 0.81920457 0
 outer loop
  vertex 124.7317 -1103.7396 35.32495
  vertex 124.7317 -1103.7396 37.32495
  vertex 125.41871 -1104.2206 37.32495
 endloop
endfacet
facet normal 0.5735014 0.81920457 -0
 outer loop
  vertex 124.7317 -1103.7396 35.32495
  vertex 125.41871 -1104.2206 37.32495
  vertex 125.41871 -1104.2206 35.32495
 endloop
endfacet
facet normal 0.7076893 0.70652384 0
 outer loop
  vertex 125.41871 -1104.2206 35.32495
  vertex 125.41871 -1104.2206 37.32495
  vertex 126.01075 -1104.8136 37.32495
 endloop
endfacet
facet normal 0.7076893 0.70652384 -0
 outer loop
  vertex 125.41871 -1104.2206 35.32495
  vertex 126.01075 -1104.8136 37.32495
  vertex 126.01075 -1104.8136 35.32495
 endloop
endfacet
facet normal 0.81920457 0.5735014 0
 outer loop
  vertex 126.01075 -1104.8136 35.32495
  vertex 126.01075 -1104.8136 37.32495
  vertex 126.49171 -1105.5006 37.32495
 endloop
endfacet
facet normal 0.81920457 0.5735014 -0
 outer loop
  vertex 126.01075 -1104.8136 35.32495
  vertex 126.49171 -1105.5006 37.32495
  vertex 126.49171 -1105.5006 35.32495
 endloop
endfacet
facet normal 0.9060418 0.42318818 0
 outer loop
  vertex 126.49171 -1105.5006 35.32495
  vertex 126.49171 -1105.5006 37.32495
  vertex 126.84669 -1106.2606 37.32495
 endloop
endfacet
facet normal 0.9060418 0.42318818 -0
 outer loop
  vertex 126.49171 -1105.5006 35.32495
  vertex 126.84669 -1106.2606 37.32495
  vertex 126.84669 -1106.2606 35.32495
 endloop
endfacet
facet normal 0.96592987 0.258804 0
 outer loop
  vertex 126.84669 -1106.2606 35.32495
  vertex 126.84669 -1106.2606 37.32495
  vertex 127.06373 -1107.0707 37.32495
 endloop
endfacet
facet normal 0.96592987 0.258804 -0
 outer loop
  vertex 126.84669 -1106.2606 35.32495
  vertex 127.06373 -1107.0707 37.32495
  vertex 127.06373 -1107.0707 35.32495
 endloop
endfacet
facet normal 0.9962 0.08709468 0
 outer loop
  vertex 127.06373 -1107.0707 35.32495
  vertex 127.06373 -1107.0707 37.32495
  vertex 127.13673 -1107.9056 37.32495
 endloop
endfacet
facet normal 0.9962 0.08709468 -0
 outer loop
  vertex 127.06373 -1107.0707 35.32495
  vertex 127.13673 -1107.9056 37.32495
  vertex 127.13673 -1107.9056 35.32495
 endloop
endfacet
facet normal 0.9962 -0.08709468 0
 outer loop
  vertex 127.13673 -1107.9056 35.32495
  vertex 127.13673 -1107.9056 37.32495
  vertex 127.06373 -1108.7406 37.32495
 endloop
endfacet
facet normal 0.9962 -0.08709468 0
 outer loop
  vertex 140.73671 -1107.9056 35.324955
  vertex 140.66371 -1108.7406 37.324955
  vertex 140.66371 -1108.7406 35.324955
 endloop
endfacet
facet normal 0.96592987 -0.258804 0
 outer loop
  vertex 140.66371 -1108.7406 35.324955
  vertex 140.66371 -1108.7406 37.324955
  vertex 140.44667 -1109.5507 37.324955
 endloop
endfacet
facet normal 0.96592987 -0.258804 0
 outer loop
  vertex 140.66371 -1108.7406 35.324955
  vertex 140.44667 -1109.5507 37.324955
  vertex 140.44667 -1109.5507 35.324955
 endloop
endfacet
facet normal 0.9060418 -0.42318818 0
 outer loop
  vertex 140.44667 -1109.5507 35.324955
  vertex 140.44667 -1109.5507 37.324955
  vertex 140.09169 -1110.3107 37.324955
 endloop
endfacet
facet normal 0.9060418 -0.42318818 0
 outer loop
  vertex 140.44667 -1109.5507 35.324955
  vertex 140.09169 -1110.3107 37.324955
  vertex 140.09169 -1110.3107 35.324955
 endloop
endfacet
facet normal 0.81920457 -0.5735014 0
 outer loop
  vertex 140.09169 -1110.3107 35.324955
  vertex 140.09169 -1110.3107 37.324955
  vertex 139.61073 -1110.9977 37.324955
 endloop
endfacet
facet normal 0.81920457 -0.5735014 0
 outer loop
  vertex 140.09169 -1110.3107 35.324955
  vertex 139.61073 -1110.9977 37.324955
  vertex 139.61073 -1110.9977 35.324955
 endloop
endfacet
facet normal 0.7076165 -0.7065967 0
 outer loop
  vertex 139.61073 -1110.9977 35.324955
  vertex 139.61073 -1110.9977 37.324955
  vertex 139.01869 -1111.5906 37.324955
 endloop
endfacet
facet normal 0.7076165 -0.7065967 0
 outer loop
  vertex 139.61073 -1110.9977 35.324955
  vertex 139.01869 -1111.5906 37.324955
  vertex 139.01869 -1111.5906 35.324955
 endloop
endfacet
facet normal 0.5735991 -0.8191362 0
 outer loop
  vertex 139.01869 -1111.5906 35.324955
  vertex 139.01869 -1111.5906 37.324955
  vertex 138.33168 -1112.0717 37.324955
 endloop
endfacet
facet normal 0.5735991 -0.8191362 0
 outer loop
  vertex 139.01869 -1111.5906 35.324955
  vertex 138.33168 -1112.0717 37.324955
  vertex 138.33168 -1112.0717 35.324955
 endloop
endfacet
facet normal 0.42223176 -0.90648794 0
 outer loop
  vertex 138.33168 -1112.0717 35.324955
  vertex 138.33168 -1112.0717 37.324955
  vertex 137.57167 -1112.4257 37.324955
 endloop
endfacet
facet normal 0.42223176 -0.90648794 0
 outer loop
  vertex 138.33168 -1112.0717 35.324955
  vertex 137.57167 -1112.4257 37.324955
  vertex 137.57167 -1112.4257 35.324955
 endloop
endfacet
facet normal 0.25870454 -0.9659565 0
 outer loop
  vertex 137.57167 -1112.4257 35.324955
  vertex 137.57167 -1112.4257 37.324955
  vertex 136.76173 -1112.6426 37.324955
 endloop
endfacet
facet normal 0.25870454 -0.9659565 0
 outer loop
  vertex 137.57167 -1112.4257 35.324955
  vertex 136.76173 -1112.6426 37.324955
  vertex 136.76173 -1112.6426 35.324955
 endloop
endfacet
facet normal 0.08708205 -0.99620116 0
 outer loop
  vertex 136.76173 -1112.6426 35.324955
  vertex 136.76173 -1112.6426 37.324955
  vertex 135.92665 -1112.7156 37.324955
 endloop
endfacet
facet normal 0.08708205 -0.99620116 0
 outer loop
  vertex 136.76173 -1112.6426 35.324955
  vertex 135.92665 -1112.7156 37.324955
  vertex 135.92665 -1112.7156 35.324955
 endloop
endfacet
facet normal -0.08699371 -0.99620885 -0
 outer loop
  vertex 135.92665 -1112.7156 35.324955
  vertex 135.92665 -1112.7156 37.324955
  vertex 135.09071 -1112.6426 37.324955
 endloop
endfacet
facet normal -0.08699371 -0.99620885 0
 outer loop
  vertex 135.92665 -1112.7156 35.324955
  vertex 135.09071 -1112.6426 37.324955
  vertex 135.09071 -1112.6426 35.324955
 endloop
endfacet
facet normal -0.25899592 -0.9658784 -0
 outer loop
  vertex 135.09071 -1112.6426 35.324955
  vertex 135.09071 -1112.6426 37.324955
  vertex 134.28175 -1112.4257 37.324955
 endloop
endfacet
facet normal -0.25899592 -0.9658784 0
 outer loop
  vertex 135.09071 -1112.6426 35.324955
  vertex 134.28175 -1112.4257 37.324955
  vertex 134.28175 -1112.4257 35.324955
 endloop
endfacet
facet normal -0.42223176 -0.90648794 -0
 outer loop
  vertex 134.28175 -1112.4257 35.324955
  vertex 134.28175 -1112.4257 37.324955
  vertex 133.52174 -1112.0717 37.324955
 endloop
endfacet
facet normal -0.42223176 -0.90648794 0
 outer loop
  vertex 134.28175 -1112.4257 35.324955
  vertex 133.52174 -1112.0717 37.324955
  vertex 133.52174 -1112.0717 35.324955
 endloop
endfacet
facet normal -0.5735991 -0.8191362 -0
 outer loop
  vertex 133.52174 -1112.0717 35.324955
  vertex 133.52174 -1112.0717 37.324955
  vertex 132.83473 -1111.5906 37.324955
 endloop
endfacet
facet normal -0.5735991 -0.8191362 0
 outer loop
  vertex 133.52174 -1112.0717 35.324955
  vertex 132.83473 -1111.5906 37.324955
  vertex 132.83473 -1111.5906 35.324955
 endloop
endfacet
facet normal -0.707034 -0.70717955 -0
 outer loop
  vertex 132.83473 -1111.5906 35.324955
  vertex 132.83473 -1111.5906 37.324955
  vertex 132.24171 -1110.9977 37.324955
 endloop
endfacet
facet normal -0.707034 -0.70717955 0
 outer loop
  vertex 132.83473 -1111.5906 35.324955
  vertex 132.24171 -1110.9977 37.324955
  vertex 132.24171 -1110.9977 35.324955
 endloop
endfacet
facet normal -0.81920457 -0.5735014 -0
 outer loop
  vertex 132.24171 -1110.9977 35.324955
  vertex 132.24171 -1110.9977 37.324955
  vertex 131.76076 -1110.3107 37.324955
 endloop
endfacet
facet normal -0.81920457 -0.5735014 0
 outer loop
  vertex 132.24171 -1110.9977 35.324955
  vertex 131.76076 -1110.3107 37.324955
  vertex 131.76076 -1110.3107 35.324955
 endloop
endfacet
facet normal -0.90648794 -0.42223176 -0
 outer loop
  vertex 131.76076 -1110.3107 35.324955
  vertex 131.76076 -1110.3107 37.324955
  vertex 131.40675 -1109.5507 37.324955
 endloop
endfacet
facet normal -0.90648794 -0.42223176 0
 outer loop
  vertex 131.76076 -1110.3107 35.324955
  vertex 131.40675 -1109.5507 37.324955
  vertex 131.40675 -1109.5507 35.324955
 endloop
endfacet
facet normal -0.96592987 -0.258804 -0
 outer loop
  vertex 131.40675 -1109.5507 35.324955
  vertex 131.40675 -1109.5507 37.324955
  vertex 131.18971 -1108.7406 37.324955
 endloop
endfacet
facet normal -0.96592987 -0.258804 0
 outer loop
  vertex 131.40675 -1109.5507 35.324955
  vertex 131.18971 -1108.7406 37.324955
  vertex 131.18971 -1108.7406 35.324955
 endloop
endfacet
facet normal -0.9962 -0.08709468 -0
 outer loop
  vertex 131.18971 -1108.7406 35.324955
  vertex 131.18971 -1108.7406 37.324955
  vertex 131.11671 -1107.9056 37.324955
 endloop
endfacet
facet normal -0.9962 -0.08709468 0
 outer loop
  vertex 131.18971 -1108.7406 35.324955
  vertex 131.11671 -1107.9056 37.324955
  vertex 131.11671 -1107.9056 35.324955
 endloop
endfacet
facet normal -0.9962 0.08709468 0
 outer loop
  vertex 131.11671 -1107.9056 35.324955
  vertex 131.11671 -1107.9056 37.324955
  vertex 131.18971 -1107.0707 37.324955
 endloop
endfacet
facet normal -0.9962 0.08709468 0
 outer loop
  vertex 131.11671 -1107.9056 35.324955
  vertex 131.18971 -1107.0707 37.324955
  vertex 131.18971 -1107.0707 35.324955
 endloop
endfacet
facet normal -0.96592987 0.258804 0
 outer loop
  vertex 131.18971 -1107.0707 35.324955
  vertex 131.18971 -1107.0707 37.324955
  vertex 131.40675 -1106.2606 37.324955
 endloop
endfacet
facet normal -0.96592987 0.258804 0
 outer loop
  vertex 131.18971 -1107.0707 35.324955
  vertex 131.40675 -1106.2606 37.324955
  vertex 131.40675 -1106.2606 35.324955
 endloop
endfacet
facet normal -0.90648794 0.42223176 0
 outer loop
  vertex 131.40675 -1106.2606 35.324955
  vertex 131.40675 -1106.2606 37.324955
  vertex 131.76076 -1105.5006 37.324955
 endloop
endfacet
facet normal -0.90648794 0.42223176 0
 outer loop
  vertex 131.40675 -1106.2606 35.324955
  vertex 131.76076 -1105.5006 37.324955
  vertex 131.76076 -1105.5006 35.324955
 endloop
endfacet
facet normal -0.81920457 0.5735014 0
 outer loop
  vertex 131.76076 -1105.5006 35.324955
  vertex 131.76076 -1105.5006 37.324955
  vertex 132.24171 -1104.8136 37.324955
 endloop
endfacet
facet normal -0.81920457 0.5735014 0
 outer loop
  vertex 131.76076 -1105.5006 35.324955
  vertex 132.24171 -1104.8136 37.324955
  vertex 132.24171 -1104.8136 35.324955
 endloop
endfacet
facet normal -0.70710677 0.70710677 0
 outer loop
  vertex 132.24171 -1104.8136 35.324955
  vertex 132.24171 -1104.8136 37.324955
  vertex 132.83473 -1104.2206 37.324955
 endloop
endfacet
facet normal -0.70710677 0.70710677 0
 outer loop
  vertex 132.24171 -1104.8136 35.324955
  vertex 132.83473 -1104.2206 37.324955
  vertex 132.83473 -1104.2206 35.324955
 endloop
endfacet
facet normal -0.5735014 0.81920457 0
 outer loop
  vertex 132.83473 -1104.2206 35.324955
  vertex 132.83473 -1104.2206 37.324955
  vertex 133.52174 -1103.7396 37.324955
 endloop
endfacet
facet normal -0.5735014 0.81920457 0
 outer loop
  vertex 132.83473 -1104.2206 35.324955
  vertex 133.52174 -1103.7396 37.324955
  vertex 133.52174 -1103.7396 35.324955
 endloop
endfacet
facet normal -0.42223176 0.90648794 0
 outer loop
  vertex 133.52174 -1103.7396 35.324955
  vertex 133.52174 -1103.7396 37.324955
  vertex 134.28175 -1103.3856 37.324955
 endloop
endfacet
facet normal -0.42223176 0.90648794 0
 outer loop
  vertex 133.52174 -1103.7396 35.324955
  vertex 134.28175 -1103.3856 37.324955
  vertex 134.28175 -1103.3856 35.324955
 endloop
endfacet
facet normal -0.25913188 0.96584195 0
 outer loop
  vertex 134.28175 -1103.3856 35.324955
  vertex 134.28175 -1103.3856 37.324955
  vertex 135.09071 -1103.1686 37.324955
 endloop
endfacet
facet normal -0.25913188 0.96584195 0
 outer loop
  vertex 134.28175 -1103.3856 35.324955
  vertex 135.09071 -1103.1686 37.324955
  vertex 135.09071 -1103.1686 35.324955
 endloop
endfacet
facet normal -0.08699371 0.99620885 0
 outer loop
  vertex 135.09071 -1103.1686 35.324955
  vertex 135.09071 -1103.1686 37.324955
  vertex 135.92665 -1103.0956 37.324955
 endloop
endfacet
facet normal -0.08699371 0.99620885 0
 outer loop
  vertex 135.09071 -1103.1686 35.324955
  vertex 135.92665 -1103.0956 37.324955
  vertex 135.92665 -1103.0956 35.324955
 endloop
endfacet
facet normal 0.08708205 0.99620116 0
 outer loop
  vertex 135.92665 -1103.0956 35.324955
  vertex 135.92665 -1103.0956 37.324955
  vertex 136.76173 -1103.1686 37.324955
 endloop
endfacet
facet normal 0.08708205 0.99620116 -0
 outer loop
  vertex 135.92665 -1103.0956 35.324955
  vertex 136.76173 -1103.1686 37.324955
  vertex 136.76173 -1103.1686 35.324955
 endloop
endfacet
facet normal 0.25884038 0.9659201 0
 outer loop
  vertex 136.76173 -1103.1686 35.324955
  vertex 136.76173 -1103.1686 37.324955
  vertex 137.57167 -1103.3856 37.324955
 endloop
endfacet
facet normal 0.25884038 0.9659201 -0
 outer loop
  vertex 136.76173 -1103.1686 35.324955
  vertex 137.57167 -1103.3856 37.324955
  vertex 137.57167 -1103.3856 35.324955
 endloop
endfacet
facet normal 0.42223176 0.90648794 0
 outer loop
  vertex 137.57167 -1103.3856 35.324955
  vertex 137.57167 -1103.3856 37.324955
  vertex 138.33168 -1103.7396 37.324955
 endloop
endfacet
facet normal 0.42223176 0.90648794 -0
 outer loop
  vertex 137.57167 -1103.3856 35.324955
  vertex 138.33168 -1103.7396 37.324955
  vertex 138.33168 -1103.7396 35.324955
 endloop
endfacet
facet normal 0.5735014 0.81920457 0
 outer loop
  vertex 138.33168 -1103.7396 35.324955
  vertex 138.33168 -1103.7396 37.324955
  vertex 139.01869 -1104.2206 37.324955
 endloop
endfacet
facet normal 0.5735014 0.81920457 -0
 outer loop
  vertex 138.33168 -1103.7396 35.324955
  vertex 139.01869 -1104.2206 37.324955
  vertex 139.01869 -1104.2206 35.324955
 endloop
endfacet
facet normal 0.7076893 0.70652384 0
 outer loop
  vertex 139.01869 -1104.2206 35.324955
  vertex 139.01869 -1104.2206 37.324955
  vertex 139.61073 -1104.8136 37.324955
 endloop
endfacet
facet normal 0.7076893 0.70652384 -0
 outer loop
  vertex 139.01869 -1104.2206 35.324955
  vertex 139.61073 -1104.8136 37.324955
  vertex 139.61073 -1104.8136 35.324955
 endloop
endfacet
facet normal 0.81920457 0.5735014 0
 outer loop
  vertex 139.61073 -1104.8136 35.324955
  vertex 139.61073 -1104.8136 37.324955
  vertex 140.09169 -1105.5006 37.324955
 endloop
endfacet
facet normal 0.81920457 0.5735014 -0
 outer loop
  vertex 139.61073 -1104.8136 35.324955
  vertex 140.09169 -1105.5006 37.324955
  vertex 140.09169 -1105.5006 35.324955
 endloop
endfacet
facet normal 0.9060418 0.42318818 0
 outer loop
  vertex 140.09169 -1105.5006 35.324955
  vertex 140.09169 -1105.5006 37.324955
  vertex 140.44667 -1106.2606 37.324955
 endloop
endfacet
facet normal 0.9060418 0.42318818 -0
 outer loop
  vertex 140.09169 -1105.5006 35.324955
  vertex 140.44667 -1106.2606 37.324955
  vertex 140.44667 -1106.2606 35.324955
 endloop
endfacet
facet normal 0.96592987 0.258804 0
 outer loop
  vertex 140.44667 -1106.2606 35.324955
  vertex 140.44667 -1106.2606 37.324955
  vertex 140.66371 -1107.0707 37.324955
 endloop
endfacet
facet normal 0.96592987 0.258804 -0
 outer loop
  vertex 140.44667 -1106.2606 35.324955
  vertex 140.66371 -1107.0707 37.324955
  vertex 140.66371 -1107.0707 35.324955
 endloop
endfacet
facet normal 0.9962 0.08709468 0
 outer loop
  vertex 140.66371 -1107.0707 35.324955
  vertex 140.66371 -1107.0707 37.324955
  vertex 140.73671 -1107.9056 37.324955
 endloop
endfacet
facet normal 0.9962 0.08709468 -0
 outer loop
  vertex 140.66371 -1107.0707 35.324955
  vertex 140.73671 -1107.9056 37.324955
  vertex 140.73671 -1107.9056 35.324955
 endloop
endfacet
facet normal 0.9962 -0.08709468 0
 outer loop
  vertex 140.73671 -1107.9056 35.324955
  vertex 140.73671 -1107.9056 37.324955
  vertex 140.66371 -1108.7406 37.324955
 endloop
endfacet
facet normal 0.9962 -0.08709468 0
 outer loop
  vertex 154.33669 -1107.9056 35.324955
  vertex 154.26369 -1108.7406 37.324955
  vertex 154.26369 -1108.7406 35.324955
 endloop
endfacet
facet normal 0.96594805 -0.25873607 0
 outer loop
  vertex 154.26369 -1108.7406 35.324955
  vertex 154.26369 -1108.7406 37.324955
  vertex 154.0467 -1109.5507 37.324955
 endloop
endfacet
facet normal 0.96594805 -0.25873607 0
 outer loop
  vertex 154.26369 -1108.7406 35.324955
  vertex 154.0467 -1109.5507 37.324955
  vertex 154.0467 -1109.5507 35.324955
 endloop
endfacet
facet normal 0.9060418 -0.42318818 0
 outer loop
  vertex 154.0467 -1109.5507 35.324955
  vertex 154.0467 -1109.5507 37.324955
  vertex 153.69173 -1110.3107 37.324955
 endloop
endfacet
facet normal 0.9060418 -0.42318818 0
 outer loop
  vertex 154.0467 -1109.5507 35.324955
  vertex 153.69173 -1110.3107 37.324955
  vertex 153.69173 -1110.3107 35.324955
 endloop
endfacet
facet normal 0.81917036 -0.5735502 0
 outer loop
  vertex 153.69173 -1110.3107 35.324955
  vertex 153.69173 -1110.3107 37.324955
  vertex 153.21071 -1110.9977 37.324955
 endloop
endfacet
facet normal 0.81917036 -0.5735502 0
 outer loop
  vertex 153.69173 -1110.3107 35.324955
  vertex 153.21071 -1110.9977 37.324955
  vertex 153.21071 -1110.9977 35.324955
 endloop
endfacet
facet normal 0.707653 -0.70656025 0
 outer loop
  vertex 153.21071 -1110.9977 35.324955
  vertex 153.21071 -1110.9977 37.324955
  vertex 152.61873 -1111.5906 37.324955
 endloop
endfacet
facet normal 0.707653 -0.70656025 0
 outer loop
  vertex 153.21071 -1110.9977 35.324955
  vertex 152.61873 -1111.5906 37.324955
  vertex 152.61873 -1111.5906 35.324955
 endloop
endfacet
facet normal 0.5735991 -0.8191362 0
 outer loop
  vertex 152.61873 -1111.5906 35.324955
  vertex 152.61873 -1111.5906 37.324955
  vertex 151.93172 -1112.0717 37.324955
 endloop
endfacet
facet normal 0.5735991 -0.8191362 0
 outer loop
  vertex 152.61873 -1111.5906 35.324955
  vertex 151.93172 -1112.0717 37.324955
  vertex 151.93172 -1112.0717 35.324955
 endloop
endfacet
facet normal 0.42223176 -0.90648794 0
 outer loop
  vertex 151.93172 -1112.0717 35.324955
  vertex 151.93172 -1112.0717 37.324955
  vertex 151.1717 -1112.4257 37.324955
 endloop
endfacet
facet normal 0.42223176 -0.90648794 0
 outer loop
  vertex 151.93172 -1112.0717 35.324955
  vertex 151.1717 -1112.4257 37.324955
  vertex 151.1717 -1112.4257 35.324955
 endloop
endfacet
facet normal 0.25868636 -0.9659614 0
 outer loop
  vertex 151.1717 -1112.4257 35.324955
  vertex 151.1717 -1112.4257 37.324955
  vertex 150.36171 -1112.6426 37.324955
 endloop
endfacet
facet normal 0.25868636 -0.9659614 0
 outer loop
  vertex 151.1717 -1112.4257 35.324955
  vertex 150.36171 -1112.6426 37.324955
  vertex 150.36171 -1112.6426 35.324955
 endloop
endfacet
facet normal 0.08708837 -0.9962006 0
 outer loop
  vertex 150.36171 -1112.6426 35.324955
  vertex 150.36171 -1112.6426 37.324955
  vertex 149.52669 -1112.7156 37.324955
 endloop
endfacet
facet normal 0.08708837 -0.9962006 0
 outer loop
  vertex 150.36171 -1112.6426 35.324955
  vertex 149.52669 -1112.7156 37.324955
  vertex 149.52669 -1112.7156 35.324955
 endloop
endfacet
facet normal -0.086987406 -0.99620944 -0
 outer loop
  vertex 149.52669 -1112.7156 35.324955
  vertex 149.52669 -1112.7156 37.324955
  vertex 148.69069 -1112.6426 37.324955
 endloop
endfacet
facet normal -0.086987406 -0.99620944 0
 outer loop
  vertex 149.52669 -1112.7156 35.324955
  vertex 148.69069 -1112.6426 37.324955
  vertex 148.69069 -1112.6426 35.324955
 endloop
endfacet
facet normal -0.25899592 -0.9658784 -0
 outer loop
  vertex 148.69069 -1112.6426 35.324955
  vertex 148.69069 -1112.6426 37.324955
  vertex 147.88173 -1112.4257 37.324955
 endloop
endfacet
facet normal -0.25899592 -0.9658784 0
 outer loop
  vertex 148.69069 -1112.6426 35.324955
  vertex 147.88173 -1112.4257 37.324955
  vertex 147.88173 -1112.4257 35.324955
 endloop
endfacet
facet normal -0.42223176 -0.90648794 -0
 outer loop
  vertex 147.88173 -1112.4257 35.324955
  vertex 147.88173 -1112.4257 37.324955
  vertex 147.12172 -1112.0717 37.324955
 endloop
endfacet
facet normal -0.42223176 -0.90648794 0
 outer loop
  vertex 147.88173 -1112.4257 35.324955
  vertex 147.12172 -1112.0717 37.324955
  vertex 147.12172 -1112.0717 35.324955
 endloop
endfacet
facet normal -0.5735991 -0.8191362 -0
 outer loop
  vertex 147.12172 -1112.0717 35.324955
  vertex 147.12172 -1112.0717 37.324955
  vertex 146.43471 -1111.5906 37.324955
 endloop
endfacet
facet normal -0.5735991 -0.8191362 0
 outer loop
  vertex 147.12172 -1112.0717 35.324955
  vertex 146.43471 -1111.5906 37.324955
  vertex 146.43471 -1111.5906 35.324955
 endloop
endfacet
facet normal -0.707034 -0.70717955 -0
 outer loop
  vertex 146.43471 -1111.5906 35.324955
  vertex 146.43471 -1111.5906 37.324955
  vertex 145.84169 -1110.9977 37.324955
 endloop
endfacet
facet normal -0.707034 -0.70717955 0
 outer loop
  vertex 146.43471 -1111.5906 35.324955
  vertex 145.84169 -1110.9977 37.324955
  vertex 145.84169 -1110.9977 35.324955
 endloop
endfacet
facet normal -0.81920457 -0.5735014 -0
 outer loop
  vertex 145.84169 -1110.9977 35.324955
  vertex 145.84169 -1110.9977 37.324955
  vertex 145.36073 -1110.3107 37.324955
 endloop
endfacet
facet normal -0.81920457 -0.5735014 0
 outer loop
  vertex 145.84169 -1110.9977 35.324955
  vertex 145.36073 -1110.3107 37.324955
  vertex 145.36073 -1110.3107 35.324955
 endloop
endfacet
facet normal -0.90648794 -0.42223176 -0
 outer loop
  vertex 145.36073 -1110.3107 35.324955
  vertex 145.36073 -1110.3107 37.324955
  vertex 145.00673 -1109.5507 37.324955
 endloop
endfacet
facet normal -0.90648794 -0.42223176 0
 outer loop
  vertex 145.36073 -1110.3107 35.324955
  vertex 145.00673 -1109.5507 37.324955
  vertex 145.00673 -1109.5507 35.324955
 endloop
endfacet
facet normal -0.96592987 -0.258804 -0
 outer loop
  vertex 145.00673 -1109.5507 35.324955
  vertex 145.00673 -1109.5507 37.324955
  vertex 144.78969 -1108.7406 37.324955
 endloop
endfacet
facet normal -0.96592987 -0.258804 0
 outer loop
  vertex 145.00673 -1109.5507 35.324955
  vertex 144.78969 -1108.7406 37.324955
  vertex 144.78969 -1108.7406 35.324955
 endloop
endfacet
facet normal -0.9962 -0.08709468 -0
 outer loop
  vertex 144.78969 -1108.7406 35.324955
  vertex 144.78969 -1108.7406 37.324955
  vertex 144.71669 -1107.9056 37.324955
 endloop
endfacet
facet normal -0.9962 -0.08709468 0
 outer loop
  vertex 144.78969 -1108.7406 35.324955
  vertex 144.71669 -1107.9056 37.324955
  vertex 144.71669 -1107.9056 35.324955
 endloop
endfacet
facet normal -0.9962 0.08709468 0
 outer loop
  vertex 144.71669 -1107.9056 35.324955
  vertex 144.71669 -1107.9056 37.324955
  vertex 144.78969 -1107.0707 37.324955
 endloop
endfacet
facet normal -0.9962 0.08709468 0
 outer loop
  vertex 144.71669 -1107.9056 35.324955
  vertex 144.78969 -1107.0707 37.324955
  vertex 144.78969 -1107.0707 35.324955
 endloop
endfacet
facet normal -0.96592987 0.258804 0
 outer loop
  vertex 144.78969 -1107.0707 35.324955
  vertex 144.78969 -1107.0707 37.324955
  vertex 145.00673 -1106.2606 37.324955
 endloop
endfacet
facet normal -0.96592987 0.258804 0
 outer loop
  vertex 144.78969 -1107.0707 35.324955
  vertex 145.00673 -1106.2606 37.324955
  vertex 145.00673 -1106.2606 35.324955
 endloop
endfacet
facet normal -0.90648794 0.42223176 0
 outer loop
  vertex 145.00673 -1106.2606 35.324955
  vertex 145.00673 -1106.2606 37.324955
  vertex 145.36073 -1105.5006 37.324955
 endloop
endfacet
facet normal -0.90648794 0.42223176 0
 outer loop
  vertex 145.00673 -1106.2606 35.324955
  vertex 145.36073 -1105.5006 37.324955
  vertex 145.36073 -1105.5006 35.324955
 endloop
endfacet
facet normal -0.81920457 0.5735014 0
 outer loop
  vertex 145.36073 -1105.5006 35.324955
  vertex 145.36073 -1105.5006 37.324955
  vertex 145.84169 -1104.8136 37.324955
 endloop
endfacet
facet normal -0.81920457 0.5735014 0
 outer loop
  vertex 145.36073 -1105.5006 35.324955
  vertex 145.84169 -1104.8136 37.324955
  vertex 145.84169 -1104.8136 35.324955
 endloop
endfacet
facet normal -0.70710677 0.70710677 0
 outer loop
  vertex 145.84169 -1104.8136 35.324955
  vertex 145.84169 -1104.8136 37.324955
  vertex 146.43471 -1104.2206 37.324955
 endloop
endfacet
facet normal -0.70710677 0.70710677 0
 outer loop
  vertex 145.84169 -1104.8136 35.324955
  vertex 146.43471 -1104.2206 37.324955
  vertex 146.43471 -1104.2206 35.324955
 endloop
endfacet
facet normal -0.5735014 0.81920457 0
 outer loop
  vertex 146.43471 -1104.2206 35.324955
  vertex 146.43471 -1104.2206 37.324955
  vertex 147.12172 -1103.7396 37.324955
 endloop
endfacet
facet normal -0.5735014 0.81920457 0
 outer loop
  vertex 146.43471 -1104.2206 35.324955
  vertex 147.12172 -1103.7396 37.324955
  vertex 147.12172 -1103.7396 35.324955
 endloop
endfacet
facet normal -0.42223176 0.90648794 0
 outer loop
  vertex 147.12172 -1103.7396 35.324955
  vertex 147.12172 -1103.7396 37.324955
  vertex 147.88173 -1103.3856 37.324955
 endloop
endfacet
facet normal -0.42223176 0.90648794 0
 outer loop
  vertex 147.12172 -1103.7396 35.324955
  vertex 147.88173 -1103.3856 37.324955
  vertex 147.88173 -1103.3856 35.324955
 endloop
endfacet
facet normal -0.25913188 0.96584195 0
 outer loop
  vertex 147.88173 -1103.3856 35.324955
  vertex 147.88173 -1103.3856 37.324955
  vertex 148.69069 -1103.1686 37.324955
 endloop
endfacet
facet normal -0.25913188 0.96584195 0
 outer loop
  vertex 147.88173 -1103.3856 35.324955
  vertex 148.69069 -1103.1686 37.324955
  vertex 148.69069 -1103.1686 35.324955
 endloop
endfacet
facet normal -0.086987406 0.99620944 0
 outer loop
  vertex 148.69069 -1103.1686 35.324955
  vertex 148.69069 -1103.1686 37.324955
  vertex 149.52669 -1103.0956 37.324955
 endloop
endfacet
facet normal -0.086987406 0.99620944 0
 outer loop
  vertex 148.69069 -1103.1686 35.324955
  vertex 149.52669 -1103.0956 37.324955
  vertex 149.52669 -1103.0956 35.324955
 endloop
endfacet
facet normal 0.08708837 0.9962006 0
 outer loop
  vertex 149.52669 -1103.0956 35.324955
  vertex 149.52669 -1103.0956 37.324955
  vertex 150.36171 -1103.1686 37.324955
 endloop
endfacet
facet normal 0.08708837 0.9962006 -0
 outer loop
  vertex 149.52669 -1103.0956 35.324955
  vertex 150.36171 -1103.1686 37.324955
  vertex 150.36171 -1103.1686 35.324955
 endloop
endfacet
facet normal 0.2588222 0.965925 0
 outer loop
  vertex 150.36171 -1103.1686 35.324955
  vertex 150.36171 -1103.1686 37.324955
  vertex 151.1717 -1103.3856 37.324955
 endloop
endfacet
facet normal 0.2588222 0.965925 -0
 outer loop
  vertex 150.36171 -1103.1686 35.324955
  vertex 151.1717 -1103.3856 37.324955
  vertex 151.1717 -1103.3856 35.324955
 endloop
endfacet
facet normal 0.42223176 0.90648794 0
 outer loop
  vertex 151.1717 -1103.3856 35.324955
  vertex 151.1717 -1103.3856 37.324955
  vertex 151.93172 -1103.7396 37.324955
 endloop
endfacet
facet normal 0.42223176 0.90648794 -0
 outer loop
  vertex 151.1717 -1103.3856 35.324955
  vertex 151.93172 -1103.7396 37.324955
  vertex 151.93172 -1103.7396 35.324955
 endloop
endfacet
facet normal 0.5735014 0.81920457 0
 outer loop
  vertex 151.93172 -1103.7396 35.324955
  vertex 151.93172 -1103.7396 37.324955
  vertex 152.61873 -1104.2206 37.324955
 endloop
endfacet
facet normal 0.5735014 0.81920457 -0
 outer loop
  vertex 151.93172 -1103.7396 35.324955
  vertex 152.61873 -1104.2206 37.324955
  vertex 152.61873 -1104.2206 35.324955
 endloop
endfacet
facet normal 0.70772564 0.70648736 0
 outer loop
  vertex 152.61873 -1104.2206 35.324955
  vertex 152.61873 -1104.2206 37.324955
  vertex 153.21071 -1104.8136 37.324955
 endloop
endfacet
facet normal 0.70772564 0.70648736 -0
 outer loop
  vertex 152.61873 -1104.2206 35.324955
  vertex 153.21071 -1104.8136 37.324955
  vertex 153.21071 -1104.8136 35.324955
 endloop
endfacet
facet normal 0.81917036 0.5735502 0
 outer loop
  vertex 153.21071 -1104.8136 35.324955
  vertex 153.21071 -1104.8136 37.324955
  vertex 153.69173 -1105.5006 37.324955
 endloop
endfacet
facet normal 0.81917036 0.5735502 -0
 outer loop
  vertex 153.21071 -1104.8136 35.324955
  vertex 153.69173 -1105.5006 37.324955
  vertex 153.69173 -1105.5006 35.324955
 endloop
endfacet
facet normal 0.9060418 0.42318818 0
 outer loop
  vertex 153.69173 -1105.5006 35.324955
  vertex 153.69173 -1105.5006 37.324955
  vertex 154.0467 -1106.2606 37.324955
 endloop
endfacet
facet normal 0.9060418 0.42318818 -0
 outer loop
  vertex 153.69173 -1105.5006 35.324955
  vertex 154.0467 -1106.2606 37.324955
  vertex 154.0467 -1106.2606 35.324955
 endloop
endfacet
facet normal 0.96594805 0.25873607 0
 outer loop
  vertex 154.0467 -1106.2606 35.324955
  vertex 154.0467 -1106.2606 37.324955
  vertex 154.26369 -1107.0707 37.324955
 endloop
endfacet
facet normal 0.96594805 0.25873607 -0
 outer loop
  vertex 154.0467 -1106.2606 35.324955
  vertex 154.26369 -1107.0707 37.324955
  vertex 154.26369 -1107.0707 35.324955
 endloop
endfacet
facet normal 0.9962 0.08709468 0
 outer loop
  vertex 154.26369 -1107.0707 35.324955
  vertex 154.26369 -1107.0707 37.324955
  vertex 154.33669 -1107.9056 37.324955
 endloop
endfacet
facet normal 0.9962 0.08709468 -0
 outer loop
  vertex 154.26369 -1107.0707 35.324955
  vertex 154.33669 -1107.9056 37.324955
  vertex 154.33669 -1107.9056 35.324955
 endloop
endfacet
facet normal 0.9962 -0.08709468 0
 outer loop
  vertex 154.33669 -1107.9056 35.324955
  vertex 154.33669 -1107.9056 37.324955
  vertex 154.26369 -1108.7406 37.324955
 endloop
endfacet
facet normal 0.9962 -0.08709468 0
 outer loop
  vertex 140.73671 -1094.4056 35.324955
  vertex 140.66371 -1095.2406 37.324955
  vertex 140.66371 -1095.2406 35.324955
 endloop
endfacet
facet normal 0.96592987 -0.258804 0
 outer loop
  vertex 140.66371 -1095.2406 35.324955
  vertex 140.66371 -1095.2406 37.324955
  vertex 140.44667 -1096.0507 37.324955
 endloop
endfacet
facet normal 0.96592987 -0.258804 0
 outer loop
  vertex 140.66371 -1095.2406 35.324955
  vertex 140.44667 -1096.0507 37.324955
  vertex 140.44667 -1096.0507 35.324955
 endloop
endfacet
facet normal 0.9060418 -0.42318818 0
 outer loop
  vertex 140.44667 -1096.0507 35.324955
  vertex 140.44667 -1096.0507 37.324955
  vertex 140.09169 -1096.8107 37.324955
 endloop
endfacet
facet normal 0.9060418 -0.42318818 0
 outer loop
  vertex 140.44667 -1096.0507 35.324955
  vertex 140.09169 -1096.8107 37.324955
  vertex 140.09169 -1096.8107 35.324955
 endloop
endfacet
facet normal 0.81920457 -0.5735014 0
 outer loop
  vertex 140.09169 -1096.8107 35.324955
  vertex 140.09169 -1096.8107 37.324955
  vertex 139.61073 -1097.4977 37.324955
 endloop
endfacet
facet normal 0.81920457 -0.5735014 0
 outer loop
  vertex 140.09169 -1096.8107 35.324955
  vertex 139.61073 -1097.4977 37.324955
  vertex 139.61073 -1097.4977 35.324955
 endloop
endfacet
facet normal 0.7076165 -0.7065967 0
 outer loop
  vertex 139.61073 -1097.4977 35.324955
  vertex 139.61073 -1097.4977 37.324955
  vertex 139.01869 -1098.0906 37.324955
 endloop
endfacet
facet normal 0.7076165 -0.7065967 0
 outer loop
  vertex 139.61073 -1097.4977 35.324955
  vertex 139.01869 -1098.0906 37.324955
  vertex 139.01869 -1098.0906 35.324955
 endloop
endfacet
facet normal 0.5735991 -0.8191362 0
 outer loop
  vertex 139.01869 -1098.0906 35.324955
  vertex 139.01869 -1098.0906 37.324955
  vertex 138.33168 -1098.5717 37.324955
 endloop
endfacet
facet normal 0.5735991 -0.8191362 0
 outer loop
  vertex 139.01869 -1098.0906 35.324955
  vertex 138.33168 -1098.5717 37.324955
  vertex 138.33168 -1098.5717 35.324955
 endloop
endfacet
facet normal 0.42223176 -0.90648794 0
 outer loop
  vertex 138.33168 -1098.5717 35.324955
  vertex 138.33168 -1098.5717 37.324955
  vertex 137.57167 -1098.9257 37.324955
 endloop
endfacet
facet normal 0.42223176 -0.90648794 0
 outer loop
  vertex 138.33168 -1098.5717 35.324955
  vertex 137.57167 -1098.9257 37.324955
  vertex 137.57167 -1098.9257 35.324955
 endloop
endfacet
facet normal 0.25870454 -0.9659565 0
 outer loop
  vertex 137.57167 -1098.9257 35.324955
  vertex 137.57167 -1098.9257 37.324955
  vertex 136.76173 -1099.1426 37.324955
 endloop
endfacet
facet normal 0.25870454 -0.9659565 0
 outer loop
  vertex 137.57167 -1098.9257 35.324955
  vertex 136.76173 -1099.1426 37.324955
  vertex 136.76173 -1099.1426 35.324955
 endloop
endfacet
facet normal 0.08708205 -0.99620116 0
 outer loop
  vertex 136.76173 -1099.1426 35.324955
  vertex 136.76173 -1099.1426 37.324955
  vertex 135.92665 -1099.2156 37.324955
 endloop
endfacet
facet normal 0.08708205 -0.99620116 0
 outer loop
  vertex 136.76173 -1099.1426 35.324955
  vertex 135.92665 -1099.2156 37.324955
  vertex 135.92665 -1099.2156 35.324955
 endloop
endfacet
facet normal -0.08699371 -0.99620885 -0
 outer loop
  vertex 135.92665 -1099.2156 35.324955
  vertex 135.92665 -1099.2156 37.324955
  vertex 135.09071 -1099.1426 37.324955
 endloop
endfacet
facet normal -0.08699371 -0.99620885 0
 outer loop
  vertex 135.92665 -1099.2156 35.324955
  vertex 135.09071 -1099.1426 37.324955
  vertex 135.09071 -1099.1426 35.324955
 endloop
endfacet
facet normal -0.25899592 -0.9658784 -0
 outer loop
  vertex 135.09071 -1099.1426 35.324955
  vertex 135.09071 -1099.1426 37.324955
  vertex 134.28175 -1098.9257 37.324955
 endloop
endfacet
facet normal -0.25899592 -0.9658784 0
 outer loop
  vertex 135.09071 -1099.1426 35.324955
  vertex 134.28175 -1098.9257 37.324955
  vertex 134.28175 -1098.9257 35.324955
 endloop
endfacet
facet normal -0.42223176 -0.90648794 -0
 outer loop
  vertex 134.28175 -1098.9257 35.324955
  vertex 134.28175 -1098.9257 37.324955
  vertex 133.52174 -1098.5717 37.324955
 endloop
endfacet
facet normal -0.42223176 -0.90648794 0
 outer loop
  vertex 134.28175 -1098.9257 35.324955
  vertex 133.52174 -1098.5717 37.324955
  vertex 133.52174 -1098.5717 35.324955
 endloop
endfacet
facet normal -0.5735991 -0.8191362 -0
 outer loop
  vertex 133.52174 -1098.5717 35.324955
  vertex 133.52174 -1098.5717 37.324955
  vertex 132.83473 -1098.0906 37.324955
 endloop
endfacet
facet normal -0.5735991 -0.8191362 0
 outer loop
  vertex 133.52174 -1098.5717 35.324955
  vertex 132.83473 -1098.0906 37.324955
  vertex 132.83473 -1098.0906 35.324955
 endloop
endfacet
facet normal -0.707034 -0.70717955 -0
 outer loop
  vertex 132.83473 -1098.0906 35.324955
  vertex 132.83473 -1098.0906 37.324955
  vertex 132.24171 -1097.4977 37.324955
 endloop
endfacet
facet normal -0.707034 -0.70717955 0
 outer loop
  vertex 132.83473 -1098.0906 35.324955
  vertex 132.24171 -1097.4977 37.324955
  vertex 132.24171 -1097.4977 35.324955
 endloop
endfacet
facet normal -0.81920457 -0.5735014 -0
 outer loop
  vertex 132.24171 -1097.4977 35.324955
  vertex 132.24171 -1097.4977 37.324955
  vertex 131.76076 -1096.8107 37.324955
 endloop
endfacet
facet normal -0.81920457 -0.5735014 0
 outer loop
  vertex 132.24171 -1097.4977 35.324955
  vertex 131.76076 -1096.8107 37.324955
  vertex 131.76076 -1096.8107 35.324955
 endloop
endfacet
facet normal -0.90648794 -0.42223176 -0
 outer loop
  vertex 131.76076 -1096.8107 35.324955
  vertex 131.76076 -1096.8107 37.324955
  vertex 131.40675 -1096.0507 37.324955
 endloop
endfacet
facet normal -0.90648794 -0.42223176 0
 outer loop
  vertex 131.76076 -1096.8107 35.324955
  vertex 131.40675 -1096.0507 37.324955
  vertex 131.40675 -1096.0507 35.324955
 endloop
endfacet
facet normal -0.96592987 -0.258804 -0
 outer loop
  vertex 131.40675 -1096.0507 35.324955
  vertex 131.40675 -1096.0507 37.324955
  vertex 131.18971 -1095.2406 37.324955
 endloop
endfacet
facet normal -0.96592987 -0.258804 0
 outer loop
  vertex 131.40675 -1096.0507 35.324955
  vertex 131.18971 -1095.2406 37.324955
  vertex 131.18971 -1095.2406 35.324955
 endloop
endfacet
facet normal -0.9962 -0.08709468 -0
 outer loop
  vertex 131.18971 -1095.2406 35.324955
  vertex 131.18971 -1095.2406 37.324955
  vertex 131.11671 -1094.4056 37.324955
 endloop
endfacet
facet normal -0.9962 -0.08709468 0
 outer loop
  vertex 131.18971 -1095.2406 35.324955
  vertex 131.11671 -1094.4056 37.324955
  vertex 131.11671 -1094.4056 35.324955
 endloop
endfacet
facet normal -0.9962 0.08709468 0
 outer loop
  vertex 131.11671 -1094.4056 35.324955
  vertex 131.11671 -1094.4056 37.324955
  vertex 131.18971 -1093.5707 37.324955
 endloop
endfacet
facet normal -0.9962 0.08709468 0
 outer loop
  vertex 131.11671 -1094.4056 35.324955
  vertex 131.18971 -1093.5707 37.324955
  vertex 131.18971 -1093.5707 35.324955
 endloop
endfacet
facet normal -0.96592987 0.258804 0
 outer loop
  vertex 131.18971 -1093.5707 35.324955
  vertex 131.18971 -1093.5707 37.324955
  vertex 131.40675 -1092.7606 37.324955
 endloop
endfacet
facet normal -0.96592987 0.258804 0
 outer loop
  vertex 131.18971 -1093.5707 35.324955
  vertex 131.40675 -1092.7606 37.324955
  vertex 131.40675 -1092.7606 35.324955
 endloop
endfacet
facet normal -0.90648794 0.42223176 0
 outer loop
  vertex 131.40675 -1092.7606 35.324955
  vertex 131.40675 -1092.7606 37.324955
  vertex 131.76076 -1092.0006 37.324955
 endloop
endfacet
facet normal -0.90648794 0.42223176 0
 outer loop
  vertex 131.40675 -1092.7606 35.324955
  vertex 131.76076 -1092.0006 37.324955
  vertex 131.76076 -1092.0006 35.324955
 endloop
endfacet
facet normal -0.81920457 0.5735014 0
 outer loop
  vertex 131.76076 -1092.0006 35.324955
  vertex 131.76076 -1092.0006 37.324955
  vertex 132.24171 -1091.3136 37.324955
 endloop
endfacet
facet normal -0.81920457 0.5735014 0
 outer loop
  vertex 131.76076 -1092.0006 35.324955
  vertex 132.24171 -1091.3136 37.324955
  vertex 132.24171 -1091.3136 35.324955
 endloop
endfacet
facet normal -0.70710677 0.70710677 0
 outer loop
  vertex 132.24171 -1091.3136 35.324955
  vertex 132.24171 -1091.3136 37.324955
  vertex 132.83473 -1090.7206 37.324955
 endloop
endfacet
facet normal -0.70710677 0.70710677 0
 outer loop
  vertex 132.24171 -1091.3136 35.324955
  vertex 132.83473 -1090.7206 37.324955
  vertex 132.83473 -1090.7206 35.324955
 endloop
endfacet
facet normal -0.5735014 0.81920457 0
 outer loop
  vertex 132.83473 -1090.7206 35.324955
  vertex 132.83473 -1090.7206 37.324955
  vertex 133.52174 -1090.2396 37.324955
 endloop
endfacet
facet normal -0.5735014 0.81920457 0
 outer loop
  vertex 132.83473 -1090.7206 35.324955
  vertex 133.52174 -1090.2396 37.324955
  vertex 133.52174 -1090.2396 35.324955
 endloop
endfacet
facet normal -0.42223176 0.90648794 0
 outer loop
  vertex 133.52174 -1090.2396 35.324955
  vertex 133.52174 -1090.2396 37.324955
  vertex 134.28175 -1089.8856 37.324955
 endloop
endfacet
facet normal -0.42223176 0.90648794 0
 outer loop
  vertex 133.52174 -1090.2396 35.324955
  vertex 134.28175 -1089.8856 37.324955
  vertex 134.28175 -1089.8856 35.324955
 endloop
endfacet
facet normal -0.25913188 0.96584195 0
 outer loop
  vertex 134.28175 -1089.8856 35.324955
  vertex 134.28175 -1089.8856 37.324955
  vertex 135.09071 -1089.6686 37.324955
 endloop
endfacet
facet normal -0.25913188 0.96584195 0
 outer loop
  vertex 134.28175 -1089.8856 35.324955
  vertex 135.09071 -1089.6686 37.324955
  vertex 135.09071 -1089.6686 35.324955
 endloop
endfacet
facet normal -0.08699371 0.99620885 0
 outer loop
  vertex 135.09071 -1089.6686 35.324955
  vertex 135.09071 -1089.6686 37.324955
  vertex 135.92665 -1089.5956 37.324955
 endloop
endfacet
facet normal -0.08699371 0.99620885 0
 outer loop
  vertex 135.09071 -1089.6686 35.324955
  vertex 135.92665 -1089.5956 37.324955
  vertex 135.92665 -1089.5956 35.324955
 endloop
endfacet
facet normal 0.08708205 0.99620116 0
 outer loop
  vertex 135.92665 -1089.5956 35.324955
  vertex 135.92665 -1089.5956 37.324955
  vertex 136.76173 -1089.6686 37.324955
 endloop
endfacet
facet normal 0.08708205 0.99620116 -0
 outer loop
  vertex 135.92665 -1089.5956 35.324955
  vertex 136.76173 -1089.6686 37.324955
  vertex 136.76173 -1089.6686 35.324955
 endloop
endfacet
facet normal 0.25884038 0.9659201 0
 outer loop
  vertex 136.76173 -1089.6686 35.324955
  vertex 136.76173 -1089.6686 37.324955
  vertex 137.57167 -1089.8856 37.324955
 endloop
endfacet
facet normal 0.25884038 0.9659201 -0
 outer loop
  vertex 136.76173 -1089.6686 35.324955
  vertex 137.57167 -1089.8856 37.324955
  vertex 137.57167 -1089.8856 35.324955
 endloop
endfacet
facet normal 0.42223176 0.90648794 0
 outer loop
  vertex 137.57167 -1089.8856 35.324955
  vertex 137.57167 -1089.8856 37.324955
  vertex 138.33168 -1090.2396 37.324955
 endloop
endfacet
facet normal 0.42223176 0.90648794 -0
 outer loop
  vertex 137.57167 -1089.8856 35.324955
  vertex 138.33168 -1090.2396 37.324955
  vertex 138.33168 -1090.2396 35.324955
 endloop
endfacet
facet normal 0.5735014 0.81920457 0
 outer loop
  vertex 138.33168 -1090.2396 35.324955
  vertex 138.33168 -1090.2396 37.324955
  vertex 139.01869 -1090.7206 37.324955
 endloop
endfacet
facet normal 0.5735014 0.81920457 -0
 outer loop
  vertex 138.33168 -1090.2396 35.324955
  vertex 139.01869 -1090.7206 37.324955
  vertex 139.01869 -1090.7206 35.324955
 endloop
endfacet
facet normal 0.7076893 0.70652384 0
 outer loop
  vertex 139.01869 -1090.7206 35.324955
  vertex 139.01869 -1090.7206 37.324955
  vertex 139.61073 -1091.3136 37.324955
 endloop
endfacet
facet normal 0.7076893 0.70652384 -0
 outer loop
  vertex 139.01869 -1090.7206 35.324955
  vertex 139.61073 -1091.3136 37.324955
  vertex 139.61073 -1091.3136 35.324955
 endloop
endfacet
facet normal 0.81920457 0.5735014 0
 outer loop
  vertex 139.61073 -1091.3136 35.324955
  vertex 139.61073 -1091.3136 37.324955
  vertex 140.09169 -1092.0006 37.324955
 endloop
endfacet
facet normal 0.81920457 0.5735014 -0
 outer loop
  vertex 139.61073 -1091.3136 35.324955
  vertex 140.09169 -1092.0006 37.324955
  vertex 140.09169 -1092.0006 35.324955
 endloop
endfacet
facet normal 0.9060418 0.42318818 0
 outer loop
  vertex 140.09169 -1092.0006 35.324955
  vertex 140.09169 -1092.0006 37.324955
  vertex 140.44667 -1092.7606 37.324955
 endloop
endfacet
facet normal 0.9060418 0.42318818 -0
 outer loop
  vertex 140.09169 -1092.0006 35.324955
  vertex 140.44667 -1092.7606 37.324955
  vertex 140.44667 -1092.7606 35.324955
 endloop
endfacet
facet normal 0.96592987 0.258804 0
 outer loop
  vertex 140.44667 -1092.7606 35.324955
  vertex 140.44667 -1092.7606 37.324955
  vertex 140.66371 -1093.5707 37.324955
 endloop
endfacet
facet normal 0.96592987 0.258804 -0
 outer loop
  vertex 140.44667 -1092.7606 35.324955
  vertex 140.66371 -1093.5707 37.324955
  vertex 140.66371 -1093.5707 35.324955
 endloop
endfacet
facet normal 0.9962 0.08709468 0
 outer loop
  vertex 140.66371 -1093.5707 35.324955
  vertex 140.66371 -1093.5707 37.324955
  vertex 140.73671 -1094.4056 37.324955
 endloop
endfacet
facet normal 0.9962 0.08709468 -0
 outer loop
  vertex 140.66371 -1093.5707 35.324955
  vertex 140.73671 -1094.4056 37.324955
  vertex 140.73671 -1094.4056 35.324955
 endloop
endfacet
facet normal 0.9962 -0.08709468 0
 outer loop
  vertex 140.73671 -1094.4056 35.324955
  vertex 140.73671 -1094.4056 37.324955
  vertex 140.66371 -1095.2406 37.324955
 endloop
endfacet
facet normal 0.9962 -0.08709468 0
 outer loop
  vertex 127.136734 -1094.4056 35.32495
  vertex 127.063736 -1095.2406 37.32495
  vertex 127.063736 -1095.2406 35.32495
 endloop
endfacet
facet normal 0.96592987 -0.258804 0
 outer loop
  vertex 127.063736 -1095.2406 35.32495
  vertex 127.063736 -1095.2406 37.32495
  vertex 126.846695 -1096.0507 37.32495
 endloop
endfacet
facet normal 0.96592987 -0.258804 0
 outer loop
  vertex 127.063736 -1095.2406 35.32495
  vertex 126.846695 -1096.0507 37.32495
  vertex 126.846695 -1096.0507 35.32495
 endloop
endfacet
facet normal 0.9060418 -0.42318818 0
 outer loop
  vertex 126.846695 -1096.0507 35.32495
  vertex 126.846695 -1096.0507 37.32495
  vertex 126.491714 -1096.8107 37.32495
 endloop
endfacet
facet normal 0.9060418 -0.42318818 0
 outer loop
  vertex 126.846695 -1096.0507 35.32495
  vertex 126.491714 -1096.8107 37.32495
  vertex 126.491714 -1096.8107 35.32495
 endloop
endfacet
facet normal 0.8192003 -0.57350755 0
 outer loop
  vertex 126.491714 -1096.8107 35.32495
  vertex 126.491714 -1096.8107 37.32495
  vertex 126.01075 -1097.4977 37.32495
 endloop
endfacet
facet normal 0.81920457 -0.5735014 3.1250174e-06
 outer loop
  vertex 126.491714 -1096.8107 35.32495
  vertex 126.01075 -1097.4977 37.32495
  vertex 126.01076 -1097.4977 35.32495
 endloop
endfacet
facet normal 0.7076165 -0.7065967 2.6993428e-06
 outer loop
  vertex 126.01076 -1097.4977 35.32495
  vertex 126.01075 -1097.4977 37.32495
  vertex 125.41871 -1098.0906 37.32495
 endloop
endfacet
facet normal 0.7076165 -0.7065967 2.6993428e-06
 outer loop
  vertex 126.01076 -1097.4977 35.32495
  vertex 125.41871 -1098.0906 37.32495
  vertex 125.41872 -1098.0906 35.32495
 endloop
endfacet
facet normal 0.5735991 -0.8191362 2.188107e-06
 outer loop
  vertex 125.41872 -1098.0906 35.32495
  vertex 125.41871 -1098.0906 37.32495
  vertex 124.7317 -1098.5717 37.32495
 endloop
endfacet
facet normal 0.5735991 -0.8191362 2.188107e-06
 outer loop
  vertex 125.41872 -1098.0906 35.32495
  vertex 124.7317 -1098.5717 37.32495
  vertex 124.731705 -1098.5717 35.32495
 endloop
endfacet
facet normal 0.42223176 -0.90648794 1.6106864e-06
 outer loop
  vertex 124.731705 -1098.5717 35.32495
  vertex 124.7317 -1098.5717 37.32495
  vertex 123.97169 -1098.9257 37.32495
 endloop
endfacet
facet normal 0.42223176 -0.90648794 1.6106864e-06
 outer loop
  vertex 124.731705 -1098.5717 35.32495
  vertex 123.97169 -1098.9257 37.32495
  vertex 123.971695 -1098.9257 35.32495
 endloop
endfacet
facet normal 0.25870454 -0.9659565 9.868795e-07
 outer loop
  vertex 123.971695 -1098.9257 35.32495
  vertex 123.97169 -1098.9257 37.32495
  vertex 123.16175 -1099.1426 37.32495
 endloop
endfacet
facet normal 0.25870454 -0.9659565 9.868795e-07
 outer loop
  vertex 123.971695 -1098.9257 35.32495
  vertex 123.16175 -1099.1426 37.32495
  vertex 123.16176 -1099.1426 35.32495
 endloop
endfacet
facet normal 0.08708205 -0.99620116 3.3219166e-07
 outer loop
  vertex 123.16176 -1099.1426 35.32495
  vertex 123.16175 -1099.1426 37.32495
  vertex 122.32667 -1099.2156 37.32495
 endloop
endfacet
facet normal 0.08708125 -0.9962012 0
 outer loop
  vertex 123.16176 -1099.1426 35.32495
  vertex 122.32667 -1099.2156 37.32495
  vertex 122.32667 -1099.2156 35.32495
 endloop
endfacet
facet normal -0.08699371 -0.99620885 -0
 outer loop
  vertex 122.32667 -1099.2156 35.32495
  vertex 122.32667 -1099.2156 37.32495
  vertex 121.49073 -1099.1426 37.32495
 endloop
endfacet
facet normal -0.0869945 -0.99620885 -3.3185768e-07
 outer loop
  vertex 122.32667 -1099.2156 35.32495
  vertex 121.49073 -1099.1426 37.32495
  vertex 121.49074 -1099.1426 35.32495
 endloop
endfacet
facet normal -0.25895947 -0.9658882 -9.87852e-07
 outer loop
  vertex 121.49074 -1099.1426 35.32495
  vertex 121.49073 -1099.1426 37.32495
  vertex 120.68165 -1098.9257 37.32495
 endloop
endfacet
facet normal -0.25895947 -0.9658882 -9.87852e-07
 outer loop
  vertex 121.49074 -1099.1426 35.32495
  vertex 120.68165 -1098.9257 37.32495
  vertex 120.681656 -1098.9257 35.32495
 endloop
endfacet
facet normal -0.42223176 -0.90648794 -1.6106864e-06
 outer loop
  vertex 120.681656 -1098.9257 35.32495
  vertex 120.68165 -1098.9257 37.32495
  vertex 119.92164 -1098.5717 37.32495
 endloop
endfacet
facet normal -0.42223176 -0.90648794 -1.6106864e-06
 outer loop
  vertex 120.681656 -1098.9257 35.32495
  vertex 119.92164 -1098.5717 37.32495
  vertex 119.921646 -1098.5717 35.32495
 endloop
endfacet
facet normal -0.5736675 -0.81908834 -2.188368e-06
 outer loop
  vertex 119.921646 -1098.5717 35.32495
  vertex 119.92164 -1098.5717 37.32495
  vertex 119.23475 -1098.0906 37.32495
 endloop
endfacet
facet normal -0.5736675 -0.81908834 -2.188368e-06
 outer loop
  vertex 119.921646 -1098.5717 35.32495
  vertex 119.23475 -1098.0906 37.32495
  vertex 119.23476 -1098.0906 35.32495
 endloop
endfacet
facet normal -0.707034 -0.70717955 -2.6971206e-06
 outer loop
  vertex 119.23476 -1098.0906 35.32495
  vertex 119.23475 -1098.0906 37.32495
  vertex 118.64173 -1097.4977 37.32495
 endloop
endfacet
facet normal -0.707034 -0.70717955 -2.6971206e-06
 outer loop
  vertex 119.23476 -1098.0906 35.32495
  vertex 118.64173 -1097.4977 37.32495
  vertex 118.64174 -1097.4977 35.32495
 endloop
endfacet
facet normal -0.81914043 -0.57359296 -3.1247728e-06
 outer loop
  vertex 118.64174 -1097.4977 35.32495
  vertex 118.64173 -1097.4977 37.32495
  vertex 118.16066 -1096.8107 37.32495
 endloop
endfacet
facet normal -0.8191362 -0.5735991 0
 outer loop
  vertex 118.64174 -1097.4977 35.32495
  vertex 118.16066 -1096.8107 37.32495
  vertex 118.16066 -1096.8107 35.32495
 endloop
endfacet
facet normal -0.90648794 -0.42223176 -0
 outer loop
  vertex 118.16066 -1096.8107 35.32495
  vertex 118.16066 -1096.8107 37.32495
  vertex 117.806656 -1096.0507 37.32495
 endloop
endfacet
facet normal -0.90648794 -0.42223176 0
 outer loop
  vertex 118.16066 -1096.8107 35.32495
  vertex 117.806656 -1096.0507 37.32495
  vertex 117.806656 -1096.0507 35.32495
 endloop
endfacet
facet normal -0.9659663 -0.25866818 -0
 outer loop
  vertex 117.806656 -1096.0507 35.32495
  vertex 117.806656 -1096.0507 37.32495
  vertex 117.58974 -1095.2406 37.32495
 endloop
endfacet
facet normal -0.9659663 -0.25866818 0
 outer loop
  vertex 117.806656 -1096.0507 35.32495
  vertex 117.58974 -1095.2406 37.32495
  vertex 117.58974 -1095.2406 35.32495
 endloop
endfacet
facet normal -0.9962 -0.08709468 -0
 outer loop
  vertex 117.58974 -1095.2406 35.32495
  vertex 117.58974 -1095.2406 37.32495
  vertex 117.51674 -1094.4056 37.32495
 endloop
endfacet
facet normal -0.9962 -0.08709468 0
 outer loop
  vertex 117.58974 -1095.2406 35.32495
  vertex 117.51674 -1094.4056 37.32495
  vertex 117.51674 -1094.4056 35.32495
 endloop
endfacet
facet normal -0.9962 0.08709468 0
 outer loop
  vertex 117.51674 -1094.4056 35.32495
  vertex 117.51674 -1094.4056 37.32495
  vertex 117.58974 -1093.5707 37.32495
 endloop
endfacet
facet normal -0.9962 0.08709468 0
 outer loop
  vertex 117.51674 -1094.4056 35.32495
  vertex 117.58974 -1093.5707 37.32495
  vertex 117.58974 -1093.5707 35.32495
 endloop
endfacet
facet normal -0.9659663 0.25866818 0
 outer loop
  vertex 117.58974 -1093.5707 35.32495
  vertex 117.58974 -1093.5707 37.32495
  vertex 117.806656 -1092.7606 37.32495
 endloop
endfacet
facet normal -0.9659663 0.25866818 0
 outer loop
  vertex 117.58974 -1093.5707 35.32495
  vertex 117.806656 -1092.7606 37.32495
  vertex 117.806656 -1092.7606 35.32495
 endloop
endfacet
facet normal -0.90648794 0.42223176 0
 outer loop
  vertex 117.806656 -1092.7606 35.32495
  vertex 117.806656 -1092.7606 37.32495
  vertex 118.16066 -1092.0006 37.32495
 endloop
endfacet
facet normal -0.90648794 0.42223176 0
 outer loop
  vertex 117.806656 -1092.7606 35.32495
  vertex 118.16066 -1092.0006 37.32495
  vertex 118.16066 -1092.0006 35.32495
 endloop
endfacet
facet normal -0.8191362 0.5735991 0
 outer loop
  vertex 118.16066 -1092.0006 35.32495
  vertex 118.16066 -1092.0006 37.32495
  vertex 118.64174 -1091.3136 37.32495
 endloop
endfacet
facet normal -0.8191362 0.5735991 0
 outer loop
  vertex 118.16066 -1092.0006 35.32495
  vertex 118.64174 -1091.3136 37.32495
  vertex 118.64174 -1091.3136 35.32495
 endloop
endfacet
facet normal -0.70710677 0.70710677 0
 outer loop
  vertex 118.64174 -1091.3136 35.32495
  vertex 118.64174 -1091.3136 37.32495
  vertex 119.23476 -1090.7206 37.32495
 endloop
endfacet
facet normal -0.70710677 0.70710677 0
 outer loop
  vertex 118.64174 -1091.3136 35.32495
  vertex 119.23476 -1090.7206 37.32495
  vertex 119.23476 -1090.7206 35.32495
 endloop
endfacet
facet normal -0.57356983 0.8191567 0
 outer loop
  vertex 119.23476 -1090.7206 35.32495
  vertex 119.23476 -1090.7206 37.32495
  vertex 119.921646 -1090.2396 37.32495
 endloop
endfacet
facet normal -0.57356983 0.8191567 0
 outer loop
  vertex 119.23476 -1090.7206 35.32495
  vertex 119.921646 -1090.2396 37.32495
  vertex 119.921646 -1090.2396 35.32495
 endloop
endfacet
facet normal -0.42223176 0.90648794 0
 outer loop
  vertex 119.921646 -1090.2396 35.32495
  vertex 119.921646 -1090.2396 37.32495
  vertex 120.681656 -1089.8856 37.32495
 endloop
endfacet
facet normal -0.42223176 0.90648794 0
 outer loop
  vertex 119.921646 -1090.2396 35.32495
  vertex 120.681656 -1089.8856 37.32495
  vertex 120.681656 -1089.8856 35.32495
 endloop
endfacet
facet normal -0.2590954 0.9658517 0
 outer loop
  vertex 120.681656 -1089.8856 35.32495
  vertex 120.681656 -1089.8856 37.32495
  vertex 121.49074 -1089.6686 37.32495
 endloop
endfacet
facet normal -0.2590954 0.9658517 0
 outer loop
  vertex 120.681656 -1089.8856 35.32495
  vertex 121.49074 -1089.6686 37.32495
  vertex 121.49074 -1089.6686 35.32495
 endloop
endfacet
facet normal -0.08699371 0.99620885 0
 outer loop
  vertex 121.49074 -1089.6686 35.32495
  vertex 121.49074 -1089.6686 37.32495
  vertex 122.326675 -1089.5956 37.32495
 endloop
endfacet
facet normal -0.08699371 0.99620885 0
 outer loop
  vertex 121.49074 -1089.6686 35.32495
  vertex 122.326675 -1089.5956 37.32495
  vertex 122.326675 -1089.5956 35.32495
 endloop
endfacet
facet normal 0.08708205 0.99620116 0
 outer loop
  vertex 122.326675 -1089.5956 35.32495
  vertex 122.326675 -1089.5956 37.32495
  vertex 123.16176 -1089.6686 37.32495
 endloop
endfacet
facet normal 0.08708205 0.99620116 -0
 outer loop
  vertex 122.326675 -1089.5956 35.32495
  vertex 123.16176 -1089.6686 37.32495
  vertex 123.16176 -1089.6686 35.32495
 endloop
endfacet
facet normal 0.25884038 0.9659201 0
 outer loop
  vertex 123.16176 -1089.6686 35.32495
  vertex 123.16176 -1089.6686 37.32495
  vertex 123.971695 -1089.8856 37.32495
 endloop
endfacet
facet normal 0.25884038 0.9659201 -0
 outer loop
  vertex 123.16176 -1089.6686 35.32495
  vertex 123.971695 -1089.8856 37.32495
  vertex 123.971695 -1089.8856 35.32495
 endloop
endfacet
facet normal 0.42223176 0.90648794 0
 outer loop
  vertex 123.971695 -1089.8856 35.32495
  vertex 123.971695 -1089.8856 37.32495
  vertex 124.731705 -1090.2396 37.32495
 endloop
endfacet
facet normal 0.42223176 0.90648794 -0
 outer loop
  vertex 123.971695 -1089.8856 35.32495
  vertex 124.731705 -1090.2396 37.32495
  vertex 124.731705 -1090.2396 35.32495
 endloop
endfacet
facet normal 0.5735014 0.81920457 0
 outer loop
  vertex 124.731705 -1090.2396 35.32495
  vertex 124.731705 -1090.2396 37.32495
  vertex 125.41872 -1090.7206 37.32495
 endloop
endfacet
facet normal 0.5735014 0.81920457 -0
 outer loop
  vertex 124.731705 -1090.2396 35.32495
  vertex 125.41872 -1090.7206 37.32495
  vertex 125.41872 -1090.7206 35.32495
 endloop
endfacet
facet normal 0.7076893 0.70652384 0
 outer loop
  vertex 125.41872 -1090.7206 35.32495
  vertex 125.41872 -1090.7206 37.32495
  vertex 126.01076 -1091.3136 37.32495
 endloop
endfacet
facet normal 0.7076893 0.70652384 -0
 outer loop
  vertex 125.41872 -1090.7206 35.32495
  vertex 126.01076 -1091.3136 37.32495
  vertex 126.01076 -1091.3136 35.32495
 endloop
endfacet
facet normal 0.81920457 0.5735014 0
 outer loop
  vertex 126.01076 -1091.3136 35.32495
  vertex 126.01076 -1091.3136 37.32495
  vertex 126.491714 -1092.0006 37.32495
 endloop
endfacet
facet normal 0.81920457 0.5735014 -0
 outer loop
  vertex 126.01076 -1091.3136 35.32495
  vertex 126.491714 -1092.0006 37.32495
  vertex 126.491714 -1092.0006 35.32495
 endloop
endfacet
facet normal 0.9060418 0.42318818 0
 outer loop
  vertex 126.491714 -1092.0006 35.32495
  vertex 126.491714 -1092.0006 37.32495
  vertex 126.846695 -1092.7606 37.32495
 endloop
endfacet
facet normal 0.9060418 0.42318818 -0
 outer loop
  vertex 126.491714 -1092.0006 35.32495
  vertex 126.846695 -1092.7606 37.32495
  vertex 126.846695 -1092.7606 35.32495
 endloop
endfacet
facet normal 0.96592987 0.258804 0
 outer loop
  vertex 126.846695 -1092.7606 35.32495
  vertex 126.846695 -1092.7606 37.32495
  vertex 127.063736 -1093.5707 37.32495
 endloop
endfacet
facet normal 0.96592987 0.258804 -0
 outer loop
  vertex 126.846695 -1092.7606 35.32495
  vertex 127.063736 -1093.5707 37.32495
  vertex 127.063736 -1093.5707 35.32495
 endloop
endfacet
facet normal 0.9962 0.08709468 0
 outer loop
  vertex 127.063736 -1093.5707 35.32495
  vertex 127.063736 -1093.5707 37.32495
  vertex 127.136734 -1094.4056 37.32495
 endloop
endfacet
facet normal 0.9962 0.08709468 -0
 outer loop
  vertex 127.063736 -1093.5707 35.32495
  vertex 127.136734 -1094.4056 37.32495
  vertex 127.136734 -1094.4056 35.32495
 endloop
endfacet
facet normal 0.9962 -0.08709468 0
 outer loop
  vertex 127.136734 -1094.4056 35.32495
  vertex 127.136734 -1094.4056 37.32495
  vertex 127.063736 -1095.2406 37.32495
 endloop
endfacet
facet normal 0.9962 -0.08709468 0
 outer loop
  vertex 113.53676 -1094.4056 35.32495
  vertex 113.46376 -1095.2406 37.32495
  vertex 113.46376 -1095.2406 35.32495
 endloop
endfacet
facet normal 0.96592987 -0.258804 0
 outer loop
  vertex 113.46376 -1095.2406 35.32495
  vertex 113.46376 -1095.2406 37.32495
  vertex 113.24672 -1096.0507 37.32495
 endloop
endfacet
facet normal 0.96592987 -0.258804 0
 outer loop
  vertex 113.46376 -1095.2406 35.32495
  vertex 113.24672 -1096.0507 37.32495
  vertex 113.24672 -1096.0507 35.32495
 endloop
endfacet
facet normal 0.9060418 -0.42318818 0
 outer loop
  vertex 113.24672 -1096.0507 35.32495
  vertex 113.24672 -1096.0507 37.32495
  vertex 112.89174 -1096.8107 37.32495
 endloop
endfacet
facet normal 0.9060418 -0.42318818 0
 outer loop
  vertex 113.24672 -1096.0507 35.32495
  vertex 112.89174 -1096.8107 37.32495
  vertex 112.89174 -1096.8107 35.32495
 endloop
endfacet
facet normal 0.8191319 -0.5736052 0
 outer loop
  vertex 112.89174 -1096.8107 35.32495
  vertex 112.89174 -1096.8107 37.32495
  vertex 112.41065 -1097.4977 37.32495
 endloop
endfacet
facet normal 0.8191362 -0.5735991 3.1247566e-06
 outer loop
  vertex 112.89174 -1096.8107 35.32495
  vertex 112.41065 -1097.4977 37.32495
  vertex 112.41066 -1097.4977 35.32495
 endloop
endfacet
facet normal 0.70768934 -0.7065237 2.6996206e-06
 outer loop
  vertex 112.41066 -1097.4977 35.32495
  vertex 112.41065 -1097.4977 37.32495
  vertex 111.81873 -1098.0906 37.32495
 endloop
endfacet
facet normal 0.70768934 -0.7065237 2.6996206e-06
 outer loop
  vertex 112.41066 -1097.4977 35.32495
  vertex 111.81873 -1098.0906 37.32495
  vertex 111.81874 -1098.0906 35.32495
 endloop
endfacet
facet normal 0.5735991 -0.8191362 2.188107e-06
 outer loop
  vertex 111.81874 -1098.0906 35.32495
  vertex 111.81873 -1098.0906 37.32495
  vertex 111.13172 -1098.5717 37.32495
 endloop
endfacet
facet normal 0.5735991 -0.8191362 2.188107e-06
 outer loop
  vertex 111.81874 -1098.0906 35.32495
  vertex 111.13172 -1098.5717 37.32495
  vertex 111.13173 -1098.5717 35.32495
 endloop
endfacet
facet normal 0.42223176 -0.90648794 1.6106864e-06
 outer loop
  vertex 111.13173 -1098.5717 35.32495
  vertex 111.13172 -1098.5717 37.32495
  vertex 110.37171 -1098.9257 37.32495
 endloop
endfacet
facet normal 0.42223176 -0.90648794 1.6106864e-06
 outer loop
  vertex 111.13173 -1098.5717 35.32495
  vertex 110.37171 -1098.9257 37.32495
  vertex 110.37172 -1098.9257 35.32495
 endloop
endfacet
facet normal 0.25866818 -0.9659663 9.867408e-07
 outer loop
  vertex 110.37172 -1098.9257 35.32495
  vertex 110.37171 -1098.9257 37.32495
  vertex 109.56165 -1099.1426 37.32495
 endloop
endfacet
facet normal 0.25866818 -0.9659663 9.867408e-07
 outer loop
  vertex 110.37172 -1098.9257 35.32495
  vertex 109.56165 -1099.1426 37.32495
  vertex 109.56166 -1099.1426 35.32495
 endloop
endfacet
facet normal 0.08709468 -0.9962 3.3223984e-07
 outer loop
  vertex 109.56166 -1099.1426 35.32495
  vertex 109.56165 -1099.1426 37.32495
  vertex 108.72669 -1099.2156 37.32495
 endloop
endfacet
facet normal 0.08709389 -0.9962001 0
 outer loop
  vertex 109.56166 -1099.1426 35.32495
  vertex 108.72669 -1099.2156 37.32495
  vertex 108.72669 -1099.2156 35.32495
 endloop
endfacet
facet normal -0.08699371 -0.99620885 -0
 outer loop
  vertex 108.72669 -1099.2156 35.32495
  vertex 108.72669 -1099.2156 37.32495
  vertex 107.890755 -1099.1426 37.32495
 endloop
endfacet
facet normal -0.0869945 -0.99620885 -3.3185768e-07
 outer loop
  vertex 108.72669 -1099.2156 35.32495
  vertex 107.890755 -1099.1426 37.32495
  vertex 107.89076 -1099.1426 35.32495
 endloop
endfacet
facet normal -0.25895947 -0.9658882 -9.87852e-07
 outer loop
  vertex 107.89076 -1099.1426 35.32495
  vertex 107.890755 -1099.1426 37.32495
  vertex 107.08167 -1098.9257 37.32495
 endloop
endfacet
facet normal -0.25895947 -0.9658882 -9.87852e-07
 outer loop
  vertex 107.89076 -1099.1426 35.32495
  vertex 107.08167 -1098.9257 37.32495
  vertex 107.08168 -1098.9257 35.32495
 endloop
endfacet
facet normal -0.42223176 -0.90648794 -1.6106864e-06
 outer loop
  vertex 107.08168 -1098.9257 35.32495
  vertex 107.08167 -1098.9257 37.32495
  vertex 106.32166 -1098.5717 37.32495
 endloop
endfacet
facet normal -0.42223176 -0.90648794 -1.6106864e-06
 outer loop
  vertex 107.08168 -1098.9257 35.32495
  vertex 106.32166 -1098.5717 37.32495
  vertex 106.32167 -1098.5717 35.32495
 endloop
endfacet
facet normal -0.5735991 -0.8191362 -2.188107e-06
 outer loop
  vertex 106.32167 -1098.5717 35.32495
  vertex 106.32166 -1098.5717 37.32495
  vertex 105.63465 -1098.0906 37.32495
 endloop
endfacet
facet normal -0.5735991 -0.8191362 -2.188107e-06
 outer loop
  vertex 106.32167 -1098.5717 35.32495
  vertex 105.63465 -1098.0906 37.32495
  vertex 105.63466 -1098.0906 35.32495
 endloop
endfacet
facet normal -0.7071068 -0.7071068 -2.6973985e-06
 outer loop
  vertex 105.63466 -1098.0906 35.32495
  vertex 105.63465 -1098.0906 37.32495
  vertex 105.041756 -1097.4977 37.32495
 endloop
endfacet
facet normal -0.7071068 -0.7071068 -2.6973985e-06
 outer loop
  vertex 105.63466 -1098.0906 35.32495
  vertex 105.041756 -1097.4977 37.32495
  vertex 105.04176 -1097.4977 35.32495
 endloop
endfacet
facet normal -0.81914043 -0.57359296 -3.1247728e-06
 outer loop
  vertex 105.04176 -1097.4977 35.32495
  vertex 105.041756 -1097.4977 37.32495
  vertex 104.560684 -1096.8107 37.32495
 endloop
endfacet
facet normal -0.8191362 -0.5735991 0
 outer loop
  vertex 105.04176 -1097.4977 35.32495
  vertex 104.560684 -1096.8107 37.32495
  vertex 104.560684 -1096.8107 35.32495
 endloop
endfacet
facet normal -0.90648794 -0.42223176 -0
 outer loop
  vertex 104.560684 -1096.8107 35.32495
  vertex 104.560684 -1096.8107 37.32495
  vertex 104.20668 -1096.0507 37.32495
 endloop
endfacet
facet normal -0.90648794 -0.42223176 0
 outer loop
  vertex 104.560684 -1096.8107 35.32495
  vertex 104.20668 -1096.0507 37.32495
  vertex 104.20668 -1096.0507 35.32495
 endloop
endfacet
facet normal -0.9659663 -0.25866818 -0
 outer loop
  vertex 104.20668 -1096.0507 35.32495
  vertex 104.20668 -1096.0507 37.32495
  vertex 103.98976 -1095.2406 37.32495
 endloop
endfacet
facet normal -0.9659663 -0.25866818 0
 outer loop
  vertex 104.20668 -1096.0507 35.32495
  vertex 103.98976 -1095.2406 37.32495
  vertex 103.98976 -1095.2406 35.32495
 endloop
endfacet
facet normal -0.9962 -0.08709468 -0
 outer loop
  vertex 103.98976 -1095.2406 35.32495
  vertex 103.98976 -1095.2406 37.32495
  vertex 103.91676 -1094.4056 37.32495
 endloop
endfacet
facet normal -0.9962 -0.08709468 0
 outer loop
  vertex 103.98976 -1095.2406 35.32495
  vertex 103.91676 -1094.4056 37.32495
  vertex 103.91676 -1094.4056 35.32495
 endloop
endfacet
facet normal -0.9962 0.08709468 0
 outer loop
  vertex 103.91676 -1094.4056 35.32495
  vertex 103.91676 -1094.4056 37.32495
  vertex 103.98976 -1093.5707 37.32495
 endloop
endfacet
facet normal -0.9962 0.08709468 0
 outer loop
  vertex 103.91676 -1094.4056 35.32495
  vertex 103.98976 -1093.5707 37.32495
  vertex 103.98976 -1093.5707 35.32495
 endloop
endfacet
facet normal -0.9659663 0.25866818 0
 outer loop
  vertex 103.98976 -1093.5707 35.32495
  vertex 103.98976 -1093.5707 37.32495
  vertex 104.20668 -1092.7606 37.32495
 endloop
endfacet
facet normal -0.9659663 0.25866818 0
 outer loop
  vertex 103.98976 -1093.5707 35.32495
  vertex 104.20668 -1092.7606 37.32495
  vertex 104.20668 -1092.7606 35.32495
 endloop
endfacet
facet normal -0.90648794 0.42223176 0
 outer loop
  vertex 104.20668 -1092.7606 35.32495
  vertex 104.20668 -1092.7606 37.32495
  vertex 104.560684 -1092.0006 37.32495
 endloop
endfacet
facet normal -0.90648794 0.42223176 0
 outer loop
  vertex 104.20668 -1092.7606 35.32495
  vertex 104.560684 -1092.0006 37.32495
  vertex 104.560684 -1092.0006 35.32495
 endloop
endfacet
facet normal -0.8191362 0.5735991 0
 outer loop
  vertex 104.560684 -1092.0006 35.32495
  vertex 104.560684 -1092.0006 37.32495
  vertex 105.04176 -1091.3136 37.32495
 endloop
endfacet
facet normal -0.8191362 0.5735991 0
 outer loop
  vertex 104.560684 -1092.0006 35.32495
  vertex 105.04176 -1091.3136 37.32495
  vertex 105.04176 -1091.3136 35.32495
 endloop
endfacet
facet normal -0.70717955 0.707034 0
 outer loop
  vertex 105.04176 -1091.3136 35.32495
  vertex 105.04176 -1091.3136 37.32495
  vertex 105.63466 -1090.7206 37.32495
 endloop
endfacet
facet normal -0.70717955 0.707034 0
 outer loop
  vertex 105.04176 -1091.3136 35.32495
  vertex 105.63466 -1090.7206 37.32495
  vertex 105.63466 -1090.7206 35.32495
 endloop
endfacet
facet normal -0.5735014 0.81920457 0
 outer loop
  vertex 105.63466 -1090.7206 35.32495
  vertex 105.63466 -1090.7206 37.32495
  vertex 106.32167 -1090.2396 37.32495
 endloop
endfacet
facet normal -0.5735014 0.81920457 0
 outer loop
  vertex 105.63466 -1090.7206 35.32495
  vertex 106.32167 -1090.2396 37.32495
  vertex 106.32167 -1090.2396 35.32495
 endloop
endfacet
facet normal -0.42223176 0.90648794 0
 outer loop
  vertex 106.32167 -1090.2396 35.32495
  vertex 106.32167 -1090.2396 37.32495
  vertex 107.08168 -1089.8856 37.32495
 endloop
endfacet
facet normal -0.42223176 0.90648794 0
 outer loop
  vertex 106.32167 -1090.2396 35.32495
  vertex 107.08168 -1089.8856 37.32495
  vertex 107.08168 -1089.8856 35.32495
 endloop
endfacet
facet normal -0.2590954 0.9658517 0
 outer loop
  vertex 107.08168 -1089.8856 35.32495
  vertex 107.08168 -1089.8856 37.32495
  vertex 107.89076 -1089.6686 37.32495
 endloop
endfacet
facet normal -0.2590954 0.9658517 0
 outer loop
  vertex 107.08168 -1089.8856 35.32495
  vertex 107.89076 -1089.6686 37.32495
  vertex 107.89076 -1089.6686 35.32495
 endloop
endfacet
facet normal -0.08699371 0.99620885 0
 outer loop
  vertex 107.89076 -1089.6686 35.32495
  vertex 107.89076 -1089.6686 37.32495
  vertex 108.7267 -1089.5956 37.32495
 endloop
endfacet
facet normal -0.08699371 0.99620885 0
 outer loop
  vertex 107.89076 -1089.6686 35.32495
  vertex 108.7267 -1089.5956 37.32495
  vertex 108.7267 -1089.5956 35.32495
 endloop
endfacet
facet normal 0.08709468 0.9962 0
 outer loop
  vertex 108.7267 -1089.5956 35.32495
  vertex 108.7267 -1089.5956 37.32495
  vertex 109.56166 -1089.6686 37.32495
 endloop
endfacet
facet normal 0.08709468 0.9962 -0
 outer loop
  vertex 108.7267 -1089.5956 35.32495
  vertex 109.56166 -1089.6686 37.32495
  vertex 109.56166 -1089.6686 35.32495
 endloop
endfacet
facet normal 0.258804 0.96592987 0
 outer loop
  vertex 109.56166 -1089.6686 35.32495
  vertex 109.56166 -1089.6686 37.32495
  vertex 110.37172 -1089.8856 37.32495
 endloop
endfacet
facet normal 0.258804 0.96592987 -0
 outer loop
  vertex 109.56166 -1089.6686 35.32495
  vertex 110.37172 -1089.8856 37.32495
  vertex 110.37172 -1089.8856 35.32495
 endloop
endfacet
facet normal 0.42223176 0.90648794 0
 outer loop
  vertex 110.37172 -1089.8856 35.32495
  vertex 110.37172 -1089.8856 37.32495
  vertex 111.13173 -1090.2396 37.32495
 endloop
endfacet
facet normal 0.42223176 0.90648794 -0
 outer loop
  vertex 110.37172 -1089.8856 35.32495
  vertex 111.13173 -1090.2396 37.32495
  vertex 111.13173 -1090.2396 35.32495
 endloop
endfacet
facet normal 0.5735014 0.81920457 0
 outer loop
  vertex 111.13173 -1090.2396 35.32495
  vertex 111.13173 -1090.2396 37.32495
  vertex 111.81874 -1090.7206 37.32495
 endloop
endfacet
facet normal 0.5735014 0.81920457 -0
 outer loop
  vertex 111.13173 -1090.2396 35.32495
  vertex 111.81874 -1090.7206 37.32495
  vertex 111.81874 -1090.7206 35.32495
 endloop
endfacet
facet normal 0.7077621 0.7064509 0
 outer loop
  vertex 111.81874 -1090.7206 35.32495
  vertex 111.81874 -1090.7206 37.32495
  vertex 112.41066 -1091.3136 37.32495
 endloop
endfacet
facet normal 0.7077621 0.7064509 -0
 outer loop
  vertex 111.81874 -1090.7206 35.32495
  vertex 112.41066 -1091.3136 37.32495
  vertex 112.41066 -1091.3136 35.32495
 endloop
endfacet
facet normal 0.8191362 0.5735991 0
 outer loop
  vertex 112.41066 -1091.3136 35.32495
  vertex 112.41066 -1091.3136 37.32495
  vertex 112.89174 -1092.0006 37.32495
 endloop
endfacet
facet normal 0.8191362 0.5735991 -0
 outer loop
  vertex 112.41066 -1091.3136 35.32495
  vertex 112.89174 -1092.0006 37.32495
  vertex 112.89174 -1092.0006 35.32495
 endloop
endfacet
facet normal 0.9060418 0.42318818 0
 outer loop
  vertex 112.89174 -1092.0006 35.32495
  vertex 112.89174 -1092.0006 37.32495
  vertex 113.24672 -1092.7606 37.32495
 endloop
endfacet
facet normal 0.9060418 0.42318818 -0
 outer loop
  vertex 112.89174 -1092.0006 35.32495
  vertex 113.24672 -1092.7606 37.32495
  vertex 113.24672 -1092.7606 35.32495
 endloop
endfacet
facet normal 0.96592987 0.258804 0
 outer loop
  vertex 113.24672 -1092.7606 35.32495
  vertex 113.24672 -1092.7606 37.32495
  vertex 113.46376 -1093.5707 37.32495
 endloop
endfacet
facet normal 0.96592987 0.258804 -0
 outer loop
  vertex 113.24672 -1092.7606 35.32495
  vertex 113.46376 -1093.5707 37.32495
  vertex 113.46376 -1093.5707 35.32495
 endloop
endfacet
facet normal 0.9962 0.08709468 0
 outer loop
  vertex 113.46376 -1093.5707 35.32495
  vertex 113.46376 -1093.5707 37.32495
  vertex 113.53676 -1094.4056 37.32495
 endloop
endfacet
facet normal 0.9962 0.08709468 -0
 outer loop
  vertex 113.46376 -1093.5707 35.32495
  vertex 113.53676 -1094.4056 37.32495
  vertex 113.53676 -1094.4056 35.32495
 endloop
endfacet
facet normal 0.9962 -0.08709468 0
 outer loop
  vertex 113.53676 -1094.4056 35.32495
  vertex 113.53676 -1094.4056 37.32495
  vertex 113.46376 -1095.2406 37.32495
 endloop
endfacet
facet normal 0.9962 -0.08709468 0
 outer loop
  vertex 86.336685 -1094.4056 35.32495
  vertex 86.26369 -1095.2406 37.32495
  vertex 86.26369 -1095.2406 35.32495
 endloop
endfacet
facet normal 0.96592987 -0.258804 0
 outer loop
  vertex 86.26369 -1095.2406 35.32495
  vertex 86.26369 -1095.2406 37.32495
  vertex 86.046646 -1096.0507 37.32495
 endloop
endfacet
facet normal 0.96592987 -0.258804 0
 outer loop
  vertex 86.26369 -1095.2406 35.32495
  vertex 86.046646 -1096.0507 37.32495
  vertex 86.046646 -1096.0507 35.32495
 endloop
endfacet
facet normal 0.9060418 -0.42318818 0
 outer loop
  vertex 86.046646 -1096.0507 35.32495
  vertex 86.046646 -1096.0507 37.32495
  vertex 85.691666 -1096.8107 37.32495
 endloop
endfacet
facet normal 0.9060418 -0.42318818 0
 outer loop
  vertex 86.046646 -1096.0507 35.32495
  vertex 85.691666 -1096.8107 37.32495
  vertex 85.691666 -1096.8107 35.32495
 endloop
endfacet
facet normal 0.8192003 -0.57350755 0
 outer loop
  vertex 85.691666 -1096.8107 35.32495
  vertex 85.691666 -1096.8107 37.32495
  vertex 85.2107 -1097.4977 37.32495
 endloop
endfacet
facet normal 0.81920457 -0.5735014 3.1250174e-06
 outer loop
  vertex 85.691666 -1096.8107 35.32495
  vertex 85.2107 -1097.4977 37.32495
  vertex 85.21071 -1097.4977 35.32495
 endloop
endfacet
facet normal 0.7076165 -0.7065967 2.6993428e-06
 outer loop
  vertex 85.21071 -1097.4977 35.32495
  vertex 85.2107 -1097.4977 37.32495
  vertex 84.61866 -1098.0906 37.32495
 endloop
endfacet
facet normal 0.7076165 -0.7065967 2.6993428e-06
 outer loop
  vertex 85.21071 -1097.4977 35.32495
  vertex 84.61866 -1098.0906 37.32495
  vertex 84.61867 -1098.0906 35.32495
 endloop
endfacet
facet normal 0.5735991 -0.8191362 2.188107e-06
 outer loop
  vertex 84.61867 -1098.0906 35.32495
  vertex 84.61866 -1098.0906 37.32495
  vertex 83.93165 -1098.5717 37.32495
 endloop
endfacet
facet normal 0.5735991 -0.8191362 2.188107e-06
 outer loop
  vertex 84.61867 -1098.0906 35.32495
  vertex 83.93165 -1098.5717 37.32495
  vertex 83.931656 -1098.5717 35.32495
 endloop
endfacet
facet normal 0.42223176 -0.90648794 1.6106864e-06
 outer loop
  vertex 83.931656 -1098.5717 35.32495
  vertex 83.93165 -1098.5717 37.32495
  vertex 83.17164 -1098.9257 37.32495
 endloop
endfacet
facet normal 0.42223176 -0.90648794 1.6106864e-06
 outer loop
  vertex 83.931656 -1098.5717 35.32495
  vertex 83.17164 -1098.9257 37.32495
  vertex 83.171646 -1098.9257 35.32495
 endloop
endfacet
facet normal 0.25870454 -0.9659565 9.868795e-07
 outer loop
  vertex 83.171646 -1098.9257 35.32495
  vertex 83.17164 -1098.9257 37.32495
  vertex 82.3617 -1099.1426 37.32495
 endloop
endfacet
facet normal 0.25870454 -0.9659565 9.868795e-07
 outer loop
  vertex 83.171646 -1098.9257 35.32495
  vertex 82.3617 -1099.1426 37.32495
  vertex 82.36171 -1099.1426 35.32495
 endloop
endfacet
facet normal 0.08709468 -0.9962 3.3223984e-07
 outer loop
  vertex 82.36171 -1099.1426 35.32495
  vertex 82.3617 -1099.1426 37.32495
  vertex 81.52674 -1099.2156 37.32495
 endloop
endfacet
facet normal 0.08709389 -0.9962001 0
 outer loop
  vertex 82.36171 -1099.1426 35.32495
  vertex 81.52674 -1099.2156 37.32495
  vertex 81.52674 -1099.2156 35.32495
 endloop
endfacet
facet normal -0.0869811 -0.99621 -0
 outer loop
  vertex 81.52674 -1099.2156 35.32495
  vertex 81.52674 -1099.2156 37.32495
  vertex 80.69068 -1099.1426 37.32495
 endloop
endfacet
facet normal -0.086981885 -0.99620986 -3.3180956e-07
 outer loop
  vertex 81.52674 -1099.2156 35.32495
  vertex 80.69068 -1099.1426 37.32495
  vertex 80.69069 -1099.1426 35.32495
 endloop
endfacet
facet normal -0.25899592 -0.9658784 -9.87991e-07
 outer loop
  vertex 80.69069 -1099.1426 35.32495
  vertex 80.69068 -1099.1426 37.32495
  vertex 79.88172 -1098.9257 37.32495
 endloop
endfacet
facet normal -0.25899592 -0.9658784 -9.87991e-07
 outer loop
  vertex 80.69069 -1099.1426 35.32495
  vertex 79.88172 -1098.9257 37.32495
  vertex 79.88173 -1098.9257 35.32495
 endloop
endfacet
facet normal -0.42223176 -0.90648794 -1.6106864e-06
 outer loop
  vertex 79.88173 -1098.9257 35.32495
  vertex 79.88172 -1098.9257 37.32495
  vertex 79.12171 -1098.5717 37.32495
 endloop
endfacet
facet normal -0.42223176 -0.90648794 -1.6106864e-06
 outer loop
  vertex 79.88173 -1098.9257 35.32495
  vertex 79.12171 -1098.5717 37.32495
  vertex 79.12172 -1098.5717 35.32495
 endloop
endfacet
facet normal -0.5735991 -0.8191362 -2.188107e-06
 outer loop
  vertex 79.12172 -1098.5717 35.32495
  vertex 79.12171 -1098.5717 37.32495
  vertex 78.4347 -1098.0906 37.32495
 endloop
endfacet
facet normal -0.5735991 -0.8191362 -2.188107e-06
 outer loop
  vertex 79.12172 -1098.5717 35.32495
  vertex 78.4347 -1098.0906 37.32495
  vertex 78.43471 -1098.0906 35.32495
 endloop
endfacet
facet normal -0.707034 -0.70717955 -2.6971206e-06
 outer loop
  vertex 78.43471 -1098.0906 35.32495
  vertex 78.4347 -1098.0906 37.32495
  vertex 77.84168 -1097.4977 37.32495
 endloop
endfacet
facet normal -0.707034 -0.70717955 -2.6971206e-06
 outer loop
  vertex 78.43471 -1098.0906 35.32495
  vertex 77.84168 -1097.4977 37.32495
  vertex 77.84169 -1097.4977 35.32495
 endloop
endfacet
facet normal -0.81920886 -0.5734953 -3.1250338e-06
 outer loop
  vertex 77.84169 -1097.4977 35.32495
  vertex 77.84168 -1097.4977 37.32495
  vertex 77.36073 -1096.8107 37.32495
 endloop
endfacet
facet normal -0.81920457 -0.5735014 0
 outer loop
  vertex 77.84169 -1097.4977 35.32495
  vertex 77.36073 -1096.8107 37.32495
  vertex 77.36073 -1096.8107 35.32495
 endloop
endfacet
facet normal -0.90648794 -0.42223176 -0
 outer loop
  vertex 77.36073 -1096.8107 35.32495
  vertex 77.36073 -1096.8107 37.32495
  vertex 77.00673 -1096.0507 37.32495
 endloop
endfacet
facet normal -0.90648794 -0.42223176 0
 outer loop
  vertex 77.36073 -1096.8107 35.32495
  vertex 77.00673 -1096.0507 37.32495
  vertex 77.00673 -1096.0507 35.32495
 endloop
endfacet
facet normal -0.96592987 -0.258804 -0
 outer loop
  vertex 77.00673 -1096.0507 35.32495
  vertex 77.00673 -1096.0507 37.32495
  vertex 76.78969 -1095.2406 37.32495
 endloop
endfacet
facet normal -0.96592987 -0.258804 0
 outer loop
  vertex 77.00673 -1096.0507 35.32495
  vertex 76.78969 -1095.2406 37.32495
  vertex 76.78969 -1095.2406 35.32495
 endloop
endfacet
facet normal -0.9962 -0.08709468 -0
 outer loop
  vertex 76.78969 -1095.2406 35.32495
  vertex 76.78969 -1095.2406 37.32495
  vertex 76.71669 -1094.4056 37.32495
 endloop
endfacet
facet normal -0.9962 -0.08709468 0
 outer loop
  vertex 76.78969 -1095.2406 35.32495
  vertex 76.71669 -1094.4056 37.32495
  vertex 76.71669 -1094.4056 35.32495
 endloop
endfacet
facet normal -0.9962 0.08709468 0
 outer loop
  vertex 76.71669 -1094.4056 35.32495
  vertex 76.71669 -1094.4056 37.32495
  vertex 76.78969 -1093.5707 37.32495
 endloop
endfacet
facet normal -0.9962 0.08709468 0
 outer loop
  vertex 76.71669 -1094.4056 35.32495
  vertex 76.78969 -1093.5707 37.32495
  vertex 76.78969 -1093.5707 35.32495
 endloop
endfacet
facet normal -0.96592987 0.258804 0
 outer loop
  vertex 76.78969 -1093.5707 35.32495
  vertex 76.78969 -1093.5707 37.32495
  vertex 77.00673 -1092.7606 37.32495
 endloop
endfacet
facet normal -0.96592987 0.258804 0
 outer loop
  vertex 76.78969 -1093.5707 35.32495
  vertex 77.00673 -1092.7606 37.32495
  vertex 77.00673 -1092.7606 35.32495
 endloop
endfacet
facet normal -0.90648794 0.42223176 0
 outer loop
  vertex 77.00673 -1092.7606 35.32495
  vertex 77.00673 -1092.7606 37.32495
  vertex 77.36073 -1092.0006 37.32495
 endloop
endfacet
facet normal -0.90648794 0.42223176 0
 outer loop
  vertex 77.00673 -1092.7606 35.32495
  vertex 77.36073 -1092.0006 37.32495
  vertex 77.36073 -1092.0006 35.32495
 endloop
endfacet
facet normal -0.81920457 0.5735014 0
 outer loop
  vertex 77.36073 -1092.0006 35.32495
  vertex 77.36073 -1092.0006 37.32495
  vertex 77.84169 -1091.3136 37.32495
 endloop
endfacet
facet normal -0.81920457 0.5735014 0
 outer loop
  vertex 77.36073 -1092.0006 35.32495
  vertex 77.84169 -1091.3136 37.32495
  vertex 77.84169 -1091.3136 35.32495
 endloop
endfacet
facet normal -0.70710677 0.70710677 0
 outer loop
  vertex 77.84169 -1091.3136 35.32495
  vertex 77.84169 -1091.3136 37.32495
  vertex 78.43471 -1090.7206 37.32495
 endloop
endfacet
facet normal -0.70710677 0.70710677 0
 outer loop
  vertex 77.84169 -1091.3136 35.32495
  vertex 78.43471 -1090.7206 37.32495
  vertex 78.43471 -1090.7206 35.32495
 endloop
endfacet
facet normal -0.5735014 0.81920457 0
 outer loop
  vertex 78.43471 -1090.7206 35.32495
  vertex 78.43471 -1090.7206 37.32495
  vertex 79.12172 -1090.2396 37.32495
 endloop
endfacet
facet normal -0.5735014 0.81920457 0
 outer loop
  vertex 78.43471 -1090.7206 35.32495
  vertex 79.12172 -1090.2396 37.32495
  vertex 79.12172 -1090.2396 35.32495
 endloop
endfacet
facet normal -0.42223176 0.90648794 0
 outer loop
  vertex 79.12172 -1090.2396 35.32495
  vertex 79.12172 -1090.2396 37.32495
  vertex 79.88173 -1089.8856 37.32495
 endloop
endfacet
facet normal -0.42223176 0.90648794 0
 outer loop
  vertex 79.12172 -1090.2396 35.32495
  vertex 79.88173 -1089.8856 37.32495
  vertex 79.88173 -1089.8856 35.32495
 endloop
endfacet
facet normal -0.25913188 0.96584195 0
 outer loop
  vertex 79.88173 -1089.8856 35.32495
  vertex 79.88173 -1089.8856 37.32495
  vertex 80.69069 -1089.6686 37.32495
 endloop
endfacet
facet normal -0.25913188 0.96584195 0
 outer loop
  vertex 79.88173 -1089.8856 35.32495
  vertex 80.69069 -1089.6686 37.32495
  vertex 80.69069 -1089.6686 35.32495
 endloop
endfacet
facet normal -0.0869811 0.99621 0
 outer loop
  vertex 80.69069 -1089.6686 35.32495
  vertex 80.69069 -1089.6686 37.32495
  vertex 81.52675 -1089.5956 37.32495
 endloop
endfacet
facet normal -0.0869811 0.99621 0
 outer loop
  vertex 80.69069 -1089.6686 35.32495
  vertex 81.52675 -1089.5956 37.32495
  vertex 81.52675 -1089.5956 35.32495
 endloop
endfacet
facet normal 0.08709468 0.9962 0
 outer loop
  vertex 81.52675 -1089.5956 35.32495
  vertex 81.52675 -1089.5956 37.32495
  vertex 82.36171 -1089.6686 37.32495
 endloop
endfacet
facet normal 0.08709468 0.9962 -0
 outer loop
  vertex 81.52675 -1089.5956 35.32495
  vertex 82.36171 -1089.6686 37.32495
  vertex 82.36171 -1089.6686 35.32495
 endloop
endfacet
facet normal 0.25884038 0.9659201 0
 outer loop
  vertex 82.36171 -1089.6686 35.32495
  vertex 82.36171 -1089.6686 37.32495
  vertex 83.171646 -1089.8856 37.32495
 endloop
endfacet
facet normal 0.25884038 0.9659201 -0
 outer loop
  vertex 82.36171 -1089.6686 35.32495
  vertex 83.171646 -1089.8856 37.32495
  vertex 83.171646 -1089.8856 35.32495
 endloop
endfacet
facet normal 0.42223176 0.90648794 0
 outer loop
  vertex 83.171646 -1089.8856 35.32495
  vertex 83.171646 -1089.8856 37.32495
  vertex 83.931656 -1090.2396 37.32495
 endloop
endfacet
facet normal 0.42223176 0.90648794 -0
 outer loop
  vertex 83.171646 -1089.8856 35.32495
  vertex 83.931656 -1090.2396 37.32495
  vertex 83.931656 -1090.2396 35.32495
 endloop
endfacet
facet normal 0.5735014 0.81920457 0
 outer loop
  vertex 83.931656 -1090.2396 35.32495
  vertex 83.931656 -1090.2396 37.32495
  vertex 84.61867 -1090.7206 37.32495
 endloop
endfacet
facet normal 0.5735014 0.81920457 -0
 outer loop
  vertex 83.931656 -1090.2396 35.32495
  vertex 84.61867 -1090.7206 37.32495
  vertex 84.61867 -1090.7206 35.32495
 endloop
endfacet
facet normal 0.7076893 0.70652384 0
 outer loop
  vertex 84.61867 -1090.7206 35.32495
  vertex 84.61867 -1090.7206 37.32495
  vertex 85.21071 -1091.3136 37.32495
 endloop
endfacet
facet normal 0.7076893 0.70652384 -0
 outer loop
  vertex 84.61867 -1090.7206 35.32495
  vertex 85.21071 -1091.3136 37.32495
  vertex 85.21071 -1091.3136 35.32495
 endloop
endfacet
facet normal 0.81920457 0.5735014 0
 outer loop
  vertex 85.21071 -1091.3136 35.32495
  vertex 85.21071 -1091.3136 37.32495
  vertex 85.691666 -1092.0006 37.32495
 endloop
endfacet
facet normal 0.81920457 0.5735014 -0
 outer loop
  vertex 85.21071 -1091.3136 35.32495
  vertex 85.691666 -1092.0006 37.32495
  vertex 85.691666 -1092.0006 35.32495
 endloop
endfacet
facet normal 0.9060418 0.42318818 0
 outer loop
  vertex 85.691666 -1092.0006 35.32495
  vertex 85.691666 -1092.0006 37.32495
  vertex 86.046646 -1092.7606 37.32495
 endloop
endfacet
facet normal 0.9060418 0.42318818 -0
 outer loop
  vertex 85.691666 -1092.0006 35.32495
  vertex 86.046646 -1092.7606 37.32495
  vertex 86.046646 -1092.7606 35.32495
 endloop
endfacet
facet normal 0.96592987 0.258804 0
 outer loop
  vertex 86.046646 -1092.7606 35.32495
  vertex 86.046646 -1092.7606 37.32495
  vertex 86.26369 -1093.5707 37.32495
 endloop
endfacet
facet normal 0.96592987 0.258804 -0
 outer loop
  vertex 86.046646 -1092.7606 35.32495
  vertex 86.26369 -1093.5707 37.32495
  vertex 86.26369 -1093.5707 35.32495
 endloop
endfacet
facet normal 0.9962 0.08709468 0
 outer loop
  vertex 86.26369 -1093.5707 35.32495
  vertex 86.26369 -1093.5707 37.32495
  vertex 86.336685 -1094.4056 37.32495
 endloop
endfacet
facet normal 0.9962 0.08709468 -0
 outer loop
  vertex 86.26369 -1093.5707 35.32495
  vertex 86.336685 -1094.4056 37.32495
  vertex 86.336685 -1094.4056 35.32495
 endloop
endfacet
facet normal 0.9962 -0.08709468 0
 outer loop
  vertex 86.336685 -1094.4056 35.32495
  vertex 86.336685 -1094.4056 37.32495
  vertex 86.26369 -1095.2406 37.32495
 endloop
endfacet
facet normal 0.9962 -0.08709468 0
 outer loop
  vertex 99.93666 -1094.4056 35.32495
  vertex 99.86366 -1095.2406 37.32495
  vertex 99.86366 -1095.2406 35.32495
 endloop
endfacet
facet normal 0.9659663 -0.25866818 0
 outer loop
  vertex 99.86366 -1095.2406 35.32495
  vertex 99.86366 -1095.2406 37.32495
  vertex 99.64674 -1096.0507 37.32495
 endloop
endfacet
facet normal 0.9659663 -0.25866818 0
 outer loop
  vertex 99.86366 -1095.2406 35.32495
  vertex 99.64674 -1096.0507 37.32495
  vertex 99.64674 -1096.0507 35.32495
 endloop
endfacet
facet normal 0.9060418 -0.42318818 0
 outer loop
  vertex 99.64674 -1096.0507 35.32495
  vertex 99.64674 -1096.0507 37.32495
  vertex 99.29176 -1096.8107 37.32495
 endloop
endfacet
facet normal 0.9060418 -0.42318818 0
 outer loop
  vertex 99.64674 -1096.0507 35.32495
  vertex 99.29176 -1096.8107 37.32495
  vertex 99.29176 -1096.8107 35.32495
 endloop
endfacet
facet normal 0.8191319 -0.5736052 0
 outer loop
  vertex 99.29176 -1096.8107 35.32495
  vertex 99.29176 -1096.8107 37.32495
  vertex 98.81068 -1097.4977 37.32495
 endloop
endfacet
facet normal 0.8191362 -0.5735991 3.1247566e-06
 outer loop
  vertex 99.29176 -1096.8107 35.32495
  vertex 98.81068 -1097.4977 37.32495
  vertex 98.810684 -1097.4977 35.32495
 endloop
endfacet
facet normal 0.70768934 -0.7065237 2.6996206e-06
 outer loop
  vertex 98.810684 -1097.4977 35.32495
  vertex 98.81068 -1097.4977 37.32495
  vertex 98.21876 -1098.0906 37.32495
 endloop
endfacet
facet normal 0.70768934 -0.7065237 2.6996206e-06
 outer loop
  vertex 98.810684 -1097.4977 35.32495
  vertex 98.21876 -1098.0906 37.32495
  vertex 98.218765 -1098.0906 35.32495
 endloop
endfacet
facet normal 0.5735991 -0.8191362 2.188107e-06
 outer loop
  vertex 98.218765 -1098.0906 35.32495
  vertex 98.21876 -1098.0906 37.32495
  vertex 97.531746 -1098.5717 37.32495
 endloop
endfacet
facet normal 0.5735991 -0.8191362 2.188107e-06
 outer loop
  vertex 98.218765 -1098.0906 35.32495
  vertex 97.531746 -1098.5717 37.32495
  vertex 97.53175 -1098.5717 35.32495
 endloop
endfacet
facet normal 0.42223176 -0.90648794 1.6106864e-06
 outer loop
  vertex 97.53175 -1098.5717 35.32495
  vertex 97.531746 -1098.5717 37.32495
  vertex 96.771736 -1098.9257 37.32495
 endloop
endfacet
facet normal 0.42223176 -0.90648794 1.6106864e-06
 outer loop
  vertex 97.53175 -1098.5717 35.32495
  vertex 96.771736 -1098.9257 37.32495
  vertex 96.77174 -1098.9257 35.32495
 endloop
endfacet
facet normal 0.25866818 -0.9659663 9.867408e-07
 outer loop
  vertex 96.77174 -1098.9257 35.32495
  vertex 96.771736 -1098.9257 37.32495
  vertex 95.96168 -1099.1426 37.32495
 endloop
endfacet
facet normal 0.25866818 -0.9659663 9.867408e-07
 outer loop
  vertex 96.77174 -1098.9257 35.32495
  vertex 95.96168 -1099.1426 37.32495
  vertex 95.961685 -1099.1426 35.32495
 endloop
endfacet
facet normal 0.08709468 -0.9962 3.3223984e-07
 outer loop
  vertex 95.961685 -1099.1426 35.32495
  vertex 95.96168 -1099.1426 37.32495
  vertex 95.12672 -1099.2156 37.32495
 endloop
endfacet
facet normal 0.08709389 -0.9962001 0
 outer loop
  vertex 95.961685 -1099.1426 35.32495
  vertex 95.12672 -1099.2156 37.32495
  vertex 95.12672 -1099.2156 35.32495
 endloop
endfacet
facet normal -0.0869811 -0.99621 -0
 outer loop
  vertex 95.12672 -1099.2156 35.32495
  vertex 95.12672 -1099.2156 37.32495
  vertex 94.29066 -1099.1426 37.32495
 endloop
endfacet
facet normal -0.086981885 -0.99620986 -3.3180956e-07
 outer loop
  vertex 95.12672 -1099.2156 35.32495
  vertex 94.29066 -1099.1426 37.32495
  vertex 94.290665 -1099.1426 35.32495
 endloop
endfacet
facet normal -0.25899592 -0.9658784 -9.87991e-07
 outer loop
  vertex 94.290665 -1099.1426 35.32495
  vertex 94.29066 -1099.1426 37.32495
  vertex 93.4817 -1098.9257 37.32495
 endloop
endfacet
facet normal -0.25899592 -0.9658784 -9.87991e-07
 outer loop
  vertex 94.290665 -1099.1426 35.32495
  vertex 93.4817 -1098.9257 37.32495
  vertex 93.481705 -1098.9257 35.32495
 endloop
endfacet
facet normal -0.42223176 -0.90648794 -1.6106864e-06
 outer loop
  vertex 93.481705 -1098.9257 35.32495
  vertex 93.4817 -1098.9257 37.32495
  vertex 92.72169 -1098.5717 37.32495
 endloop
endfacet
facet normal -0.42223176 -0.90648794 -1.6106864e-06
 outer loop
  vertex 93.481705 -1098.9257 35.32495
  vertex 92.72169 -1098.5717 37.32495
  vertex 92.721695 -1098.5717 35.32495
 endloop
endfacet
facet normal -0.5735991 -0.8191362 -2.188107e-06
 outer loop
  vertex 92.721695 -1098.5717 35.32495
  vertex 92.72169 -1098.5717 37.32495
  vertex 92.034676 -1098.0906 37.32495
 endloop
endfacet
facet normal -0.5735991 -0.8191362 -2.188107e-06
 outer loop
  vertex 92.721695 -1098.5717 35.32495
  vertex 92.034676 -1098.0906 37.32495
  vertex 92.03468 -1098.0906 35.32495
 endloop
endfacet
facet normal -0.707034 -0.70717955 -2.6971206e-06
 outer loop
  vertex 92.03468 -1098.0906 35.32495
  vertex 92.034676 -1098.0906 37.32495
  vertex 91.44166 -1097.4977 37.32495
 endloop
endfacet
facet normal -0.707034 -0.70717955 -2.6971206e-06
 outer loop
  vertex 92.03468 -1098.0906 35.32495
  vertex 91.44166 -1097.4977 37.32495
  vertex 91.441666 -1097.4977 35.32495
 endloop
endfacet
facet normal -0.81920886 -0.5734953 -3.1250338e-06
 outer loop
  vertex 91.441666 -1097.4977 35.32495
  vertex 91.44166 -1097.4977 37.32495
  vertex 90.96071 -1096.8107 37.32495
 endloop
endfacet
facet normal -0.81920457 -0.5735014 0
 outer loop
  vertex 91.441666 -1097.4977 35.32495
  vertex 90.96071 -1096.8107 37.32495
  vertex 90.96071 -1096.8107 35.32495
 endloop
endfacet
facet normal -0.90648794 -0.42223176 -0
 outer loop
  vertex 90.96071 -1096.8107 35.32495
  vertex 90.96071 -1096.8107 37.32495
  vertex 90.606705 -1096.0507 37.32495
 endloop
endfacet
facet normal -0.90648794 -0.42223176 0
 outer loop
  vertex 90.96071 -1096.8107 35.32495
  vertex 90.606705 -1096.0507 37.32495
  vertex 90.606705 -1096.0507 35.32495
 endloop
endfacet
facet normal -0.96592987 -0.258804 -0
 outer loop
  vertex 90.606705 -1096.0507 35.32495
  vertex 90.606705 -1096.0507 37.32495
  vertex 90.38966 -1095.2406 37.32495
 endloop
endfacet
facet normal -0.96592987 -0.258804 0
 outer loop
  vertex 90.606705 -1096.0507 35.32495
  vertex 90.38966 -1095.2406 37.32495
  vertex 90.38966 -1095.2406 35.32495
 endloop
endfacet
facet normal -0.9962 -0.08709468 -0
 outer loop
  vertex 90.38966 -1095.2406 35.32495
  vertex 90.38966 -1095.2406 37.32495
  vertex 90.316666 -1094.4056 37.32495
 endloop
endfacet
facet normal -0.9962 -0.08709468 0
 outer loop
  vertex 90.38966 -1095.2406 35.32495
  vertex 90.316666 -1094.4056 37.32495
  vertex 90.316666 -1094.4056 35.32495
 endloop
endfacet
facet normal -0.9962 0.08709468 0
 outer loop
  vertex 90.316666 -1094.4056 35.32495
  vertex 90.316666 -1094.4056 37.32495
  vertex 90.38966 -1093.5707 37.32495
 endloop
endfacet
facet normal -0.9962 0.08709468 0
 outer loop
  vertex 90.316666 -1094.4056 35.32495
  vertex 90.38966 -1093.5707 37.32495
  vertex 90.38966 -1093.5707 35.32495
 endloop
endfacet
facet normal -0.96592987 0.258804 0
 outer loop
  vertex 90.38966 -1093.5707 35.32495
  vertex 90.38966 -1093.5707 37.32495
  vertex 90.606705 -1092.7606 37.32495
 endloop
endfacet
facet normal -0.96592987 0.258804 0
 outer loop
  vertex 90.38966 -1093.5707 35.32495
  vertex 90.606705 -1092.7606 37.32495
  vertex 90.606705 -1092.7606 35.32495
 endloop
endfacet
facet normal -0.90648794 0.42223176 0
 outer loop
  vertex 90.606705 -1092.7606 35.32495
  vertex 90.606705 -1092.7606 37.32495
  vertex 90.96071 -1092.0006 37.32495
 endloop
endfacet
facet normal -0.90648794 0.42223176 0
 outer loop
  vertex 90.606705 -1092.7606 35.32495
  vertex 90.96071 -1092.0006 37.32495
  vertex 90.96071 -1092.0006 35.32495
 endloop
endfacet
facet normal -0.81920457 0.5735014 0
 outer loop
  vertex 90.96071 -1092.0006 35.32495
  vertex 90.96071 -1092.0006 37.32495
  vertex 91.441666 -1091.3136 37.32495
 endloop
endfacet
facet normal -0.81920457 0.5735014 0
 outer loop
  vertex 90.96071 -1092.0006 35.32495
  vertex 91.441666 -1091.3136 37.32495
  vertex 91.441666 -1091.3136 35.32495
 endloop
endfacet
facet normal -0.70710677 0.70710677 0
 outer loop
  vertex 91.441666 -1091.3136 35.32495
  vertex 91.441666 -1091.3136 37.32495
  vertex 92.03468 -1090.7206 37.32495
 endloop
endfacet
facet normal -0.70710677 0.70710677 0
 outer loop
  vertex 91.441666 -1091.3136 35.32495
  vertex 92.03468 -1090.7206 37.32495
  vertex 92.03468 -1090.7206 35.32495
 endloop
endfacet
facet normal -0.5735014 0.81920457 0
 outer loop
  vertex 92.03468 -1090.7206 35.32495
  vertex 92.03468 -1090.7206 37.32495
  vertex 92.721695 -1090.2396 37.32495
 endloop
endfacet
facet normal -0.5735014 0.81920457 0
 outer loop
  vertex 92.03468 -1090.7206 35.32495
  vertex 92.721695 -1090.2396 37.32495
  vertex 92.721695 -1090.2396 35.32495
 endloop
endfacet
facet normal -0.42223176 0.90648794 0
 outer loop
  vertex 92.721695 -1090.2396 35.32495
  vertex 92.721695 -1090.2396 37.32495
  vertex 93.481705 -1089.8856 37.32495
 endloop
endfacet
facet normal -0.42223176 0.90648794 0
 outer loop
  vertex 92.721695 -1090.2396 35.32495
  vertex 93.481705 -1089.8856 37.32495
  vertex 93.481705 -1089.8856 35.32495
 endloop
endfacet
facet normal -0.25913188 0.96584195 0
 outer loop
  vertex 93.481705 -1089.8856 35.32495
  vertex 93.481705 -1089.8856 37.32495
  vertex 94.290665 -1089.6686 37.32495
 endloop
endfacet
facet normal -0.25913188 0.96584195 0
 outer loop
  vertex 93.481705 -1089.8856 35.32495
  vertex 94.290665 -1089.6686 37.32495
  vertex 94.290665 -1089.6686 35.32495
 endloop
endfacet
facet normal -0.0869811 0.99621 0
 outer loop
  vertex 94.290665 -1089.6686 35.32495
  vertex 94.290665 -1089.6686 37.32495
  vertex 95.126724 -1089.5956 37.32495
 endloop
endfacet
facet normal -0.0869811 0.99621 0
 outer loop
  vertex 94.290665 -1089.6686 35.32495
  vertex 95.126724 -1089.5956 37.32495
  vertex 95.126724 -1089.5956 35.32495
 endloop
endfacet
facet normal 0.08709468 0.9962 0
 outer loop
  vertex 95.126724 -1089.5956 35.32495
  vertex 95.126724 -1089.5956 37.32495
  vertex 95.961685 -1089.6686 37.32495
 endloop
endfacet
facet normal 0.08709468 0.9962 -0
 outer loop
  vertex 95.126724 -1089.5956 35.32495
  vertex 95.961685 -1089.6686 37.32495
  vertex 95.961685 -1089.6686 35.32495
 endloop
endfacet
facet normal 0.258804 0.96592987 0
 outer loop
  vertex 95.961685 -1089.6686 35.32495
  vertex 95.961685 -1089.6686 37.32495
  vertex 96.77174 -1089.8856 37.32495
 endloop
endfacet
facet normal 0.258804 0.96592987 -0
 outer loop
  vertex 95.961685 -1089.6686 35.32495
  vertex 96.77174 -1089.8856 37.32495
  vertex 96.77174 -1089.8856 35.32495
 endloop
endfacet
facet normal 0.42223176 0.90648794 0
 outer loop
  vertex 96.77174 -1089.8856 35.32495
  vertex 96.77174 -1089.8856 37.32495
  vertex 97.53175 -1090.2396 37.32495
 endloop
endfacet
facet normal 0.42223176 0.90648794 -0
 outer loop
  vertex 96.77174 -1089.8856 35.32495
  vertex 97.53175 -1090.2396 37.32495
  vertex 97.53175 -1090.2396 35.32495
 endloop
endfacet
facet normal 0.5735014 0.81920457 0
 outer loop
  vertex 97.53175 -1090.2396 35.32495
  vertex 97.53175 -1090.2396 37.32495
  vertex 98.218765 -1090.7206 37.32495
 endloop
endfacet
facet normal 0.5735014 0.81920457 -0
 outer loop
  vertex 97.53175 -1090.2396 35.32495
  vertex 98.218765 -1090.7206 37.32495
  vertex 98.218765 -1090.7206 35.32495
 endloop
endfacet
facet normal 0.7077621 0.7064509 0
 outer loop
  vertex 98.218765 -1090.7206 35.32495
  vertex 98.218765 -1090.7206 37.32495
  vertex 98.810684 -1091.3136 37.32495
 endloop
endfacet
facet normal 0.7077621 0.7064509 -0
 outer loop
  vertex 98.218765 -1090.7206 35.32495
  vertex 98.810684 -1091.3136 37.32495
  vertex 98.810684 -1091.3136 35.32495
 endloop
endfacet
facet normal 0.8191362 0.5735991 0
 outer loop
  vertex 98.810684 -1091.3136 35.32495
  vertex 98.810684 -1091.3136 37.32495
  vertex 99.29176 -1092.0006 37.32495
 endloop
endfacet
facet normal 0.8191362 0.5735991 -0
 outer loop
  vertex 98.810684 -1091.3136 35.32495
  vertex 99.29176 -1092.0006 37.32495
  vertex 99.29176 -1092.0006 35.32495
 endloop
endfacet
facet normal 0.9060418 0.42318818 0
 outer loop
  vertex 99.29176 -1092.0006 35.32495
  vertex 99.29176 -1092.0006 37.32495
  vertex 99.64674 -1092.7606 37.32495
 endloop
endfacet
facet normal 0.9060418 0.42318818 -0
 outer loop
  vertex 99.29176 -1092.0006 35.32495
  vertex 99.64674 -1092.7606 37.32495
  vertex 99.64674 -1092.7606 35.32495
 endloop
endfacet
facet normal 0.9659663 0.25866818 0
 outer loop
  vertex 99.64674 -1092.7606 35.32495
  vertex 99.64674 -1092.7606 37.32495
  vertex 99.86366 -1093.5707 37.32495
 endloop
endfacet
facet normal 0.9659663 0.25866818 -0
 outer loop
  vertex 99.64674 -1092.7606 35.32495
  vertex 99.86366 -1093.5707 37.32495
  vertex 99.86366 -1093.5707 35.32495
 endloop
endfacet
facet normal 0.9962 0.08709468 0
 outer loop
  vertex 99.86366 -1093.5707 35.32495
  vertex 99.86366 -1093.5707 37.32495
  vertex 99.93666 -1094.4056 37.32495
 endloop
endfacet
facet normal 0.9962 0.08709468 -0
 outer loop
  vertex 99.86366 -1093.5707 35.32495
  vertex 99.93666 -1094.4056 37.32495
  vertex 99.93666 -1094.4056 35.32495
 endloop
endfacet
facet normal 0.9962 -0.08709468 0
 outer loop
  vertex 99.93666 -1094.4056 35.32495
  vertex 99.93666 -1094.4056 37.32495
  vertex 99.86366 -1095.2406 37.32495
 endloop
endfacet
facet normal -4.674875e-08 0 1
 outer loop
  vertex 74.72669 -1115.1556 32.32495
  vertex 156.32668 -1115.1556 32.324955
  vertex 74.72669 -1114.6556 32.32495
 endloop
endfacet
facet normal -4.674875e-08 0 1
 outer loop
  vertex 74.72669 -1114.6556 32.32495
  vertex 156.32668 -1115.1556 32.324955
  vertex 156.32668 -1114.6556 32.324955
 endloop
endfacet
facet normal -5.609849e-08 0 1
 outer loop
  vertex 142.7267 -1087.1556 32.324955
  vertex 74.7267 -1087.1556 32.32495
  vertex 142.7267 -1087.6556 32.324955
 endloop
endfacet
facet normal -5.609849e-08 0 1
 outer loop
  vertex 142.7267 -1087.6556 32.324955
  vertex 74.7267 -1087.1556 32.32495
  vertex 74.7267 -1087.6556 32.32495
 endloop
endfacet
endsolid 
